{"type":"FeatureCollection", "features": [
{"type":"Feature","geometry":{"type":"Polygon","coordinates":[[[-6.9317,38.2083],[-6.935,38.2003],[-6.9414,38.1941],[-6.9534,38.1865],[-6.9615,38.1769],[-6.9654,38.168],[-6.968,38.1675],[-6.9686,38.1597],[-6.9612,38.1558],[-6.9524,38.1536],[-6.9585,38.1507],[-6.9582,38.1455],[-6.9612,38.1415],[-6.9575,38.138],[-6.9611,38.1328],[-6.9661,38.1338],[-6.965,38.1278],[-6.9724,38.1148],[-6.9709,38.1106],[-6.9819,38.1031],[-6.9874,38.1039],[-6.9898,38.0921],[-6.9897,38.0851],[-6.9876,38.0746],[-6.991,38.0642],[-6.9903,38.055],[-7.0001,38.0494],[-7.0026,38.0439],[-6.9991,38.035],[-7.003,38.0301],[-7.0023,38.0229],[-7.0077,38.0209],[-7.0175,38.0217],[-7.0247,38.025],[-7.0309,38.0224],[-7.0388,38.0173],[-7.0461,38.0149],[-7.0473,38.0174],[-7.0634,38.0197],[-7.062,38.0259],[-7.0713,38.034],[-7.0817,38.0349],[-7.0901,38.0382],[-7.0988,38.0438],[-7.1092,38.0376],[-7.1143,38.0372],[-7.1162,38.0318],[-7.1217,38.0325],[-7.1283,38.0296],[-7.125,38.0252],[-7.1278,38.0199],[-7.1291,38.0108],[-7.1234,38.008],[-7.1292,38.0015],[-7.1369,37.9991],[-7.1454,38.0027],[-7.156,37.9939],[-7.165,37.996],[-7.1712,37.9936],[-7.1774,37.9983],[-7.1832,37.997],[-7.1864,38.0024],[-7.1917,38.0012],[-7.2022,38.0035],[-7.2063,38.001],[-7.206,37.9977],[-7.2165,37.9957],[-7.2228,37.9899],[-7.2435,37.992],[-7.2482,37.99],[-7.2493,37.9865],[-7.2591,37.9814],[-7.2628,37.9774],[-7.25,37.967],[-7.252,37.9599],[-7.2486,37.9542],[-7.2512,37.9488],[-7.2549,37.9454],[-7.2525,37.9423],[-7.2544,37.9363],[-7.2578,37.9317],[-7.2551,37.9253],[-7.2679,37.912],[-7.2694,37.9065],[-7.2733,37.9051],[-7.2742,37.8988],[-7.2811,37.8985],[-7.2826,37.889],[-7.2795,37.8767],[-7.2835,37.8691],[-7.2891,37.8617],[-7.2975,37.8568],[-7.3033,37.8395],[-7.3097,37.8365],[-7.3157,37.827],[-7.3204,37.8233],[-7.321,37.8195],[-7.3275,37.814],[-7.3336,37.8122],[-7.3414,37.8067],[-7.347,37.8052],[-7.3491,37.8023],[-7.3563,37.7992],[-7.3605,37.7937],[-7.3663,37.7925],[-7.3704,37.7858],[-7.3791,37.7821],[-7.3821,37.7753],[-7.3925,37.7698],[-7.3951,37.7655],[-7.3991,37.7643],[-7.4029,37.7669],[-7.4094,37.7638],[-7.4146,37.7592],[-7.4214,37.7587],[-7.4226,37.7555],[-7.4183,37.7467],[-7.4199,37.7434],[-7.4269,37.7417],[-7.429,37.7384],[-7.4263,37.7338],[-7.4301,37.7262],[-7.4314,37.7206],[-7.435,37.7195],[-7.4401,37.7058],[-7.4392,37.7011],[-7.4447,37.7014],[-7.4476,37.6979],[-7.4436,37.6885],[-7.4488,37.6806],[-7.4526,37.6778],[-7.4477,37.6733],[-7.4449,37.6641],[-7.4532,37.6633],[-7.4514,37.6584],[-7.4544,37.6551],[-7.4537,37.6472],[-7.4557,37.6457],[-7.4652,37.6498],[-7.4637,37.6422],[-7.4662,37.6376],[-7.4704,37.6362],[-7.4713,37.6241],[-7.4798,37.6252],[-7.4826,37.6234],[-7.4802,37.6188],[-7.4865,37.6115],[-7.4883,37.6046],[-7.4958,37.6065],[-7.5037,37.6047],[-7.5004,37.5973],[-7.4965,37.594],[-7.5017,37.5853],[-7.5023,37.5774],[-7.5069,37.5765],[-7.5159,37.5694],[-7.5139,37.5659],[-7.5069,37.5651],[-7.5067,37.5576],[-7.5122,37.5602],[-7.519,37.5596],[-7.523,37.5536],[-7.5197,37.5468],[-7.5149,37.5423],[-7.5122,37.5371],[-7.5124,37.5261],[-7.509,37.5232],[-7.5019,37.5221],[-7.4943,37.5233],[-7.4903,37.5184],[-7.4912,37.5114],[-7.4896,37.5062],[-7.4828,37.4968],[-7.4719,37.4938],[-7.4668,37.491],[-7.4635,37.4859],[-7.4681,37.4808],[-7.4696,37.4717],[-7.4662,37.4623],[-7.4584,37.4548],[-7.4567,37.4484],[-7.4594,37.4375],[-7.4576,37.4292],[-7.454,37.4253],[-7.4457,37.4199],[-7.4479,37.4155],[-7.4594,37.4141],[-7.4624,37.412],[-7.4619,37.4074],[-7.4512,37.4022],[-7.4466,37.3989],[-7.4405,37.391],[-7.4368,37.3681],[-7.4367,37.359],[-7.4388,37.354],[-7.4447,37.3474],[-7.4441,37.3395],[-7.44,37.3316],[-7.4394,37.3232],[-7.442,37.316],[-7.4411,37.3073],[-7.4364,37.2991],[-7.4341,37.2895],[-7.4246,37.2786],[-7.4217,37.2738],[-7.423,37.27],[-7.4323,37.2593],[-7.433,37.2481],[-7.431,37.2452],[-7.422,37.2406],[-7.4183,37.2358],[-7.4126,37.2215],[-7.4135,37.2105],[-7.4111,37.2032],[-7.408,37.1835],[-7.4031,37.1744],[-7.3948,37.1767],[-7.3806,37.1716],[-7.3727,37.1704],[-7.3675,37.1732],[-7.3599,37.1752],[-7.3547,37.1746],[-7.3387,37.1811],[-7.3301,37.1835],[-7.3309,37.1867],[-7.3014,37.196],[-7.2902,37.1986],[-7.2709,37.2018],[-7.2166,37.2041],[-7.1923,37.2059],[-7.167,37.2062],[-7.1457,37.2079],[-7.1295,37.2074],[-7.102,37.2073],[-7.074,37.2058],[-7.0685,37.2065],[-7.0597,37.2108],[-7.0435,37.2074],[-7.0171,37.1997],[-6.9771,37.181],[-6.9513,37.1695],[-6.9445,37.1704],[-6.9336,37.1634],[-6.8971,37.1475],[-6.8797,37.1413],[-6.8522,37.129],[-6.8526,37.1317],[-6.8741,37.1415],[-6.8774,37.1409],[-6.8896,37.1464],[-6.8987,37.1519],[-6.9035,37.1564],[-6.9064,37.1563],[-6.9159,37.1633],[-6.9174,37.1679],[-6.9215,37.1702],[-6.9167,37.1763],[-6.9119,37.1724],[-6.8988,37.1645],[-6.8953,37.1603],[-6.8743,37.1483],[-6.8348,37.1356],[-6.8285,37.1318],[-6.8304,37.1285],[-6.8129,37.1265],[-6.8037,37.1238],[-6.7913,37.119],[-6.7562,37.1032],[-6.7286,37.0894],[-6.7154,37.0835],[-6.6831,37.0664],[-6.6667,37.0589],[-6.6433,37.046],[-6.623,37.0356],[-6.6154,37.0323],[-6.5906,37.0193],[-6.5635,37.0031],[-6.551,36.9948],[-6.5219,36.9772],[-6.5079,36.9667],[-6.4986,36.9589],[-6.4885,36.9487],[-6.4621,36.9238],[-6.4493,36.9078],[-6.4428,36.8982],[-6.4223,36.859],[-6.409,36.8327],[-6.4051,36.8231],[-6.3972,36.8073],[-6.3891,36.8013],[-6.3796,36.7973],[-6.3713,36.7951],[-6.361,36.7968],[-6.3527,36.7964],[-6.3474,36.7987],[-6.3439,36.7973],[-6.3442,36.7927],[-6.3535,36.7895],[-6.3675,36.7798],[-6.3728,36.7775],[-6.3894,36.766],[-6.3987,36.7612],[-6.4086,36.761],[-6.4133,36.7521],[-6.4201,36.7454],[-6.4261,36.7441],[-6.433,36.7453],[-6.4352,36.7424],[-6.4427,36.7377],[-6.4399,36.7301],[-6.4399,36.7202],[-6.4347,36.7121],[-6.4328,36.7069],[-6.4275,36.7006],[-6.4219,36.6888],[-6.4172,36.6838],[-6.4048,36.6628],[-6.399,36.6593],[-6.3946,36.6488],[-6.3929,36.6394],[-6.3943,36.6344],[-6.3866,36.628],[-6.3626,36.6185],[-6.3582,36.6153],[-6.354,36.6182],[-6.3544,36.6216],[-6.35,36.6245],[-6.3406,36.6261],[-6.3355,36.6246],[-6.3263,36.6248],[-6.3158,36.6228],[-6.3093,36.6162],[-6.3016,36.6183],[-6.2883,36.6117],[-6.2798,36.6037],[-6.2717,36.5911],[-6.2695,36.5842],[-6.2659,36.5799],[-6.2526,36.5815],[-6.2458,36.5851],[-6.238,36.5833],[-6.2378,36.5792],[-6.2321,36.5809],[-6.2263,36.5756],[-6.2239,36.5684],[-6.226,36.5508],[-6.2323,36.5313],[-6.2359,36.5258],[-6.241,36.5284],[-6.2557,36.529],[-6.2558,36.5206],[-6.249,36.5182],[-6.2489,36.513],[-6.2456,36.509],[-6.2319,36.5037],[-6.2189,36.51],[-6.2092,36.509],[-6.2006,36.5197],[-6.1965,36.5266],[-6.1846,36.5252],[-6.1732,36.5214],[-6.1714,36.5153],[-6.1736,36.5097],[-6.1809,36.5077],[-6.1857,36.5024],[-6.1912,36.4996],[-6.1929,36.4965],[-6.1907,36.4924],[-6.1937,36.4867],[-6.2014,36.4852],[-6.2077,36.48],[-6.2133,36.4806],[-6.2113,36.4743],[-6.2123,36.4704],[-6.2203,36.4662],[-6.2278,36.4664],[-6.2298,36.4626],[-6.247,36.4654],[-6.2539,36.4683],[-6.2576,36.4731],[-6.2667,36.4891],[-6.2622,36.4914],[-6.2603,36.4997],[-6.2614,36.5054],[-6.2693,36.5094],[-6.2757,36.5237],[-6.2811,36.5289],[-6.292,36.5335],[-6.2857,36.5389],[-6.2866,36.5431],[-6.2961,36.5366],[-6.2993,36.5384],[-6.3051,36.5367],[-6.3086,36.5325],[-6.3052,36.5276],[-6.2969,36.5288],[-6.289,36.5237],[-6.2868,36.516],[-6.2696,36.4908],[-6.2655,36.4822],[-6.2592,36.4728],[-6.2538,36.4609],[-6.2493,36.4483],[-6.2372,36.4397],[-6.2336,36.4348],[-6.2308,36.4269],[-6.2257,36.4187],[-6.219,36.4032],[-6.2188,36.3928],[-6.2137,36.3898],[-6.2008,36.3786],[-6.1876,36.3729],[-6.1822,36.3686],[-6.1741,36.3566],[-6.1674,36.3447],[-6.1632,36.3322],[-6.1567,36.3196],[-6.151,36.3064],[-6.1419,36.2954],[-6.131,36.2967],[-6.1136,36.2934],[-6.1028,36.2841],[-6.0886,36.2652],[-6.0801,36.2447],[-6.0717,36.2314],[-6.0689,36.2285],[-6.0585,36.2111],[-6.0519,36.2012],[-6.047,36.1995],[-6.0405,36.1925],[-6.0343,36.181],[-6.0303,36.1818],[-6.0261,36.1863],[-6.015,36.1848],[-6.0105,36.1852],[-6.0062,36.1826],[-5.9857,36.1771],[-5.9743,36.1774],[-5.9601,36.1809],[-5.9447,36.1866],[-5.9342,36.1833],[-5.9322,36.1865],[-5.9153,36.1849],[-5.8999,36.1758],[-5.8917,36.1692],[-5.8825,36.1638],[-5.8733,36.1569],[-5.8574,36.1429],[-5.8488,36.1345],[-5.8391,36.1236],[-5.8255,36.1042],[-5.8184,36.1008],[-5.8118,36.0905],[-5.8067,36.0895],[-5.7999,36.0801],[-5.796,36.0779],[-5.7871,36.0818],[-5.7844,36.087],[-5.7809,36.0882],[-5.7723,36.0868],[-5.766,36.0832],[-5.7498,36.0707],[-5.7445,36.0703],[-5.7339,36.0671],[-5.7203,36.06],[-5.7114,36.0586],[-5.6997,36.0626],[-5.6953,36.0666],[-5.6893,36.0674],[-5.685,36.0661],[-5.6706,36.0578],[-5.6599,36.056],[-5.6503,36.052],[-5.6371,36.0422],[-5.6247,36.0297],[-5.6113,36.0132],[-5.6056,36.0103],[-5.5968,36.0121],[-5.5879,36.0119],[-5.5742,36.0151],[-5.5534,36.0234],[-5.5384,36.0318],[-5.5165,36.0376],[-5.5141,36.0401],[-5.5036,36.0438],[-5.4971,36.0489],[-5.4869,36.0543],[-5.4836,36.0545],[-5.4715,36.0507],[-5.4646,36.0503],[-5.4585,36.054],[-5.4514,36.0555],[-5.4473,36.0582],[-5.4434,36.0651],[-5.4366,36.0691],[-5.4308,36.0709],[-5.4262,36.0766],[-5.4266,36.083],[-5.4358,36.0861],[-5.4406,36.086],[-5.4435,36.0895],[-5.4433,36.094],[-5.4402,36.1029],[-5.4347,36.1063],[-5.4416,36.1213],[-5.433,36.1202],[-5.4225,36.1205],[-5.4228,36.1328],[-5.4307,36.133],[-5.4319,36.128],[-5.4375,36.1304],[-5.4362,36.1349],[-5.4356,36.1483],[-5.4414,36.1467],[-5.4419,36.1371],[-5.4468,36.1379],[-5.4461,36.1457],[-5.4429,36.1585],[-5.4336,36.1702],[-5.4265,36.176],[-5.4089,36.1814],[-5.4031,36.18],[-5.3949,36.181],[-5.384,36.1797],[-5.3816,36.1783],[-5.3755,36.1659],[-5.3708,36.1693],[-5.359,36.1636],[-5.3551,36.1598],[-5.3516,36.1525],[-5.3389,36.1535],[-5.3357,36.1764],[-5.331,36.1913],[-5.3209,36.2199],[-5.3174,36.2286],[-5.3107,36.2383],[-5.3046,36.244],[-5.3,36.2433],[-5.2963,36.2461],[-5.2891,36.2599],[-5.2849,36.2699],[-5.2744,36.2865],[-5.2768,36.2886],[-5.2714,36.2937],[-5.2691,36.2991],[-5.2571,36.3103],[-5.247,36.311],[-5.2383,36.3319],[-5.2333,36.3473],[-5.2205,36.3747],[-5.2169,36.3793],[-5.2112,36.3797],[-5.2031,36.3907],[-5.199,36.393],[-5.1841,36.4093],[-5.1764,36.4147],[-5.1665,36.4165],[-5.1624,36.4132],[-5.1549,36.415],[-5.1448,36.4236],[-5.1343,36.4281],[-5.1293,36.4275],[-5.1212,36.4287],[-5.1076,36.4344],[-5.1023,36.4386],[-5.0965,36.4408],[-5.0834,36.4498],[-5.0754,36.4519],[-5.0686,36.4518],[-5.06,36.4501],[-5.0513,36.4523],[-5.0397,36.4592],[-5.033,36.4613],[-5.0255,36.4607],[-5.0171,36.4619],[-5.0091,36.459],[-5.0018,36.4627],[-4.977,36.478],[-4.9727,36.4782],[-4.965,36.4826],[-4.9544,36.486],[-4.9433,36.4949],[-4.9351,36.4998],[-4.9277,36.4997],[-4.9122,36.5056],[-4.8985,36.5069],[-4.8841,36.5063],[-4.879,36.5076],[-4.8561,36.5068],[-4.8424,36.5027],[-4.8116,36.4981],[-4.7696,36.4882],[-4.7568,36.4857],[-4.7457,36.4848],[-4.731,36.4867],[-4.7222,36.4864],[-4.7117,36.4873],[-4.7043,36.4904],[-4.6949,36.4902],[-4.6838,36.4992],[-4.6758,36.5035],[-4.6695,36.5035],[-4.6616,36.5067],[-4.654,36.5054],[-4.6475,36.5072],[-4.6384,36.507],[-4.6314,36.5155],[-4.6198,36.5383],[-4.6096,36.5567],[-4.6026,36.5631],[-4.5992,36.5635],[-4.5907,36.5708],[-4.5849,36.5737],[-4.5634,36.5785],[-4.5587,36.5804],[-4.549,36.5809],[-4.5426,36.579],[-4.5339,36.5834],[-4.5258,36.5909],[-4.5188,36.5947],[-4.5102,36.5973],[-4.5037,36.6089],[-4.4818,36.6394],[-4.4622,36.6603],[-4.4545,36.665],[-4.4439,36.6828],[-4.4398,36.692],[-4.4347,36.7001],[-4.4279,36.7068],[-4.4248,36.7017],[-4.4201,36.7014],[-4.4191,36.7079],[-4.4233,36.7121],[-4.4188,36.717],[-4.4018,36.7195],[-4.3965,36.722],[-4.3878,36.7219],[-4.3714,36.7203],[-4.3692,36.7187],[-4.3508,36.7169],[-4.3397,36.7126],[-4.3307,36.7133],[-4.3273,36.7114],[-4.3063,36.714],[-4.2966,36.7127],[-4.294,36.7142],[-4.2828,36.7141],[-4.2626,36.711],[-4.2488,36.7103],[-4.2352,36.7123],[-4.1943,36.7152],[-4.1855,36.7146],[-4.1734,36.716],[-4.1606,36.7199],[-4.1498,36.7204],[-4.1446,36.7218],[-4.1109,36.7249],[-4.1012,36.7285],[-4.0884,36.7412],[-4.0831,36.745],[-4.0725,36.7486],[-4.0659,36.7487],[-4.0505,36.7447],[-4.0379,36.7437],[-4.0329,36.7423],[-4.0249,36.7441],[-4.0094,36.741],[-4.005,36.7411],[-3.9933,36.7381],[-3.9776,36.7317],[-3.9617,36.728],[-3.9577,36.7264],[-3.9455,36.7303],[-3.9203,36.7408],[-3.9132,36.7425],[-3.8965,36.7436],[-3.8875,36.7417],[-3.8797,36.7417],[-3.8631,36.7516],[-3.8486,36.7507],[-3.8452,36.7535],[-3.8351,36.754],[-3.8306,36.7519],[-3.824,36.7527],[-3.8095,36.75],[-3.7988,36.7454],[-3.7921,36.7463],[-3.7857,36.7399],[-3.7767,36.7375],[-3.7673,36.7294],[-3.7627,36.7307],[-3.7623,36.7348],[-3.7545,36.7386],[-3.7488,36.7376],[-3.7357,36.7283],[-3.7357,36.7209],[-3.7291,36.7206],[-3.7259,36.7245],[-3.7268,36.7288],[-3.7187,36.7326],[-3.7095,36.7318],[-3.7036,36.7337],[-3.6945,36.7282],[-3.6916,36.7305],[-3.6832,36.7309],[-3.677,36.7295],[-3.674,36.7309],[-3.6681,36.7389],[-3.6611,36.7457],[-3.6493,36.745],[-3.646,36.743],[-3.6232,36.7412],[-3.6128,36.7436],[-3.6001,36.7435],[-3.5797,36.7234],[-3.5778,36.7234],[-3.5527,36.7147],[-3.5444,36.717],[-3.5361,36.7221],[-3.5259,36.7241],[-3.5138,36.7182],[-3.5082,36.7174],[-3.4953,36.7064],[-3.4827,36.6973],[-3.4745,36.6967],[-3.4681,36.6935],[-3.4614,36.6964],[-3.4378,36.6948],[-3.4286,36.6956],[-3.419,36.6942],[-3.4138,36.702],[-3.4066,36.7023],[-3.4036,36.7071],[-3.3981,36.7054],[-3.3927,36.7073],[-3.3867,36.7116],[-3.3727,36.7123],[-3.3648,36.7144],[-3.3628,36.7179],[-3.3561,36.7223],[-3.348,36.7325],[-3.3389,36.7383],[-3.3289,36.7389],[-3.3226,36.7416],[-3.3161,36.7418],[-3.3053,36.7382],[-3.2946,36.7417],[-3.282,36.7445],[-3.2726,36.7487],[-3.2589,36.7534],[-3.2446,36.7545],[-3.2338,36.7498],[-3.2302,36.7516],[-3.2166,36.7467],[-3.2099,36.7454],[-3.2018,36.7505],[-3.1937,36.7491],[-3.1868,36.7503],[-3.1801,36.7481],[-3.1749,36.749],[-3.1681,36.7445],[-3.1624,36.7442],[-3.1558,36.7474],[-3.1438,36.744],[-3.1335,36.7507],[-3.1168,36.7501],[-3.114,36.751],[-3.0963,36.7486],[-3.0937,36.7476],[-3.0814,36.7474],[-3.0695,36.7461],[-3.0604,36.7473],[-3.0481,36.7466],[-3.0351,36.7477],[-3.0226,36.7472],[-3.0142,36.7445],[-3.008,36.7413],[-2.9945,36.7445],[-2.9872,36.7431],[-2.9779,36.7385],[-2.9664,36.7412],[-2.9561,36.7461],[-2.9389,36.7511],[-2.9267,36.7518],[-2.9191,36.75],[-2.9119,36.7464],[-2.8964,36.7369],[-2.874,36.716],[-2.8575,36.6986],[-2.8451,36.6955],[-2.8327,36.7038],[-2.8207,36.7062],[-2.8156,36.7063],[-2.8065,36.704],[-2.796,36.6994],[-2.7916,36.6986],[-2.7799,36.6884],[-2.7761,36.6882],[-2.7704,36.6829],[-2.7606,36.6803],[-2.7514,36.6814],[-2.743,36.6837],[-2.73,36.6837],[-2.7249,36.6852],[-2.7152,36.6854],[-2.7009,36.683],[-2.6897,36.6887],[-2.6819,36.6901],[-2.6756,36.6937],[-2.6501,36.7003],[-2.6359,36.7123],[-2.629,36.7195],[-2.6196,36.727],[-2.6156,36.7319],[-2.6117,36.7397],[-2.6073,36.7515],[-2.6044,36.7647],[-2.5998,36.7749],[-2.5854,36.7932],[-2.5682,36.8113],[-2.5619,36.8161],[-2.5536,36.8176],[-2.5332,36.8187],[-2.5305,36.8223],[-2.5226,36.8249],[-2.5027,36.8246],[-2.4948,36.8285],[-2.4921,36.8278],[-2.4861,36.8335],[-2.475,36.8368],[-2.4593,36.8312],[-2.4519,36.827],[-2.4335,36.8144],[-2.4265,36.8107],[-2.4235,36.8146],[-2.4101,36.8203],[-2.4025,36.8278],[-2.3906,36.8319],[-2.3707,36.8405],[-2.3615,36.8416],[-2.3528,36.8405],[-2.3391,36.8368],[-2.3306,36.8369],[-2.3186,36.8336],[-2.3073,36.8286],[-2.2962,36.8218],[-2.2909,36.8199],[-2.2701,36.8034],[-2.2584,36.7929],[-2.2415,36.7761],[-2.2287,36.762],[-2.2018,36.7307],[-2.2008,36.7269],[-2.196,36.7264],[-2.1933,36.7232],[-2.1852,36.7206],[-2.1768,36.7242],[-2.1674,36.7224],[-2.1658,36.7251],[-2.1571,36.7298],[-2.1457,36.7306],[-2.1437,36.7294],[-2.1333,36.7299],[-2.1299,36.732],[-2.1221,36.7332],[-2.1189,36.7385],[-2.1217,36.742],[-2.1198,36.7488],[-2.1128,36.7485],[-2.1078,36.7525],[-2.1098,36.7558],[-2.1067,36.7622],[-2.0994,36.7629],[-2.0937,36.765],[-2.0905,36.7628],[-2.0785,36.7688],[-2.0746,36.769],[-2.0719,36.773],[-2.0651,36.7759],[-2.062,36.7832],[-2.0616,36.7903],[-2.0626,36.8032],[-2.0605,36.8091],[-2.0502,36.8166],[-2.0411,36.8189],[-2.0419,36.8221],[-2.036,36.8277],[-2.0285,36.8306],[-2.0254,36.8349],[-2.0163,36.8362],[-2.0086,36.8342],[-2.0037,36.836],[-1.9994,36.8424],[-2.0011,36.8454],[-1.9954,36.8504],[-1.9995,36.8517],[-1.9987,36.8566],[-2.0049,36.8589],[-2.0037,36.8656],[-2.0011,36.8702],[-2.0035,36.8736],[-2.0039,36.8809],[-2.0022,36.8833],[-1.9938,36.887],[-1.9921,36.8937],[-1.9846,36.9006],[-1.9777,36.9029],[-1.9728,36.8983],[-1.9674,36.8988],[-1.9639,36.9077],[-1.959,36.9092],[-1.9597,36.9127],[-1.9536,36.9193],[-1.9544,36.9236],[-1.9513,36.9253],[-1.946,36.9329],[-1.9405,36.9365],[-1.9332,36.9391],[-1.9241,36.9375],[-1.916,36.9341],[-1.9142,36.936],[-1.9064,36.9362],[-1.903,36.9441],[-1.8973,36.95],[-1.8994,36.9596],[-1.9009,36.9734],[-1.9013,36.9856],[-1.8952,36.9946],[-1.8901,36.9951],[-1.888,37.0076],[-1.8832,37.0088],[-1.8777,37.0145],[-1.8787,37.0265],[-1.8766,37.034],[-1.8722,37.0393],[-1.8666,37.0409],[-1.863,37.0453],[-1.862,37.0522],[-1.8569,37.0579],[-1.8499,37.0686],[-1.8495,37.0787],[-1.8502,37.089],[-1.8485,37.0976],[-1.8447,37.1083],[-1.8419,37.1124],[-1.8331,37.1193],[-1.8307,37.1261],[-1.8275,37.1408],[-1.8253,37.1439],[-1.8231,37.1522],[-1.8236,37.1705],[-1.8191,37.1849],[-1.8163,37.1869],[-1.8127,37.1948],[-1.8064,37.214],[-1.7962,37.2316],[-1.7929,37.2342],[-1.7858,37.2341],[-1.7741,37.2416],[-1.7733,37.246],[-1.7648,37.2531],[-1.7584,37.2635],[-1.7486,37.268],[-1.7447,37.2753],[-1.7236,37.2907],[-1.7214,37.2954],[-1.7124,37.3005],[-1.7061,37.3067],[-1.7056,37.3105],[-1.7005,37.3174],[-1.6889,37.3394],[-1.683,37.3466],[-1.6719,37.3568],[-1.6656,37.358],[-1.6508,37.3566],[-1.6485,37.3654],[-1.6425,37.373],[-1.6366,37.3753],[-1.6301,37.3752],[-1.6409,37.3824],[-1.666,37.4009],[-1.6709,37.403],[-1.705,37.421],[-1.7371,37.4426],[-1.7798,37.447],[-1.7963,37.4522],[-1.8118,37.4516],[-1.8086,37.4335],[-1.8451,37.455],[-1.8589,37.4799],[-1.8641,37.4856],[-1.8713,37.4896],[-1.8743,37.4945],[-1.9103,37.5386],[-1.9263,37.5564],[-1.932,37.5644],[-1.9431,37.5747],[-1.9469,37.5808],[-1.9538,37.588],[-1.9553,37.6009],[-1.9651,37.605],[-1.9705,37.6144],[-1.9731,37.615],[-1.9787,37.622],[-1.9817,37.6294],[-1.9815,37.636],[-1.9875,37.6452],[-1.9928,37.6433],[-1.9958,37.6503],[-2.002,37.6556],[-2.0081,37.6698],[-2.0119,37.6725],[-2.0098,37.6868],[-2.0113,37.693],[-2.0104,37.6988],[-2.0127,37.7006],[-2.0079,37.7121],[-2.0077,37.7198],[-1.9993,37.7233],[-1.9958,37.728],[-1.9996,37.7373],[-2.0025,37.7478],[-2.0026,37.7526],[-2.0062,37.77],[-2.0088,37.775],[-2.0039,37.7918],[-2.0017,37.8049],[-1.9965,37.819],[-1.9995,37.8231],[-1.9953,37.8414],[-1.9884,37.8535],[-1.978,37.8598],[-1.9742,37.8685],[-1.9827,37.8739],[-1.9879,37.8735],[-1.9932,37.8795],[-1.9988,37.8758],[-2.0034,37.8765],[-2.0049,37.88],[-2.0198,37.8689],[-2.0281,37.8705],[-2.0426,37.8744],[-2.0479,37.8749],[-2.0506,37.8796],[-2.0586,37.8799],[-2.0801,37.8775],[-2.0888,37.8787],[-2.0973,37.8769],[-2.104,37.881],[-2.1082,37.881],[-2.1096,37.8898],[-2.1184,37.8941],[-2.1226,37.9],[-2.1298,37.9003],[-2.1344,37.8979],[-2.1503,37.8978],[-2.1572,37.8919],[-2.1632,37.893],[-2.1721,37.8887],[-2.1834,37.9002],[-2.1849,37.9037],[-2.1947,37.9098],[-2.2078,37.9162],[-2.2288,37.9256],[-2.2376,37.9282],[-2.2411,37.9315],[-2.2474,37.9342],[-2.2528,37.9391],[-2.2583,37.9496],[-2.2664,37.9528],[-2.2741,37.9595],[-2.2764,37.9599],[-2.2837,37.9694],[-2.2963,37.9878],[-2.2984,37.994],[-2.2984,38.0028],[-2.3033,38.0042],[-2.3093,38.0089],[-2.3231,38.014],[-2.3412,38.0259],[-2.3524,38.0245],[-2.3586,38.0225],[-2.3731,38.0233],[-2.3809,38.0253],[-2.3929,38.0309],[-2.4033,38.0329],[-2.4138,38.0323],[-2.4234,38.0337],[-2.4317,38.0432],[-2.4378,38.0442],[-2.4585,38.0508],[-2.4626,38.0503],[-2.4716,38.0564],[-2.4807,38.0531],[-2.496,38.062],[-2.5044,38.0683],[-2.5217,38.0698],[-2.5303,38.0738],[-2.5393,38.0757],[-2.5468,38.0793],[-2.5513,38.0841],[-2.5429,38.0917],[-2.5394,38.0929],[-2.5378,38.0973],[-2.526,38.1033],[-2.5209,38.1073],[-2.5154,38.1168],[-2.5165,38.1198],[-2.5119,38.1233],[-2.5085,38.129],[-2.4986,38.1317],[-2.4884,38.1441],[-2.4887,38.1457],[-2.4797,38.1536],[-2.4737,38.1564],[-2.473,38.1601],[-2.4685,38.165],[-2.4685,38.1728],[-2.4632,38.1731],[-2.4555,38.18],[-2.4469,38.1843],[-2.4475,38.1908],[-2.4457,38.1998],[-2.4471,38.2076],[-2.4531,38.2107],[-2.4536,38.219],[-2.4498,38.2207],[-2.4429,38.2313],[-2.4426,38.248],[-2.4443,38.2514],[-2.4397,38.2589],[-2.4365,38.2599],[-2.4355,38.2654],[-2.4368,38.2725],[-2.4391,38.2738],[-2.4408,38.2851],[-2.4461,38.2877],[-2.4737,38.2924],[-2.4815,38.2949],[-2.4851,38.3018],[-2.4842,38.3159],[-2.4848,38.3202],[-2.481,38.3245],[-2.479,38.3488],[-2.4858,38.3537],[-2.4924,38.3713],[-2.4879,38.3819],[-2.4816,38.3931],[-2.4834,38.3979],[-2.5088,38.4005],[-2.5143,38.3999],[-2.5204,38.4041],[-2.5349,38.4063],[-2.5461,38.4054],[-2.5501,38.4031],[-2.5582,38.4063],[-2.5613,38.412],[-2.5715,38.4139],[-2.5768,38.4231],[-2.5754,38.4317],[-2.577,38.4343],[-2.569,38.4419],[-2.5704,38.4475],[-2.567,38.4535],[-2.5674,38.4607],[-2.5733,38.4683],[-2.5766,38.4758],[-2.5757,38.4829],[-2.5726,38.4877],[-2.5666,38.4905],[-2.5702,38.4948],[-2.5801,38.5035],[-2.5851,38.5035],[-2.5875,38.5074],[-2.5937,38.5113],[-2.5997,38.5129],[-2.6169,38.5127],[-2.6249,38.5113],[-2.6362,38.5075],[-2.6433,38.5075],[-2.6727,38.4966],[-2.6797,38.4969],[-2.7025,38.5011],[-2.7076,38.5048],[-2.7333,38.5146],[-2.739,38.5222],[-2.7467,38.5253],[-2.7538,38.5259],[-2.7562,38.5295],[-2.7621,38.5328],[-2.7668,38.533],[-2.7742,38.5265],[-2.7708,38.5231],[-2.78,38.5156],[-2.7789,38.5107],[-2.7938,38.5078],[-2.7916,38.5033],[-2.7954,38.5013],[-2.7988,38.5043],[-2.8082,38.5011],[-2.8096,38.4953],[-2.8175,38.4938],[-2.825,38.4878],[-2.8327,38.4852],[-2.8299,38.4786],[-2.8341,38.4773],[-2.8359,38.4828],[-2.8394,38.484],[-2.8445,38.481],[-2.8499,38.4804],[-2.8548,38.4776],[-2.8548,38.4738],[-2.869,38.47],[-2.8702,38.4651],[-2.8792,38.4636],[-2.8801,38.4568],[-2.8898,38.4559],[-2.8965,38.4624],[-2.9017,38.4644],[-2.9058,38.4699],[-2.9112,38.468],[-2.9296,38.4714],[-2.9384,38.4747],[-2.948,38.4699],[-2.9566,38.4686],[-2.9636,38.4715],[-2.967,38.4684],[-2.9688,38.4622],[-2.9769,38.4549],[-2.9892,38.4508],[-2.9926,38.4509],[-2.9963,38.4448],[-2.9934,38.4361],[-2.9945,38.4322],[-2.9922,38.4286],[-2.9968,38.4211],[-2.9971,38.4176],[-3.0013,38.4142],[-3.0054,38.4149],[-3.031,38.4428],[-3.0366,38.4475],[-3.065,38.4782],[-3.0944,38.4622],[-3.1181,38.4487],[-3.1272,38.4426],[-3.1302,38.4388],[-3.1383,38.4386],[-3.1499,38.4401],[-3.18,38.4499],[-3.1914,38.4502],[-3.2096,38.4528],[-3.2187,38.4528],[-3.2511,38.4581],[-3.2576,38.4573],[-3.2625,38.4594],[-3.28,38.4604],[-3.2885,38.4692],[-3.2968,38.4706],[-3.3045,38.4786],[-3.3098,38.4804],[-3.3208,38.48],[-3.3265,38.4821],[-3.349,38.4777],[-3.355,38.4777],[-3.375,38.4752],[-3.3771,38.4668],[-3.3807,38.446],[-3.3761,38.443],[-3.3767,38.4396],[-3.3887,38.434],[-3.4019,38.4239],[-3.4095,38.4241],[-3.4176,38.4149],[-3.423,38.4109],[-3.4248,38.4068],[-3.4332,38.408],[-3.4386,38.4043],[-3.4517,38.4003],[-3.4597,38.4002],[-3.4726,38.398],[-3.4776,38.4015],[-3.4855,38.404],[-3.4954,38.4036],[-3.5059,38.408],[-3.5167,38.4076],[-3.5243,38.4091],[-3.5333,38.4151],[-3.535,38.4233],[-3.5327,38.4263],[-3.5326,38.4341],[-3.5352,38.4394],[-3.5419,38.4454],[-3.5526,38.4465],[-3.5599,38.45],[-3.5674,38.452],[-3.5781,38.4504],[-3.5831,38.4515],[-3.5864,38.434],[-3.5857,38.4317],[-3.5858,38.4056],[-3.5982,38.3985],[-3.6029,38.3988],[-3.6145,38.3948],[-3.6205,38.394],[-3.6442,38.4019],[-3.6469,38.4042],[-3.6993,38.4129],[-3.7079,38.4154],[-3.73,38.4244],[-3.7391,38.4138],[-3.7649,38.4244],[-3.7856,38.4253],[-3.8012,38.42],[-3.8079,38.4218],[-3.8164,38.4192],[-3.8177,38.4159],[-3.8243,38.4163],[-3.8301,38.4128],[-3.8326,38.3997],[-3.8306,38.3929],[-3.8381,38.3858],[-3.8454,38.3818],[-3.8543,38.3751],[-3.8599,38.3733],[-3.8641,38.3764],[-3.8742,38.377],[-3.8803,38.375],[-3.889,38.3743],[-3.8964,38.3717],[-3.906,38.3717],[-3.9118,38.3693],[-3.935,38.3687],[-3.9432,38.3672],[-3.9502,38.369],[-3.9619,38.3661],[-3.9804,38.3677],[-3.9895,38.3698],[-3.996,38.3699],[-4,38.3678],[-4.0064,38.3681],[-4.0159,38.3723],[-4.0274,38.3751],[-4.068,38.3797],[-4.078,38.3772],[-4.0864,38.3767],[-4.0949,38.3806],[-4.1013,38.3806],[-4.1119,38.3823],[-4.1131,38.3797],[-4.1285,38.3795],[-4.1335,38.3844],[-4.1449,38.3864],[-4.1566,38.3813],[-4.1607,38.3827],[-4.1751,38.3844],[-4.1885,38.3898],[-4.1984,38.3911],[-4.222,38.3972],[-4.2474,38.3984],[-4.253,38.4012],[-4.2676,38.3984],[-4.2716,38.3932],[-4.2768,38.3902],[-4.2761,38.3843],[-4.2786,38.3771],[-4.2745,38.3722],[-4.2705,38.3577],[-4.2689,38.3472],[-4.2755,38.3487],[-4.2839,38.3441],[-4.2886,38.3435],[-4.2904,38.3476],[-4.2959,38.3501],[-4.3021,38.3502],[-4.3093,38.3527],[-4.3109,38.357],[-4.3174,38.357],[-4.3196,38.3615],[-4.326,38.3632],[-4.3323,38.361],[-4.3339,38.3653],[-4.354,38.3717],[-4.3591,38.3744],[-4.3686,38.3768],[-4.3841,38.3822],[-4.3881,38.3855],[-4.395,38.3872],[-4.4064,38.3831],[-4.4097,38.3849],[-4.415,38.3929],[-4.4206,38.3959],[-4.4295,38.396],[-4.4352,38.4022],[-4.4525,38.4007],[-4.4563,38.4065],[-4.4626,38.411],[-4.4642,38.4164],[-4.4713,38.426],[-4.4839,38.4336],[-4.4872,38.4396],[-4.4944,38.4404],[-4.5002,38.445],[-4.5044,38.4517],[-4.5056,38.4569],[-4.5127,38.4639],[-4.5207,38.4626],[-4.5259,38.4642],[-4.5353,38.47],[-4.5395,38.4799],[-4.5443,38.4816],[-4.5492,38.478],[-4.5574,38.4765],[-4.5595,38.4824],[-4.5639,38.4852],[-4.5658,38.4908],[-4.5718,38.4875],[-4.5757,38.4927],[-4.5844,38.4932],[-4.5882,38.4867],[-4.5941,38.4866],[-4.5981,38.491],[-4.609,38.495],[-4.6112,38.5002],[-4.619,38.5082],[-4.6188,38.5123],[-4.6215,38.5174],[-4.6204,38.5211],[-4.6243,38.5241],[-4.6333,38.5251],[-4.6399,38.5318],[-4.6503,38.5354],[-4.6583,38.5404],[-4.666,38.5477],[-4.6786,38.5466],[-4.6941,38.549],[-4.7019,38.552],[-4.7054,38.5565],[-4.7011,38.5624],[-4.7058,38.5657],[-4.7054,38.5707],[-4.7084,38.5724],[-4.7193,38.571],[-4.7385,38.5774],[-4.7474,38.5797],[-4.7552,38.5855],[-4.7685,38.5867],[-4.7793,38.5933],[-4.7901,38.5972],[-4.8004,38.5949],[-4.8163,38.5953],[-4.8227,38.5971],[-4.8301,38.6043],[-4.8352,38.6075],[-4.8515,38.6129],[-4.8602,38.614],[-4.865,38.6221],[-4.8673,38.6328],[-4.8641,38.6401],[-4.8682,38.6483],[-4.8671,38.6552],[-4.8676,38.6631],[-4.8709,38.6751],[-4.8689,38.6809],[-4.877,38.6861],[-4.8846,38.6878],[-4.8887,38.6854],[-4.8993,38.6866],[-4.9188,38.6861],[-4.9238,38.682],[-4.9442,38.6818],[-4.9552,38.6834],[-4.9694,38.6865],[-5.0014,38.695],[-5.0004,38.7012],[-5.002,38.7082],[-5.008,38.7152],[-5.0172,38.7189],[-5.0243,38.7261],[-5.0327,38.7254],[-5.0418,38.7287],[-5.0469,38.7291],[-5.0507,38.7263],[-5.0589,38.7243],[-5.0683,38.7176],[-5.0752,38.7169],[-5.0901,38.7115],[-5.0925,38.709],[-5.1008,38.7077],[-5.112,38.7118],[-5.1184,38.716],[-5.1324,38.7153],[-5.1425,38.7138],[-5.1528,38.7163],[-5.1694,38.7131],[-5.1702,38.7166],[-5.1761,38.7183],[-5.1836,38.7184],[-5.1803,38.7123],[-5.1813,38.7066],[-5.1754,38.7003],[-5.1731,38.6879],[-5.1673,38.6805],[-5.168,38.6773],[-5.184,38.6756],[-5.1865,38.6698],[-5.1811,38.6677],[-5.1794,38.6647],[-5.1842,38.6597],[-5.1918,38.6616],[-5.1952,38.6671],[-5.1985,38.6645],[-5.1974,38.6574],[-5.2019,38.6583],[-5.2042,38.6661],[-5.2088,38.6674],[-5.2123,38.656],[-5.2116,38.6524],[-5.2168,38.6485],[-5.2187,38.655],[-5.2238,38.6567],[-5.2223,38.6492],[-5.2294,38.6471],[-5.2366,38.6423],[-5.2375,38.6377],[-5.2445,38.6334],[-5.2547,38.6323],[-5.2544,38.6257],[-5.2699,38.6216],[-5.2734,38.6156],[-5.2803,38.6122],[-5.2871,38.613],[-5.2922,38.6108],[-5.3006,38.599],[-5.3093,38.5944],[-5.3109,38.5902],[-5.3069,38.5862],[-5.3077,38.578],[-5.3121,38.5771],[-5.3238,38.5806],[-5.3289,38.5783],[-5.3357,38.5785],[-5.3459,38.5831],[-5.3566,38.5855],[-5.369,38.5849],[-5.3717,38.5836],[-5.3697,38.5777],[-5.3757,38.5683],[-5.386,38.5668],[-5.3898,38.5622],[-5.3834,38.5574],[-5.3908,38.5549],[-5.3915,38.5489],[-5.3837,38.5437],[-5.3842,38.5394],[-5.3905,38.54],[-5.3962,38.5459],[-5.3997,38.5466],[-5.4066,38.5439],[-5.4046,38.5355],[-5.416,38.5302],[-5.4135,38.5241],[-5.418,38.5182],[-5.4202,38.5124],[-5.425,38.5148],[-5.4294,38.5133],[-5.435,38.5042],[-5.4448,38.5049],[-5.4508,38.498],[-5.4569,38.4994],[-5.4579,38.4952],[-5.4693,38.4845],[-5.4782,38.4847],[-5.4813,38.4778],[-5.4805,38.4742],[-5.4837,38.4667],[-5.4913,38.4664],[-5.4949,38.4591],[-5.5004,38.4593],[-5.5069,38.4574],[-5.512,38.4636],[-5.5188,38.4634],[-5.5223,38.4598],[-5.5309,38.4546],[-5.5535,38.445],[-5.5613,38.4361],[-5.5681,38.4334],[-5.573,38.4269],[-5.5727,38.4233],[-5.5812,38.4045],[-5.5843,38.401],[-5.5851,38.3858],[-5.5774,38.3822],[-5.573,38.3784],[-5.5668,38.3772],[-5.5632,38.372],[-5.5665,38.3683],[-5.5609,38.3646],[-5.5669,38.3625],[-5.5687,38.3566],[-5.5673,38.3513],[-5.5723,38.3419],[-5.5715,38.3384],[-5.5732,38.3315],[-5.5756,38.3291],[-5.5677,38.3235],[-5.5555,38.3177],[-5.5512,38.311],[-5.5528,38.3045],[-5.5446,38.2934],[-5.5445,38.2831],[-5.5414,38.2784],[-5.5375,38.2795],[-5.5376,38.273],[-5.5318,38.27],[-5.526,38.2641],[-5.53,38.2552],[-5.5238,38.2492],[-5.5221,38.2322],[-5.5243,38.2226],[-5.5233,38.2122],[-5.5204,38.2076],[-5.5387,38.2006],[-5.5373,38.1965],[-5.5392,38.1932],[-5.5403,38.185],[-5.5437,38.1849],[-5.5397,38.1776],[-5.5414,38.1739],[-5.54,38.1696],[-5.5358,38.1687],[-5.5397,38.1607],[-5.5485,38.1612],[-5.5568,38.1502],[-5.5619,38.1507],[-5.5673,38.148],[-5.574,38.1507],[-5.5779,38.1482],[-5.5856,38.1404],[-5.5848,38.1317],[-5.6055,38.1339],[-5.6208,38.1368],[-5.6334,38.1381],[-5.6443,38.1293],[-5.646,38.1252],[-5.6605,38.1135],[-5.667,38.1091],[-5.6694,38.1018],[-5.6846,38.0909],[-5.6936,38.0837],[-5.7104,38.081],[-5.7196,38.0851],[-5.7329,38.0875],[-5.736,38.0936],[-5.7341,38.0982],[-5.7341,38.1095],[-5.7355,38.1157],[-5.7407,38.1265],[-5.7388,38.1328],[-5.7308,38.1371],[-5.7198,38.1366],[-5.7148,38.1342],[-5.709,38.1422],[-5.7044,38.1434],[-5.6953,38.1497],[-5.6949,38.1514],[-5.7056,38.1636],[-5.705,38.1664],[-5.695,38.1711],[-5.6861,38.1616],[-5.6888,38.1712],[-5.6875,38.1796],[-5.6886,38.1819],[-5.6979,38.1797],[-5.698,38.185],[-5.7051,38.1851],[-5.7085,38.1883],[-5.7147,38.189],[-5.7232,38.1924],[-5.7282,38.1974],[-5.7326,38.195],[-5.742,38.1938],[-5.7444,38.1901],[-5.7496,38.1878],[-5.7592,38.1807],[-5.7611,38.1828],[-5.771,38.1832],[-5.7753,38.1852],[-5.783,38.1851],[-5.7912,38.1779],[-5.8003,38.1746],[-5.8026,38.178],[-5.8112,38.1782],[-5.8198,38.1746],[-5.824,38.1699],[-5.8379,38.1744],[-5.8465,38.1714],[-5.8515,38.1719],[-5.8558,38.1684],[-5.8566,38.1615],[-5.866,38.1607],[-5.8743,38.1586],[-5.8776,38.1551],[-5.8768,38.1483],[-5.8787,38.1463],[-5.8782,38.1388],[-5.8807,38.1323],[-5.8864,38.1324],[-5.8953,38.1305],[-5.9073,38.124],[-5.9129,38.1227],[-5.9142,38.1176],[-5.9228,38.1073],[-5.9264,38.105],[-5.9283,38.0877],[-5.9232,38.0861],[-5.9108,38.0782],[-5.908,38.0682],[-5.9108,38.0628],[-5.9179,38.0564],[-5.9197,38.0497],[-5.9275,38.0504],[-5.934,38.0472],[-5.937,38.0405],[-5.9329,38.0323],[-5.9371,38.0275],[-5.9365,38.0244],[-5.9406,38.0149],[-5.9446,38.0113],[-5.9451,38.007],[-5.9537,37.9953],[-5.9558,37.9984],[-5.9609,37.9997],[-5.9793,37.9994],[-5.9869,37.998],[-5.9947,37.998],[-6.0063,37.9914],[-6.0131,37.9934],[-6.0171,37.9911],[-6.0242,37.9933],[-6.0307,37.9976],[-6.0379,37.9952],[-6.0461,37.9973],[-6.0517,37.9968],[-6.0572,37.9914],[-6.0618,37.9914],[-6.0779,37.9846],[-6.0816,37.9857],[-6.0898,37.9847],[-6.0944,37.9816],[-6.1049,37.9827],[-6.1187,37.9805],[-6.1298,37.9731],[-6.1369,37.972],[-6.1417,37.9664],[-6.1494,37.9657],[-6.1488,37.962],[-6.1517,37.959],[-6.1647,37.9557],[-6.1762,37.9471],[-6.1802,37.941],[-6.1844,37.9444],[-6.1962,37.9491],[-6.1943,37.9551],[-6.2012,37.9619],[-6.2061,37.9594],[-6.2148,37.9615],[-6.2215,37.9595],[-6.2274,37.9598],[-6.2332,37.9579],[-6.2392,37.9589],[-6.246,37.9631],[-6.2462,37.9659],[-6.252,37.9714],[-6.2663,37.9735],[-6.2807,37.9737],[-6.2905,37.977],[-6.3034,37.9782],[-6.3091,37.9852],[-6.3199,37.9903],[-6.3217,37.9934],[-6.3293,37.9983],[-6.3405,37.9998],[-6.347,38.0028],[-6.3549,38.0098],[-6.3591,38.0167],[-6.3582,38.0282],[-6.363,38.0431],[-6.3672,38.0489],[-6.373,38.0497],[-6.3846,38.0481],[-6.3901,38.0484],[-6.4023,38.0525],[-6.4139,38.0586],[-6.4186,38.0592],[-6.4362,38.0575],[-6.4443,38.0596],[-6.4524,38.056],[-6.4436,38.047],[-6.4476,38.0437],[-6.4523,38.0429],[-6.4609,38.0357],[-6.4659,38.0353],[-6.4739,38.0244],[-6.4726,38.0165],[-6.4647,38.0138],[-6.4659,38.0108],[-6.4807,38.0095],[-6.484,38.008],[-6.4917,38.0095],[-6.4956,38.0152],[-6.4947,38.019],[-6.5282,38.0222],[-6.5457,38.0281],[-6.5555,38.0266],[-6.5652,38.027],[-6.5715,38.0241],[-6.5722,38.0202],[-6.5823,38.0208],[-6.5872,38.0268],[-6.5838,38.0342],[-6.5845,38.0442],[-6.5805,38.0528],[-6.5874,38.0591],[-6.5884,38.062],[-6.5943,38.0669],[-6.5995,38.0749],[-6.6042,38.0773],[-6.6074,38.0834],[-6.6125,38.0859],[-6.6221,38.097],[-6.6279,38.0984],[-6.6319,38.0966],[-6.6435,38.0966],[-6.6466,38.091],[-6.6493,38.09],[-6.653,38.0965],[-6.6604,38.0924],[-6.6804,38.0975],[-6.6865,38.0978],[-6.6958,38.0947],[-6.7075,38.0964],[-6.7158,38.0929],[-6.717,38.0999],[-6.7207,38.1004],[-6.7242,38.0969],[-6.729,38.0998],[-6.7343,38.0948],[-6.7332,38.09],[-6.7422,38.0933],[-6.7477,38.0915],[-6.7542,38.0949],[-6.7584,38.0929],[-6.7664,38.1059],[-6.7721,38.1033],[-6.7701,38.1121],[-6.7743,38.1127],[-6.7788,38.1095],[-6.7833,38.1119],[-6.7892,38.1092],[-6.7975,38.1111],[-6.8,38.1148],[-6.8053,38.1115],[-6.8091,38.1117],[-6.8158,38.1201],[-6.8085,38.1355],[-6.7995,38.1438],[-6.7989,38.1552],[-6.7943,38.1599],[-6.7928,38.1729],[-6.7951,38.1785],[-6.8057,38.1787],[-6.8114,38.1761],[-6.8224,38.1738],[-6.8484,38.1772],[-6.8581,38.1799],[-6.8717,38.1866],[-6.8833,38.1935],[-6.8925,38.1954],[-6.9015,38.2013],[-6.9135,38.1998],[-6.9233,38.2006],[-6.9317,38.2083]]]},"properties":{"CodINE":"01","NAMEUNIT":"Andalucía"}},
{"type":"Feature","geometry":{"type":"Polygon","coordinates":[[[-1.1424,39.9718],[-1.137,39.9721],[-1.1299,39.9696],[-1.1269,39.963],[-1.1127,39.9731],[-1.1098,39.969],[-1.105,39.975],[-1.1005,39.9734],[-1.0921,39.9678],[-1.0859,39.9763],[-1.0728,39.9795],[-1.0576,39.9805],[-1.0446,39.9785],[-1.0257,39.9746],[-1.0025,39.9818],[-0.9991,39.9801],[-0.9879,39.9813],[-0.9779,39.9761],[-0.9673,39.974],[-0.9532,39.9673],[-0.9492,39.9673],[-0.9455,39.9634],[-0.9353,39.9602],[-0.9319,39.9561],[-0.9242,39.9598],[-0.9205,39.9644],[-0.916,39.9587],[-0.9172,39.9549],[-0.9103,39.9492],[-0.9049,39.9404],[-0.9027,39.9318],[-0.9076,39.928],[-0.9138,39.918],[-0.9121,39.9101],[-0.9076,39.9004],[-0.9026,39.8968],[-0.9002,39.8918],[-0.9081,39.886],[-0.9086,39.8805],[-0.9126,39.8742],[-0.9102,39.8681],[-0.8886,39.8521],[-0.8793,39.8523],[-0.874,39.8483],[-0.8674,39.8468],[-0.858,39.8505],[-0.8565,39.8555],[-0.8487,39.8572],[-0.839,39.8624],[-0.8281,39.8714],[-0.8143,39.8738],[-0.807,39.8779],[-0.7977,39.8811],[-0.8019,39.8851],[-0.8046,39.8921],[-0.8133,39.8982],[-0.8179,39.8988],[-0.83,39.9068],[-0.8329,39.911],[-0.8334,39.9177],[-0.8376,39.9236],[-0.8368,39.9333],[-0.8398,39.9421],[-0.8463,39.9477],[-0.8442,39.954],[-0.8392,39.9555],[-0.8361,39.9628],[-0.8414,39.9691],[-0.8381,39.9723],[-0.8378,39.9768],[-0.8348,39.9793],[-0.8243,39.9823],[-0.817,39.9822],[-0.8096,39.9856],[-0.8085,39.988],[-0.8001,39.9913],[-0.7902,39.9898],[-0.7795,39.9979],[-0.7754,40.0031],[-0.7678,40.0092],[-0.7648,40.0225],[-0.7654,40.0268],[-0.7629,40.0303],[-0.7623,40.0413],[-0.7536,40.0466],[-0.7481,40.0384],[-0.7315,40.0416],[-0.7189,40.0387],[-0.7091,40.0447],[-0.7029,40.0466],[-0.6836,40.0442],[-0.6641,40.0514],[-0.6508,40.0624],[-0.6462,40.0675],[-0.6366,40.0675],[-0.6272,40.0762],[-0.6229,40.0749],[-0.6232,40.0696],[-0.6187,40.0684],[-0.6142,40.0714],[-0.6184,40.0821],[-0.6287,40.1021],[-0.6275,40.1046],[-0.6074,40.128],[-0.604,40.1267],[-0.5981,40.129],[-0.5968,40.1323],[-0.5905,40.1336],[-0.587,40.1314],[-0.5797,40.1388],[-0.579,40.1479],[-0.5709,40.1552],[-0.5697,40.1628],[-0.574,40.173],[-0.5713,40.1759],[-0.5722,40.1815],[-0.5637,40.1886],[-0.561,40.1974],[-0.5579,40.2008],[-0.5591,40.2101],[-0.5576,40.2127],[-0.5479,40.2443],[-0.5442,40.2517],[-0.5312,40.2408],[-0.5259,40.2373],[-0.5106,40.2318],[-0.5016,40.2332],[-0.4945,40.2287],[-0.4866,40.2342],[-0.4773,40.2353],[-0.4714,40.2384],[-0.4616,40.2344],[-0.4518,40.2353],[-0.4347,40.2424],[-0.4281,40.2438],[-0.3885,40.2616],[-0.384,40.2645],[-0.3847,40.2689],[-0.3829,40.2785],[-0.3882,40.2855],[-0.3996,40.2962],[-0.39,40.2999],[-0.3914,40.3022],[-0.379,40.31],[-0.3765,40.305],[-0.372,40.3042],[-0.3676,40.307],[-0.3699,40.3102],[-0.3647,40.3137],[-0.3582,40.3129],[-0.3486,40.3204],[-0.3468,40.3254],[-0.3414,40.3281],[-0.3431,40.3343],[-0.3406,40.34],[-0.3322,40.3418],[-0.3316,40.3448],[-0.324,40.3479],[-0.3189,40.355],[-0.3144,40.3583],[-0.3087,40.3576],[-0.3041,40.3627],[-0.299,40.3615],[-0.2897,40.368],[-0.2839,40.369],[-0.2803,40.374],[-0.2854,40.3865],[-0.3015,40.3977],[-0.3072,40.4092],[-0.3167,40.4172],[-0.3279,40.4217],[-0.3328,40.4255],[-0.3412,40.4382],[-0.3444,40.4415],[-0.3429,40.4466],[-0.3389,40.4489],[-0.3371,40.4565],[-0.3306,40.4597],[-0.3225,40.4601],[-0.3091,40.4657],[-0.2934,40.4671],[-0.2954,40.4704],[-0.2848,40.4707],[-0.282,40.4738],[-0.2714,40.4785],[-0.2778,40.4825],[-0.2796,40.4882],[-0.2753,40.493],[-0.2745,40.4966],[-0.2776,40.5015],[-0.2848,40.5072],[-0.2906,40.5076],[-0.2977,40.5058],[-0.3016,40.5174],[-0.2975,40.5313],[-0.2917,40.5395],[-0.2901,40.544],[-0.2926,40.5466],[-0.2905,40.5521],[-0.2961,40.5605],[-0.295,40.5704],[-0.2991,40.5732],[-0.2991,40.5784],[-0.2953,40.581],[-0.2935,40.5915],[-0.295,40.6001],[-0.2924,40.6044],[-0.2945,40.6122],[-0.3116,40.6115],[-0.3185,40.6074],[-0.3221,40.6028],[-0.3291,40.6056],[-0.3377,40.6073],[-0.3433,40.6065],[-0.344,40.6112],[-0.3603,40.6155],[-0.3705,40.6136],[-0.3776,40.6189],[-0.3797,40.6235],[-0.3764,40.6364],[-0.3712,40.6435],[-0.371,40.6511],[-0.3794,40.657],[-0.3815,40.6616],[-0.378,40.6675],[-0.3738,40.6682],[-0.3705,40.6723],[-0.359,40.6756],[-0.3562,40.6777],[-0.3464,40.6793],[-0.3288,40.6803],[-0.3221,40.6777],[-0.3204,40.6684],[-0.3166,40.6633],[-0.3073,40.662],[-0.2991,40.6676],[-0.2936,40.674],[-0.2903,40.6723],[-0.2813,40.6774],[-0.2794,40.6799],[-0.2677,40.684],[-0.2636,40.6841],[-0.2504,40.6908],[-0.236,40.6911],[-0.2375,40.6979],[-0.2336,40.7086],[-0.2355,40.709],[-0.2394,40.7175],[-0.2374,40.7234],[-0.2321,40.7273],[-0.2305,40.7385],[-0.2267,40.7441],[-0.227,40.748],[-0.224,40.7542],[-0.2128,40.7583],[-0.2105,40.7674],[-0.2008,40.7772],[-0.2013,40.7798],[-0.1972,40.7845],[-0.1826,40.7848],[-0.1705,40.7863],[-0.165,40.7886],[-0.1453,40.7859],[-0.1447,40.7824],[-0.1472,40.7751],[-0.1422,40.7671],[-0.1356,40.7635],[-0.1331,40.758],[-0.1268,40.7533],[-0.1129,40.7483],[-0.1103,40.7448],[-0.1038,40.7426],[-0.096,40.7418],[-0.0929,40.7392],[-0.0859,40.7379],[-0.0799,40.7333],[-0.0647,40.7274],[-0.0489,40.7273],[-0.032,40.7224],[-0.0226,40.7302],[-0.0177,40.7312],[-0.0092,40.7299],[-0.0029,40.7307],[0.0152,40.7286],[0.0161,40.7233],[0.0284,40.7132],[0.0245,40.7073],[0.0242,40.7023],[0.0268,40.7004],[0.0264,40.695],[0.0372,40.6933],[0.0422,40.691],[0.0727,40.7143],[0.1125,40.7271],[0.1238,40.7208],[0.1439,40.7183],[0.1618,40.7226],[0.1647,40.7277],[0.1705,40.7329],[0.1641,40.74],[0.1668,40.7452],[0.1747,40.7412],[0.1741,40.7481],[0.1778,40.7549],[0.1906,40.7517],[0.1958,40.7581],[0.2014,40.7576],[0.209,40.7634],[0.2121,40.7676],[0.2253,40.7655],[0.2297,40.7673],[0.2308,40.7738],[0.2351,40.7769],[0.2328,40.7794],[0.2336,40.787],[0.2444,40.7921],[0.2498,40.7985],[0.2578,40.8002],[0.2586,40.8045],[0.2642,40.812],[0.2729,40.8172],[0.2774,40.8236],[0.2682,40.8302],[0.2671,40.8329],[0.2598,40.8386],[0.2591,40.8455],[0.2513,40.8567],[0.2513,40.862],[0.2544,40.8662],[0.2555,40.8732],[0.2505,40.8789],[0.2407,40.882],[0.2386,40.8845],[0.2457,40.8868],[0.2458,40.8924],[0.2503,40.8955],[0.2492,40.9012],[0.2537,40.9046],[0.2493,40.9072],[0.2504,40.9115],[0.2543,40.9124],[0.253,40.918],[0.2605,40.9285],[0.2673,40.929],[0.2743,40.9366],[0.272,40.9451],[0.276,40.951],[0.2809,40.9512],[0.2854,40.9614],[0.2842,40.9647],[0.2934,40.9711],[0.2893,40.9743],[0.2834,40.9728],[0.281,40.9762],[0.2823,40.9822],[0.2811,40.9872],[0.2728,40.9928],[0.2689,40.9978],[0.2688,41.0011],[0.2746,41.0047],[0.2722,41.0087],[0.2644,41.0103],[0.2587,41.0154],[0.2619,41.0193],[0.2722,41.0193],[0.2791,41.0211],[0.2719,41.0259],[0.2658,41.0252],[0.2526,41.0326],[0.2503,41.0378],[0.2415,41.0343],[0.2327,41.0347],[0.2298,41.04],[0.2338,41.0431],[0.2306,41.0477],[0.226,41.0463],[0.2233,41.042],[0.2185,41.0428],[0.2193,41.0489],[0.2284,41.0515],[0.2307,41.0548],[0.2289,41.0588],[0.2197,41.0601],[0.2174,41.0668],[0.2218,41.0723],[0.2153,41.0777],[0.2192,41.0793],[0.2195,41.0833],[0.2155,41.0844],[0.2082,41.0828],[0.2014,41.0842],[0.2004,41.1022],[0.2093,41.1169],[0.2004,41.1242],[0.2033,41.1284],[0.2186,41.1307],[0.2198,41.1342],[0.2379,41.1298],[0.2499,41.1301],[0.2523,41.1351],[0.2503,41.1379],[0.2552,41.1416],[0.256,41.1467],[0.2605,41.1492],[0.273,41.1488],[0.292,41.1564],[0.3033,41.1644],[0.3005,41.1666],[0.305,41.1715],[0.3064,41.1788],[0.3056,41.1847],[0.3082,41.1864],[0.3095,41.1943],[0.3138,41.2051],[0.3172,41.2097],[0.3184,41.2201],[0.3224,41.2252],[0.3322,41.223],[0.3403,41.2311],[0.3466,41.2284],[0.3576,41.2256],[0.3638,41.227],[0.3634,41.2361],[0.3646,41.2387],[0.3797,41.2363],[0.3783,41.241],[0.3738,41.2452],[0.3735,41.2487],[0.378,41.2528],[0.377,41.2607],[0.3796,41.2706],[0.3856,41.2786],[0.3767,41.2876],[0.3699,41.296],[0.3656,41.304],[0.3687,41.3074],[0.3699,41.3158],[0.3646,41.3213],[0.3517,41.3243],[0.3485,41.3281],[0.3502,41.3317],[0.357,41.3367],[0.3598,41.3413],[0.3671,41.3436],[0.3728,41.3476],[0.374,41.3515],[0.3704,41.357],[0.3627,41.3649],[0.3583,41.372],[0.352,41.374],[0.32,41.3942],[0.3351,41.4065],[0.3418,41.4138],[0.3478,41.4267],[0.3475,41.4408],[0.3554,41.4525],[0.3526,41.4559],[0.3449,41.4603],[0.3428,41.4635],[0.3437,41.4703],[0.3395,41.479],[0.3397,41.4833],[0.3466,41.4881],[0.3509,41.487],[0.3669,41.486],[0.3708,41.4846],[0.3871,41.4866],[0.3975,41.4907],[0.4082,41.5024],[0.4174,41.5164],[0.4268,41.5223],[0.4348,41.5341],[0.4462,41.5429],[0.4448,41.5478],[0.4391,41.556],[0.4303,41.5652],[0.4329,41.569],[0.4301,41.5779],[0.4359,41.5849],[0.4333,41.5941],[0.4285,41.6024],[0.402,41.5927],[0.392,41.5953],[0.3496,41.5995],[0.3458,41.6219],[0.3538,41.6295],[0.3554,41.6343],[0.3494,41.6362],[0.3362,41.6541],[0.3329,41.6596],[0.3262,41.6622],[0.3259,41.6747],[0.3288,41.682],[0.341,41.6937],[0.342,41.6965],[0.36,41.7092],[0.3687,41.7142],[0.3692,41.7247],[0.3728,41.7239],[0.3847,41.7403],[0.3954,41.732],[0.3949,41.7375],[0.3994,41.7516],[0.3991,41.7564],[0.408,41.7592],[0.42,41.7596],[0.4304,41.7615],[0.4383,41.7613],[0.448,41.7647],[0.4645,41.7633],[0.4697,41.7656],[0.4719,41.7736],[0.4738,41.7872],[0.4818,41.7977],[0.4832,41.8015],[0.4891,41.8052],[0.4952,41.8045],[0.4989,41.807],[0.5021,41.8144],[0.5105,41.8206],[0.5155,41.8224],[0.5195,41.8209],[0.5251,41.8225],[0.5423,41.8201],[0.5513,41.8313],[0.5534,41.8402],[0.5515,41.8441],[0.5538,41.8514],[0.5577,41.8539],[0.5801,41.8509],[0.5814,41.8577],[0.5799,41.8636],[0.5843,41.8638],[0.5988,41.8692],[0.6036,41.8691],[0.6075,41.8718],[0.6083,41.8785],[0.5921,41.8844],[0.596,41.8914],[0.601,41.9085],[0.5952,41.9152],[0.5954,41.9184],[0.6031,41.9181],[0.6029,41.9223],[0.577,41.9292],[0.5757,41.9307],[0.5624,41.9327],[0.5619,41.9382],[0.5677,41.9468],[0.5752,41.953],[0.5776,41.9581],[0.5853,41.9622],[0.5863,41.9671],[0.5919,41.9694],[0.6004,41.9618],[0.6104,41.9679],[0.611,41.9761],[0.6148,41.9816],[0.6186,41.9838],[0.6168,41.9872],[0.6245,41.9921],[0.6353,41.9928],[0.6387,41.9946],[0.6424,41.986],[0.6459,41.9875],[0.6471,41.9967],[0.6538,41.999],[0.6582,42.0026],[0.6602,42.0095],[0.6518,42.0262],[0.6575,42.0314],[0.6567,42.0397],[0.6662,42.0413],[0.6722,42.0475],[0.6691,42.0496],[0.6698,42.0615],[0.6738,42.0682],[0.679,42.0735],[0.6836,42.0838],[0.6849,42.0919],[0.6944,42.0976],[0.6951,42.101],[0.6996,42.1051],[0.6998,42.1121],[0.7027,42.1216],[0.6971,42.1279],[0.6967,42.1421],[0.6955,42.1514],[0.7033,42.1577],[0.7138,42.1628],[0.7089,42.1665],[0.7011,42.1692],[0.6981,42.1718],[0.7014,42.1782],[0.7034,42.1856],[0.7026,42.1903],[0.7063,42.1926],[0.7096,42.1987],[0.708,42.2037],[0.714,42.2097],[0.7131,42.2144],[0.7168,42.2196],[0.7148,42.2247],[0.7194,42.2282],[0.7255,42.2364],[0.7241,42.2387],[0.728,42.2462],[0.7342,42.2512],[0.7397,42.2703],[0.7386,42.2815],[0.7439,42.2857],[0.743,42.2897],[0.7448,42.3012],[0.7566,42.3093],[0.7551,42.3134],[0.7646,42.3225],[0.7592,42.3259],[0.7549,42.325],[0.7491,42.3268],[0.7437,42.3263],[0.7407,42.3371],[0.7448,42.3376],[0.748,42.342],[0.7592,42.3484],[0.7633,42.3477],[0.7713,42.3506],[0.7655,42.3562],[0.7586,42.3572],[0.7461,42.3569],[0.7368,42.362],[0.7279,42.3634],[0.7233,42.3656],[0.7255,42.3702],[0.7343,42.3715],[0.7353,42.3762],[0.7431,42.3791],[0.7461,42.3848],[0.7404,42.3916],[0.7391,42.3961],[0.7343,42.4007],[0.7259,42.4052],[0.7283,42.4079],[0.7345,42.4079],[0.7358,42.414],[0.7258,42.4272],[0.7192,42.429],[0.7113,42.4352],[0.7107,42.4394],[0.7065,42.4493],[0.709,42.4592],[0.6942,42.4764],[0.6899,42.4837],[0.6899,42.4868],[0.6978,42.4863],[0.7006,42.491],[0.7005,42.4955],[0.7079,42.492],[0.7134,42.4872],[0.7269,42.498],[0.7298,42.4976],[0.7331,42.5044],[0.7393,42.5062],[0.729,42.5125],[0.7199,42.5128],[0.7234,42.5177],[0.7222,42.5263],[0.7266,42.5334],[0.7347,42.5403],[0.7437,42.5356],[0.7458,42.5395],[0.742,42.5421],[0.7427,42.5483],[0.7496,42.5532],[0.7482,42.5571],[0.7551,42.5643],[0.7591,42.5743],[0.7577,42.5775],[0.7604,42.5815],[0.7595,42.5868],[0.7679,42.6093],[0.7676,42.6112],[0.7449,42.6152],[0.7376,42.6125],[0.721,42.6187],[0.7083,42.6208],[0.6986,42.6288],[0.7008,42.6323],[0.6995,42.6368],[0.7013,42.6426],[0.6983,42.6455],[0.6925,42.659],[0.688,42.6636],[0.6802,42.6663],[0.6759,42.671],[0.6735,42.679],[0.6675,42.6818],[0.6601,42.6878],[0.6601,42.6909],[0.6485,42.694],[0.6403,42.6927],[0.6283,42.6957],[0.6235,42.695],[0.606,42.6992],[0.5971,42.7055],[0.5935,42.7036],[0.5889,42.6951],[0.5774,42.6947],[0.5666,42.6982],[0.5487,42.7003],[0.534,42.7003],[0.5307,42.7025],[0.5208,42.6977],[0.5168,42.6913],[0.5034,42.693],[0.4943,42.6926],[0.4915,42.6953],[0.4811,42.6996],[0.4742,42.7002],[0.4674,42.6947],[0.4567,42.6926],[0.4402,42.6911],[0.4221,42.6905],[0.416,42.6949],[0.4055,42.6955],[0.3953,42.6995],[0.3931,42.7132],[0.3852,42.7113],[0.3723,42.7158],[0.3708,42.7191],[0.3602,42.7243],[0.3581,42.7197],[0.3524,42.7179],[0.346,42.711],[0.338,42.7099],[0.3252,42.705],[0.326,42.6983],[0.3219,42.6911],[0.3238,42.687],[0.3167,42.6848],[0.3011,42.6773],[0.2953,42.6732],[0.2845,42.6801],[0.2708,42.6914],[0.2637,42.6932],[0.2686,42.7001],[0.2607,42.7115],[0.26,42.716],[0.2529,42.7184],[0.2269,42.7173],[0.214,42.7234],[0.211,42.7269],[0.1886,42.7341],[0.1758,42.737],[0.1743,42.7344],[0.1624,42.7285],[0.1618,42.7232],[0.1512,42.7248],[0.1412,42.722],[0.1367,42.7224],[0.1316,42.7147],[0.1188,42.7128],[0.117,42.7112],[0.1066,42.7101],[0.0902,42.7171],[0.078,42.7148],[0.0715,42.7091],[0.0702,42.7035],[0.0584,42.6976],[0.0542,42.6983],[0.0481,42.6959],[0.0243,42.7025],[0.0158,42.7018],[0.0146,42.6942],[0.0003,42.6853],[-0.0167,42.6851],[-0.0267,42.6877],[-0.032,42.6908],[-0.0434,42.6918],[-0.0483,42.6942],[-0.0564,42.6923],[-0.0621,42.6946],[-0.0644,42.6994],[-0.0632,42.7097],[-0.0685,42.7181],[-0.0794,42.7169],[-0.0879,42.7213],[-0.0953,42.7208],[-0.1006,42.7223],[-0.1064,42.7206],[-0.1117,42.7269],[-0.1084,42.7294],[-0.1093,42.7346],[-0.1177,42.7385],[-0.118,42.7445],[-0.1228,42.7516],[-0.1325,42.7591],[-0.1384,42.7667],[-0.1494,42.769],[-0.1478,42.7771],[-0.1541,42.7807],[-0.1562,42.7861],[-0.1542,42.7928],[-0.16,42.798],[-0.1675,42.791],[-0.1751,42.7866],[-0.1798,42.7856],[-0.194,42.7916],[-0.2,42.7958],[-0.2086,42.7981],[-0.216,42.797],[-0.2198,42.8027],[-0.224,42.8012],[-0.2283,42.8049],[-0.2389,42.8087],[-0.2388,42.8181],[-0.2452,42.821],[-0.2551,42.8193],[-0.2628,42.8249],[-0.2688,42.8259],[-0.2756,42.8289],[-0.2768,42.8355],[-0.2827,42.8376],[-0.2943,42.8384],[-0.3062,42.8415],[-0.3133,42.8494],[-0.3219,42.8393],[-0.3245,42.8347],[-0.3312,42.8342],[-0.3334,42.8376],[-0.3482,42.8351],[-0.3549,42.8311],[-0.3554,42.828],[-0.3645,42.8164],[-0.3682,42.8136],[-0.3752,42.8119],[-0.3832,42.8067],[-0.3835,42.801],[-0.3947,42.799],[-0.4088,42.8077],[-0.4193,42.8058],[-0.4334,42.7986],[-0.4435,42.7959],[-0.4531,42.8041],[-0.4615,42.8043],[-0.4692,42.8076],[-0.4776,42.8093],[-0.4795,42.8128],[-0.4861,42.8168],[-0.4932,42.8171],[-0.4983,42.8208],[-0.4994,42.8258],[-0.5048,42.8275],[-0.5105,42.825],[-0.5138,42.8187],[-0.5187,42.8171],[-0.526,42.8095],[-0.5228,42.7991],[-0.5302,42.7914],[-0.5437,42.7932],[-0.5511,42.7775],[-0.5532,42.7805],[-0.5621,42.7824],[-0.5676,42.7806],[-0.5705,42.783],[-0.5706,42.7906],[-0.5649,42.7983],[-0.5691,42.8069],[-0.5767,42.8082],[-0.5925,42.8021],[-0.6004,42.8035],[-0.5987,42.8163],[-0.602,42.8202],[-0.6014,42.8249],[-0.6042,42.8283],[-0.6044,42.8334],[-0.6153,42.8357],[-0.6197,42.838],[-0.6362,42.8534],[-0.6488,42.8553],[-0.6559,42.8587],[-0.662,42.8646],[-0.662,42.8693],[-0.666,42.8746],[-0.676,42.8814],[-0.6788,42.8845],[-0.6984,42.879],[-0.7043,42.8841],[-0.7176,42.8858],[-0.7272,42.8933],[-0.7277,42.8963],[-0.733,42.898],[-0.7316,42.9039],[-0.7345,42.907],[-0.7349,42.9122],[-0.7245,42.9202],[-0.733,42.9184],[-0.7419,42.919],[-0.7535,42.9245],[-0.7647,42.9229],[-0.7832,42.9217],[-0.7987,42.9109],[-0.8011,42.9078],[-0.8191,42.9007],[-0.8191,42.889],[-0.8147,42.8769],[-0.82,42.8726],[-0.8185,42.8694],[-0.8269,42.8671],[-0.8374,42.8615],[-0.8413,42.8529],[-0.8511,42.8481],[-0.8566,42.8471],[-0.8573,42.8334],[-0.8544,42.8283],[-0.8554,42.8221],[-0.8514,42.8076],[-0.8604,42.8023],[-0.86,42.7986],[-0.8499,42.7922],[-0.8475,42.7859],[-0.8523,42.7811],[-0.8595,42.7688],[-0.8629,42.769],[-0.8648,42.7634],[-0.876,42.7587],[-0.8836,42.7618],[-0.8947,42.7627],[-0.9005,42.7605],[-0.9013,42.7556],[-0.8995,42.75],[-0.9002,42.7435],[-0.923,42.744],[-0.9248,42.7389],[-0.9359,42.7343],[-0.9355,42.7299],[-0.9446,42.721],[-0.9462,42.7141],[-0.9587,42.7117],[-0.9616,42.7085],[-0.9687,42.7054],[-0.9781,42.7043],[-0.9838,42.7022],[-1.0015,42.7],[-1.0168,42.7023],[-1.028,42.7001],[-1.0334,42.6929],[-1.0392,42.6916],[-1.0368,42.6816],[-1.0325,42.6756],[-1.0396,42.6642],[-1.0381,42.653],[-1.0386,42.6483],[-1.0474,42.6456],[-1.0519,42.6426],[-1.0694,42.6416],[-1.0807,42.644],[-1.0837,42.6459],[-1.0928,42.6465],[-1.1204,42.645],[-1.1438,42.6482],[-1.1524,42.6476],[-1.1547,42.6416],[-1.1543,42.6324],[-1.157,42.6237],[-1.1571,42.6109],[-1.1689,42.6166],[-1.1788,42.6151],[-1.18,42.6079],[-1.1703,42.6053],[-1.1585,42.5999],[-1.1617,42.596],[-1.1707,42.5968],[-1.1748,42.5931],[-1.1864,42.5877],[-1.1979,42.5789],[-1.2019,42.5782],[-1.2045,42.5683],[-1.204,42.5585],[-1.201,42.5525],[-1.2028,42.5497],[-1.2183,42.5492],[-1.2262,42.5422],[-1.2353,42.5448],[-1.2561,42.5531],[-1.2574,42.5553],[-1.2655,42.5563],[-1.2707,42.5489],[-1.2727,42.5434],[-1.2881,42.5228],[-1.2892,42.5149],[-1.2935,42.511],[-1.2875,42.5086],[-1.2867,42.4985],[-1.2822,42.4989],[-1.2751,42.4958],[-1.2756,42.4904],[-1.2728,42.4819],[-1.2814,42.4644],[-1.2898,42.4574],[-1.3152,42.4492],[-1.3238,42.442],[-1.3278,42.4366],[-1.3368,42.4293],[-1.3415,42.4239],[-1.3408,42.419],[-1.3429,42.4081],[-1.3481,42.401],[-1.3496,42.394],[-1.3598,42.3784],[-1.357,42.3744],[-1.3506,42.3701],[-1.3419,42.373],[-1.3367,42.3724],[-1.3338,42.3651],[-1.3298,42.3613],[-1.3326,42.3592],[-1.3291,42.3554],[-1.3375,42.3455],[-1.3422,42.3428],[-1.3523,42.3395],[-1.3589,42.3335],[-1.3752,42.3157],[-1.3837,42.3037],[-1.3991,42.2913],[-1.3899,42.2785],[-1.3914,42.2721],[-1.3955,42.2695],[-1.395,42.2638],[-1.3998,42.2564],[-1.3999,42.2455],[-1.4164,42.222],[-1.4175,42.2124],[-1.4134,42.2022],[-1.3952,42.1907],[-1.3919,42.1814],[-1.3942,42.173],[-1.3946,42.1643],[-1.3984,42.1564],[-1.3942,42.155],[-1.3928,42.1496],[-1.4,42.1287],[-1.3989,42.1262],[-1.3774,42.1138],[-1.3668,42.107],[-1.3653,42.0932],[-1.3594,42.0861],[-1.3523,42.0731],[-1.3442,42.071],[-1.3352,42.0728],[-1.3242,42.0732],[-1.3106,42.0723],[-1.3127,42.065],[-1.3081,42.062],[-1.3082,42.0589],[-1.3033,42.0518],[-1.3081,42.0464],[-1.3048,42.0429],[-1.3282,42.028],[-1.3395,42.018],[-1.3411,42.0124],[-1.3515,42.0024],[-1.3603,41.9913],[-1.3663,41.9822],[-1.3744,41.962],[-1.386,41.9572],[-1.3803,41.9509],[-1.3822,41.9433],[-1.396,41.9392],[-1.4067,41.9288],[-1.4073,41.9241],[-1.4108,41.919],[-1.4218,41.9131],[-1.4363,41.9145],[-1.4407,41.9164],[-1.4533,41.9157],[-1.4731,41.9245],[-1.5018,41.9243],[-1.5061,41.9159],[-1.5129,41.9149],[-1.5233,41.9099],[-1.5344,41.9105],[-1.5427,41.9123],[-1.5593,41.9139],[-1.5734,41.9179],[-1.5828,41.9223],[-1.5963,41.9271],[-1.5987,41.9293],[-1.6063,41.9415],[-1.6148,41.9505],[-1.6211,41.9528],[-1.644,41.9591],[-1.6541,41.9654],[-1.6592,41.961],[-1.6737,41.9664],[-1.6868,41.9529],[-1.6901,41.9554],[-1.7008,41.9539],[-1.7044,41.9572],[-1.7152,41.957],[-1.7187,41.9591],[-1.7343,41.9639],[-1.7417,41.9689],[-1.7436,41.9728],[-1.752,41.98],[-1.7597,41.9898],[-1.7669,41.9958],[-1.7741,41.9955],[-1.7854,41.9908],[-1.7923,41.9897],[-1.8103,41.998],[-1.82,41.9958],[-1.8337,41.9951],[-1.8379,41.999],[-1.8404,42.0042],[-1.8472,42.008],[-1.847,42.0025],[-1.8513,41.9981],[-1.8445,41.987],[-1.8542,41.9816],[-1.8652,41.9776],[-1.8565,41.9664],[-1.8548,41.9592],[-1.8566,41.9472],[-1.8549,41.9368],[-1.8586,41.9328],[-1.8569,41.9233],[-1.8573,41.9095],[-1.8388,41.889],[-1.8384,41.8822],[-1.8404,41.8761],[-1.8321,41.8633],[-1.8226,41.8654],[-1.8204,41.8631],[-1.8176,41.8534],[-1.8207,41.8499],[-1.8186,41.83],[-1.8257,41.8186],[-1.8345,41.8143],[-1.8437,41.806],[-1.8513,41.7939],[-1.8524,41.7885],[-1.8396,41.7871],[-1.8253,41.7784],[-1.825,41.7736],[-1.8211,41.7661],[-1.8068,41.7559],[-1.8027,41.7512],[-1.8046,41.7454],[-1.8094,41.737],[-1.7979,41.7326],[-1.7878,41.7341],[-1.7832,41.7276],[-1.7754,41.7248],[-1.785,41.717],[-1.7877,41.7074],[-1.7869,41.6994],[-1.7949,41.699],[-1.8003,41.6971],[-1.8121,41.6865],[-1.8091,41.6847],[-1.8062,41.6643],[-1.8131,41.6606],[-1.8291,41.6626],[-1.8346,41.6606],[-1.8406,41.6615],[-1.8492,41.6607],[-1.859,41.6615],[-1.874,41.638],[-1.8788,41.641],[-1.8979,41.6324],[-1.8996,41.6274],[-1.9136,41.6163],[-1.9139,41.6097],[-1.9184,41.6066],[-1.9231,41.5983],[-1.958,41.6048],[-1.9693,41.6056],[-1.976,41.6029],[-1.9845,41.6071],[-1.993,41.6008],[-1.992,41.5904],[-1.995,41.5817],[-1.9937,41.5771],[-1.9807,41.5647],[-1.9819,41.562],[-1.9767,41.5574],[-1.9735,41.558],[-1.9686,41.5513],[-1.9673,41.5461],[-1.9731,41.5342],[-1.9782,41.5267],[-1.975,41.5161],[-1.9788,41.5041],[-1.9766,41.4967],[-1.9811,41.4864],[-1.9666,41.4789],[-1.9533,41.4625],[-1.9515,41.456],[-1.9524,41.4455],[-1.9488,41.4358],[-1.9487,41.4296],[-1.9537,41.4243],[-1.9394,41.4186],[-1.9373,41.4116],[-1.9379,41.4074],[-1.9537,41.4086],[-1.9625,41.4034],[-1.9706,41.401],[-1.9819,41.4023],[-1.9874,41.3959],[-1.9975,41.3953],[-2.0019,41.3938],[-2.0097,41.3858],[-2.0165,41.3836],[-2.0293,41.3842],[-2.0383,41.3893],[-2.0424,41.389],[-2.0436,41.3971],[-2.0348,41.4044],[-2.034,41.4103],[-2.0356,41.4269],[-2.0471,41.4343],[-2.1015,41.4458],[-2.1031,41.4397],[-2.1118,41.4342],[-2.1168,41.4249],[-2.1161,41.4087],[-2.1183,41.3962],[-2.1205,41.3943],[-2.1198,41.38],[-2.1258,41.3696],[-2.1313,41.3685],[-2.1389,41.3624],[-2.1438,41.3606],[-2.1498,41.3559],[-2.1561,41.3569],[-2.1631,41.3553],[-2.1625,41.3479],[-2.1567,41.3374],[-2.158,41.3316],[-2.1643,41.3286],[-2.1705,41.3188],[-2.1671,41.312],[-2.1691,41.3011],[-2.1729,41.2958],[-2.1737,41.2881],[-2.1635,41.2832],[-2.1564,41.2586],[-2.1549,41.2404],[-2.149,41.2188],[-2.1462,41.1844],[-2.1068,41.1752],[-2.0799,41.171],[-2.0773,41.1631],[-2.0517,41.1468],[-2.0476,41.1527],[-2.0295,41.1563],[-2.0084,41.1564],[-1.9878,41.1611],[-1.9828,41.1651],[-1.959,41.1725],[-1.9483,41.1668],[-1.9468,41.1599],[-1.9392,41.1525],[-1.9392,41.1473],[-1.9324,41.1386],[-1.9217,41.1343],[-1.9057,41.1341],[-1.901,41.1354],[-1.8906,41.1333],[-1.8889,41.1308],[-1.8791,41.1238],[-1.8756,41.1192],[-1.8728,41.1116],[-1.8693,41.1079],[-1.8557,41.1025],[-1.841,41.1007],[-1.8242,41.0945],[-1.8165,41.0953],[-1.814,41.093],[-1.8026,41.0892],[-1.7947,41.0788],[-1.7853,41.0728],[-1.7712,41.0666],[-1.7578,41.0551],[-1.7594,41.0482],[-1.7486,41.0413],[-1.7485,41.0364],[-1.7454,41.0326],[-1.7377,41.0313],[-1.7298,41.024],[-1.7246,41.0212],[-1.7166,41.0136],[-1.7001,41.0023],[-1.6918,40.9956],[-1.6792,40.9893],[-1.6748,40.984],[-1.6664,40.9817],[-1.661,40.9783],[-1.6571,40.9694],[-1.6541,40.969],[-1.642,40.9597],[-1.635,40.9527],[-1.6284,40.9486],[-1.6174,40.9437],[-1.6119,40.9376],[-1.6079,40.9276],[-1.6104,40.9168],[-1.6156,40.9081],[-1.626,40.8987],[-1.6203,40.8795],[-1.6112,40.8676],[-1.6077,40.8656],[-1.6031,40.8595],[-1.5937,40.8533],[-1.5888,40.845],[-1.5705,40.8301],[-1.5593,40.8308],[-1.554,40.8267],[-1.5534,40.8235],[-1.5447,40.8162],[-1.5423,40.8112],[-1.5392,40.7926],[-1.5393,40.7808],[-1.5421,40.7771],[-1.543,40.7684],[-1.5399,40.7607],[-1.5553,40.7501],[-1.562,40.7398],[-1.5607,40.7381],[-1.5589,40.7193],[-1.5541,40.7156],[-1.5514,40.7055],[-1.5406,40.6939],[-1.5356,40.687],[-1.5403,40.6813],[-1.5389,40.6704],[-1.539,40.6581],[-1.5491,40.6472],[-1.5547,40.6357],[-1.5548,40.6304],[-1.5596,40.6214],[-1.5649,40.6147],[-1.556,40.6077],[-1.553,40.6024],[-1.5455,40.5952],[-1.5497,40.5931],[-1.5557,40.586],[-1.5829,40.5695],[-1.5872,40.5694],[-1.5987,40.5621],[-1.6023,40.5646],[-1.6297,40.5761],[-1.6342,40.5798],[-1.6433,40.5801],[-1.6537,40.582],[-1.6665,40.582],[-1.6743,40.5922],[-1.6781,40.591],[-1.6858,40.5799],[-1.6933,40.5776],[-1.6896,40.5665],[-1.7016,40.5411],[-1.7014,40.5325],[-1.6971,40.5229],[-1.6969,40.5141],[-1.6955,40.5113],[-1.695,40.4928],[-1.6925,40.4868],[-1.7005,40.4831],[-1.7093,40.4815],[-1.7257,40.4748],[-1.735,40.472],[-1.7486,40.4629],[-1.7652,40.4433],[-1.7684,40.4378],[-1.777,40.4298],[-1.7831,40.4198],[-1.7854,40.4132],[-1.7934,40.4179],[-1.8006,40.4142],[-1.8053,40.3998],[-1.8008,40.3981],[-1.7895,40.3974],[-1.7897,40.3921],[-1.7778,40.3919],[-1.7728,40.3864],[-1.7676,40.3831],[-1.7645,40.3764],[-1.7423,40.3528],[-1.7411,40.3493],[-1.7198,40.3404],[-1.718,40.3371],[-1.7069,40.3262],[-1.6982,40.3217],[-1.6972,40.3166],[-1.7068,40.3136],[-1.7202,40.3185],[-1.7206,40.3133],[-1.7292,40.3032],[-1.7298,40.2993],[-1.7269,40.2882],[-1.7212,40.2787],[-1.7143,40.2768],[-1.7099,40.2808],[-1.7106,40.2921],[-1.7004,40.3071],[-1.6897,40.3093],[-1.6799,40.3008],[-1.6656,40.2945],[-1.659,40.282],[-1.6451,40.2729],[-1.6368,40.2639],[-1.6293,40.2596],[-1.6087,40.2428],[-1.6023,40.2412],[-1.5932,40.2365],[-1.5715,40.2137],[-1.567,40.2123],[-1.5405,40.1914],[-1.5315,40.1929],[-1.5222,40.202],[-1.5109,40.2037],[-1.4999,40.1974],[-1.4981,40.1977],[-1.4744,40.185],[-1.44,40.1968],[-1.4397,40.1931],[-1.4427,40.1668],[-1.4424,40.1576],[-1.4489,40.1453],[-1.4333,40.1395],[-1.4217,40.1423],[-1.4046,40.1392],[-1.3972,40.1352],[-1.3913,40.1345],[-1.3849,40.1382],[-1.3777,40.1402],[-1.3713,40.1386],[-1.3637,40.1386],[-1.3645,40.1334],[-1.3617,40.1296],[-1.3546,40.1295],[-1.3474,40.1355],[-1.3399,40.1389],[-1.3361,40.1422],[-1.3197,40.1464],[-1.3166,40.1497],[-1.3195,40.1562],[-1.3173,40.1641],[-1.3226,40.1716],[-1.323,40.1849],[-1.318,40.1944],[-1.317,40.1991],[-1.311,40.2039],[-1.3008,40.2064],[-1.2965,40.2107],[-1.2931,40.2069],[-1.2967,40.1992],[-1.287,40.1819],[-1.2843,40.1715],[-1.2765,40.1669],[-1.2765,40.1622],[-1.2683,40.1566],[-1.2524,40.1433],[-1.2455,40.1471],[-1.2462,40.1386],[-1.2488,40.1356],[-1.2457,40.1292],[-1.2502,40.1226],[-1.2455,40.1167],[-1.2371,40.1136],[-1.2227,40.1158],[-1.2073,40.1101],[-1.1915,40.1107],[-1.1861,40.1126],[-1.1738,40.1131],[-1.1578,40.1153],[-1.148,40.1145],[-1.144,40.1086],[-1.1356,40.1041],[-1.1336,40.0977],[-1.1234,40.0958],[-1.1179,40.0929],[-1.1119,40.0928],[-1.0881,40.076],[-1.0812,40.0698],[-1.0752,40.0621],[-1.0721,40.0605],[-1.0717,40.0516],[-1.0766,40.0478],[-1.0842,40.0362],[-1.0979,40.0327],[-1.1035,40.0281],[-1.1167,40.0238],[-1.1362,40.0151],[-1.1463,40.0167],[-1.1534,40.0126],[-1.1652,40.0101],[-1.1633,39.9998],[-1.1474,39.9886],[-1.1424,39.9718]],[[-1.1021,42.4828],[-1.0974,42.486],[-1.0851,42.4834],[-1.0882,42.4756],[-1.0753,42.4681],[-1.0694,42.4664],[-1.065,42.4539],[-1.0565,42.4483],[-1.051,42.4419],[-1.0565,42.4343],[-1.0667,42.4346],[-1.0805,42.4384],[-1.0834,42.4371],[-1.0934,42.4402],[-1.109,42.4415],[-1.1158,42.4449],[-1.1251,42.4452],[-1.1294,42.4467],[-1.128,42.452],[-1.1237,42.4581],[-1.1185,42.4613],[-1.107,42.4783],[-1.1021,42.4828]],[[-1.1828,42.4239],[-1.1666,42.4325],[-1.163,42.4323],[-1.1525,42.4419],[-1.1476,42.441],[-1.1447,42.4374],[-1.1512,42.4317],[-1.1532,42.4256],[-1.1543,42.4145],[-1.1588,42.4097],[-1.1716,42.4067],[-1.1744,42.4038],[-1.1844,42.401],[-1.1878,42.403],[-1.1804,42.4175],[-1.1828,42.4239]]]},"properties":{"CodINE":"02","NAMEUNIT":"Aragón"}},
{"type":"Feature","geometry":{"type":"Polygon","coordinates":[[[-4.5124,43.3933],[-4.524,43.3971],[-4.532,43.3976],[-4.5342,43.3999],[-4.546,43.3998],[-4.549,43.396],[-4.5534,43.3977],[-4.5575,43.3932],[-4.5665,43.392],[-4.5711,43.3941],[-4.5775,43.394],[-4.5777,43.3972],[-4.5886,43.3983],[-4.6009,43.3965],[-4.6113,43.3977],[-4.6179,43.3958],[-4.6294,43.3983],[-4.6444,43.4027],[-4.6524,43.4007],[-4.6581,43.4018],[-4.6659,43.4064],[-4.6809,43.4092],[-4.692,43.4079],[-4.6982,43.4124],[-4.7072,43.4104],[-4.7127,43.4146],[-4.719,43.4164],[-4.7386,43.4165],[-4.7468,43.4218],[-4.7579,43.4253],[-4.7642,43.4257],[-4.7697,43.43],[-4.7859,43.4305],[-4.8034,43.4331],[-4.8199,43.4373],[-4.8248,43.4359],[-4.8293,43.439],[-4.8479,43.4454],[-4.8508,43.4419],[-4.8587,43.4446],[-4.8719,43.4416],[-4.8843,43.4485],[-4.8957,43.4486],[-4.8995,43.452],[-4.9102,43.452],[-4.9163,43.4573],[-4.9236,43.4572],[-4.9285,43.4606],[-4.9365,43.458],[-4.9464,43.4612],[-4.9545,43.46],[-4.9751,43.4623],[-4.9816,43.4594],[-4.9891,43.4615],[-4.9911,43.4592],[-5.0043,43.4599],[-5.0132,43.4586],[-5.0221,43.4615],[-5.0374,43.4607],[-5.0453,43.4617],[-5.0555,43.4649],[-5.0562,43.4684],[-5.0655,43.4692],[-5.0708,43.4657],[-5.0762,43.4676],[-5.0815,43.4744],[-5.0864,43.4761],[-5.0967,43.4771],[-5.0996,43.4747],[-5.116,43.477],[-5.1192,43.4825],[-5.1228,43.4845],[-5.1365,43.4804],[-5.1494,43.4777],[-5.1545,43.4792],[-5.1775,43.4746],[-5.1826,43.4767],[-5.2045,43.4745],[-5.2158,43.4748],[-5.2214,43.4769],[-5.227,43.4865],[-5.2449,43.4951],[-5.2509,43.5014],[-5.2549,43.5013],[-5.2657,43.5053],[-5.2699,43.5093],[-5.2672,43.5122],[-5.2666,43.5187],[-5.2953,43.5351],[-5.3001,43.5357],[-5.309,43.5324],[-5.3276,43.5342],[-5.3375,43.5326],[-5.3491,43.5342],[-5.3529,43.5309],[-5.3659,43.5335],[-5.3717,43.5397],[-5.3761,43.5347],[-5.3858,43.5352],[-5.3892,43.5408],[-5.3995,43.5446],[-5.3969,43.5481],[-5.4002,43.5515],[-5.4132,43.5549],[-5.4244,43.5517],[-5.4339,43.5502],[-5.4402,43.5526],[-5.4504,43.5509],[-5.4597,43.5516],[-5.4698,43.551],[-5.4954,43.5448],[-5.4984,43.5492],[-5.5066,43.5486],[-5.5179,43.5517],[-5.5261,43.549],[-5.5284,43.5457],[-5.5341,43.5475],[-5.5523,43.55],[-5.5638,43.5493],[-5.5681,43.5508],[-5.5851,43.55],[-5.5912,43.5478],[-5.6092,43.5498],[-5.6162,43.5578],[-5.6223,43.5567],[-5.6227,43.5527],[-5.6287,43.5502],[-5.6375,43.5525],[-5.6472,43.544],[-5.6524,43.5415],[-5.6603,43.5433],[-5.6607,43.5492],[-5.6667,43.5474],[-5.6679,43.5426],[-5.6812,43.5449],[-5.6894,43.5438],[-5.6943,43.5465],[-5.694,43.551],[-5.701,43.563],[-5.7017,43.5718],[-5.7106,43.5707],[-5.7116,43.5689],[-5.7267,43.5729],[-5.7354,43.574],[-5.739,43.5789],[-5.749,43.5852],[-5.7546,43.5835],[-5.7608,43.5886],[-5.7611,43.5954],[-5.7681,43.5968],[-5.7712,43.6022],[-5.7677,43.6053],[-5.7849,43.6126],[-5.7881,43.6123],[-5.7858,43.6209],[-5.7815,43.6229],[-5.7808,43.6289],[-5.7881,43.629],[-5.7934,43.6326],[-5.7946,43.6363],[-5.805,43.636],[-5.8098,43.6325],[-5.8111,43.6398],[-5.8206,43.6428],[-5.826,43.6396],[-5.8348,43.6442],[-5.8353,43.6519],[-5.8426,43.6572],[-5.8575,43.656],[-5.8614,43.6489],[-5.8585,43.6401],[-5.8608,43.6353],[-5.8669,43.6357],[-5.8679,43.6313],[-5.8777,43.6296],[-5.8784,43.6257],[-5.8877,43.6231],[-5.8994,43.6272],[-5.9064,43.6235],[-5.9149,43.6236],[-5.9155,43.6189],[-5.9111,43.6166],[-5.9161,43.6118],[-5.9139,43.6094],[-5.9204,43.6036],[-5.9284,43.5991],[-5.9335,43.6014],[-5.9457,43.5986],[-5.9409,43.593],[-5.9419,43.5882],[-5.9511,43.5819],[-5.9604,43.5786],[-5.9747,43.5815],[-5.9774,43.5783],[-5.9926,43.5769],[-6.002,43.5794],[-6.0125,43.5805],[-6.0225,43.5857],[-6.0305,43.5855],[-6.0368,43.5789],[-6.0669,43.5657],[-6.0894,43.5633],[-6.092,43.5587],[-6.0985,43.5584],[-6.1029,43.5611],[-6.1072,43.5569],[-6.1124,43.5557],[-6.1238,43.557],[-6.1272,43.5593],[-6.1329,43.5587],[-6.1369,43.5646],[-6.1493,43.5648],[-6.155,43.5684],[-6.1592,43.5667],[-6.1694,43.5695],[-6.175,43.5662],[-6.1778,43.5684],[-6.1828,43.5636],[-6.1908,43.5662],[-6.192,43.5698],[-6.1881,43.5795],[-6.1939,43.5804],[-6.1948,43.5756],[-6.199,43.5727],[-6.2045,43.5736],[-6.2088,43.582],[-6.2172,43.5791],[-6.2237,43.5821],[-6.2279,43.5889],[-6.2318,43.5886],[-6.2446,43.5951],[-6.2426,43.5886],[-6.2466,43.5874],[-6.2471,43.5832],[-6.2568,43.5775],[-6.2632,43.577],[-6.2676,43.5789],[-6.2743,43.5766],[-6.2858,43.5699],[-6.2981,43.5705],[-6.2958,43.5666],[-6.307,43.563],[-6.3143,43.5645],[-6.3385,43.559],[-6.3479,43.5525],[-6.358,43.5512],[-6.3708,43.5516],[-6.3719,43.5539],[-6.3796,43.5575],[-6.383,43.556],[-6.3969,43.5605],[-6.4015,43.5571],[-6.4171,43.5587],[-6.4198,43.5543],[-6.4298,43.5528],[-6.4341,43.5561],[-6.4391,43.5564],[-6.4457,43.5628],[-6.4494,43.561],[-6.4557,43.5645],[-6.4607,43.5652],[-6.4602,43.5691],[-6.4701,43.5712],[-6.4735,43.5682],[-6.4751,43.561],[-6.4722,43.5516],[-6.4777,43.5503],[-6.4823,43.553],[-6.4887,43.549],[-6.498,43.5511],[-6.5073,43.5508],[-6.5128,43.5472],[-6.5238,43.5505],[-6.5353,43.5462],[-6.5395,43.5474],[-6.5461,43.5531],[-6.555,43.5517],[-6.564,43.5565],[-6.58,43.5572],[-6.5905,43.5533],[-6.5987,43.5541],[-6.6037,43.557],[-6.6014,43.5637],[-6.6119,43.5611],[-6.6199,43.5655],[-6.625,43.5724],[-6.6334,43.5686],[-6.6409,43.5692],[-6.6454,43.5669],[-6.6503,43.5678],[-6.6663,43.5657],[-6.6747,43.5602],[-6.6842,43.5588],[-6.7014,43.5639],[-6.7101,43.5639],[-6.7246,43.556],[-6.7319,43.5604],[-6.7333,43.5643],[-6.7407,43.5616],[-6.7458,43.5662],[-6.7557,43.5634],[-6.7573,43.5615],[-6.7703,43.5662],[-6.7814,43.5653],[-6.7811,43.5591],[-6.7846,43.5561],[-6.7935,43.5576],[-6.7996,43.5554],[-6.8051,43.5582],[-6.8098,43.5545],[-6.8263,43.5654],[-6.838,43.567],[-6.849,43.5644],[-6.8532,43.5671],[-6.87,43.5679],[-6.874,43.5631],[-6.8845,43.5661],[-6.8892,43.5695],[-6.893,43.5686],[-6.9018,43.5705],[-6.9073,43.5668],[-6.9168,43.573],[-6.9241,43.5708],[-6.9248,43.5746],[-6.9334,43.5697],[-6.9374,43.5717],[-6.9491,43.5715],[-6.9538,43.5685],[-6.9556,43.5638],[-6.964,43.5611],[-6.9695,43.5619],[-6.9741,43.5568],[-6.9835,43.5579],[-6.9964,43.5541],[-7.0032,43.5574],[-7.0116,43.5557],[-7.0222,43.5593],[-7.0293,43.5567],[-7.0232,43.5532],[-7.0221,43.5487],[-7.0302,43.5443],[-7.0332,43.5447],[-7.0324,43.5334],[-7.0387,43.5272],[-7.0452,43.5148],[-7.0466,43.5082],[-7.044,43.4954],[-7.0489,43.4857],[-7.0471,43.4778],[-7.0573,43.4717],[-7.0619,43.4742],[-7.07,43.4705],[-7.0717,43.4663],[-7.0785,43.4652],[-7.0837,43.4582],[-7.0914,43.4541],[-7.0903,43.4449],[-7.1008,43.4401],[-7.0977,43.4331],[-7.1027,43.427],[-7.1095,43.4286],[-7.1138,43.4248],[-7.1189,43.4262],[-7.1269,43.4236],[-7.1375,43.4277],[-7.142,43.4307],[-7.1519,43.4287],[-7.1613,43.432],[-7.1728,43.4302],[-7.1748,43.4244],[-7.1718,43.4225],[-7.1724,43.4176],[-7.1764,43.4142],[-7.1688,43.4048],[-7.1744,43.3993],[-7.1798,43.3974],[-7.1824,43.3931],[-7.1769,43.39],[-7.177,43.3841],[-7.1719,43.3834],[-7.1677,43.3799],[-7.1625,43.3799],[-7.1563,43.3746],[-7.1505,43.3797],[-7.139,43.3833],[-7.1344,43.3774],[-7.1275,43.3726],[-7.1316,43.3629],[-7.1284,43.3562],[-7.1328,43.3477],[-7.1301,43.3409],[-7.1317,43.3341],[-7.1157,43.3266],[-7.1125,43.3175],[-7.1072,43.3142],[-7.1013,43.3041],[-7.0911,43.2998],[-7.0796,43.3002],[-7.0739,43.3057],[-7.0676,43.3069],[-7.0598,43.3053],[-7.0642,43.3017],[-7.0667,43.2869],[-7.0664,43.2796],[-7.0705,43.2758],[-7.0716,43.2678],[-7.0653,43.2495],[-7.0616,43.244],[-7.0507,43.2378],[-7.0466,43.2313],[-7.0412,43.2286],[-7.0341,43.2281],[-7.0206,43.2141],[-7.0178,43.2158],[-7.017,43.222],[-7.0096,43.2229],[-7.007,43.2162],[-7.0014,43.2073],[-6.9932,43.2085],[-6.9864,43.2022],[-6.971,43.2042],[-6.9645,43.1904],[-6.9661,43.186],[-6.9724,43.1808],[-6.9763,43.1756],[-6.9807,43.1669],[-6.9731,43.1494],[-6.9651,43.1485],[-6.9604,43.1448],[-6.9571,43.1395],[-6.9579,43.1364],[-6.9451,43.1319],[-6.9384,43.1329],[-6.9371,43.1394],[-6.9308,43.1415],[-6.9204,43.1405],[-6.9143,43.147],[-6.9057,43.1497],[-6.9019,43.155],[-6.8934,43.1548],[-6.8859,43.1568],[-6.8829,43.1607],[-6.8874,43.1662],[-6.8803,43.1699],[-6.8763,43.1756],[-6.8746,43.187],[-6.8671,43.1897],[-6.8699,43.18],[-6.862,43.182],[-6.8563,43.1724],[-6.8471,43.167],[-6.8389,43.1661],[-6.8367,43.1573],[-6.8296,43.1514],[-6.8263,43.1458],[-6.8221,43.1433],[-6.8274,43.1261],[-6.8312,43.1209],[-6.8652,43.1007],[-6.8717,43.091],[-6.8904,43.0904],[-6.8943,43.0917],[-6.9023,43.0828],[-6.9115,43.0775],[-6.9155,43.0733],[-6.923,43.0816],[-6.9394,43.0827],[-6.9447,43.0773],[-6.952,43.0755],[-6.9503,43.0685],[-6.9577,43.0679],[-6.9586,43.0621],[-6.9664,43.061],[-6.9689,43.0569],[-6.9653,43.0545],[-6.9636,43.0443],[-6.9661,43.0371],[-6.9725,43.0304],[-6.9759,43.0319],[-6.9788,43.0389],[-6.9822,43.0414],[-6.9868,43.0294],[-6.9913,43.0306],[-6.9947,43.0262],[-6.9969,43.0196],[-6.9883,43.0147],[-6.9835,43.0041],[-6.9785,43.004],[-6.9751,42.9961],[-6.9667,42.9914],[-6.9583,42.9952],[-6.957,42.998],[-6.9598,43.0033],[-6.9598,43.0092],[-6.9622,43.0117],[-6.9596,43.0154],[-6.9637,43.0201],[-6.9604,43.0224],[-6.9643,43.026],[-6.958,43.0289],[-6.9568,43.0366],[-6.9469,43.0326],[-6.9451,43.0225],[-6.9408,43.0115],[-6.9325,43.0083],[-6.9313,43.0046],[-6.9226,43.0017],[-6.9082,42.9889],[-6.8983,42.9892],[-6.8927,42.9879],[-6.8809,42.9913],[-6.8776,42.9886],[-6.8713,42.9887],[-6.8681,42.9837],[-6.8648,42.9839],[-6.862,42.9789],[-6.8531,42.9728],[-6.8358,42.9577],[-6.8347,42.9413],[-6.8418,42.9284],[-6.8358,42.9163],[-6.8242,42.9151],[-6.8117,42.9113],[-6.801,42.9102],[-6.7898,42.9045],[-6.7769,42.9014],[-6.7707,42.8986],[-6.7679,42.8903],[-6.773,42.8871],[-6.7728,42.8825],[-6.7605,42.884],[-6.7567,42.8831],[-6.7492,42.8941],[-6.7406,42.8995],[-6.7345,42.9077],[-6.7232,42.9174],[-6.7128,42.9151],[-6.697,42.9185],[-6.691,42.9223],[-6.6776,42.9229],[-6.6672,42.9245],[-6.6598,42.9229],[-6.6569,42.9246],[-6.6454,42.924],[-6.6388,42.9255],[-6.6322,42.9232],[-6.6286,42.9195],[-6.6129,42.9246],[-6.6065,42.9161],[-6.5979,42.9186],[-6.5903,42.9167],[-6.5855,42.9184],[-6.5738,42.9176],[-6.5691,42.9148],[-6.5604,42.9144],[-6.5466,42.9122],[-6.5414,42.9134],[-6.5389,42.9188],[-6.5345,42.9222],[-6.5228,42.9236],[-6.5106,42.9287],[-6.5001,42.9228],[-6.4898,42.9202],[-6.4861,42.929],[-6.4772,42.934],[-6.4654,42.9339],[-6.4512,42.9355],[-6.4357,42.9426],[-6.4416,42.9486],[-6.4336,42.9642],[-6.4424,42.9669],[-6.4518,42.966],[-6.4636,42.9676],[-6.4685,42.9661],[-6.4747,42.9706],[-6.4725,42.9773],[-6.4783,42.9801],[-6.479,42.9887],[-6.4773,42.9919],[-6.4709,42.9917],[-6.4659,42.9864],[-6.4582,42.9835],[-6.4464,42.9822],[-6.4371,42.993],[-6.4276,42.9876],[-6.4241,42.9876],[-6.4185,42.9921],[-6.4134,42.9939],[-6.4074,42.9994],[-6.4102,43.0009],[-6.4122,43.0075],[-6.4126,43.0152],[-6.408,43.0185],[-6.4024,43.0162],[-6.3944,43.0166],[-6.3908,43.0258],[-6.3917,43.0313],[-6.395,43.0327],[-6.3971,43.0381],[-6.3905,43.0404],[-6.3735,43.0411],[-6.3734,43.0468],[-6.3667,43.0484],[-6.3604,43.0584],[-6.3509,43.0531],[-6.3489,43.05],[-6.3412,43.0491],[-6.3382,43.0459],[-6.3332,43.0465],[-6.3301,43.0433],[-6.3277,43.0321],[-6.3137,43.0313],[-6.3113,43.0289],[-6.3034,43.0289],[-6.2952,43.0269],[-6.2904,43.0344],[-6.2865,43.0353],[-6.2765,43.0296],[-6.2632,43.0159],[-6.2427,43.0135],[-6.2385,43.0144],[-6.2268,43.0089],[-6.229,43.0222],[-6.2223,43.0294],[-6.2227,43.0352],[-6.219,43.0394],[-6.2164,43.047],[-6.1965,43.0427],[-6.1908,43.0446],[-6.1861,43.0495],[-6.1784,43.0478],[-6.1722,43.0436],[-6.1674,43.0424],[-6.164,43.0375],[-6.1499,43.034],[-6.1414,43.0266],[-6.1367,43.021],[-6.1204,43.0243],[-6.1148,43.0287],[-6.1061,43.0294],[-6.0951,43.0345],[-6.0898,43.0382],[-6.0894,43.0417],[-6.095,43.0489],[-6.0903,43.0599],[-6.0919,43.0669],[-6.084,43.0699],[-6.0796,43.0737],[-6.0736,43.0717],[-6.0694,43.0664],[-6.0613,43.0649],[-6.0521,43.0682],[-6.0439,43.0632],[-6.0379,43.063],[-6.0305,43.0575],[-6.0169,43.0534],[-6.0088,43.0577],[-5.9963,43.0579],[-5.9926,43.0637],[-5.9874,43.0675],[-5.9821,43.0645],[-5.9742,43.0651],[-5.9735,43.0594],[-5.9668,43.0587],[-5.9622,43.0529],[-5.965,43.0453],[-5.9697,43.0408],[-5.9626,43.0337],[-5.9584,43.0259],[-5.9558,43.0172],[-5.9443,43.0147],[-5.9384,43.0113],[-5.9334,43.0107],[-5.9296,43.005],[-5.9183,43.0019],[-5.9133,42.9977],[-5.9128,42.9924],[-5.9047,42.9904],[-5.8958,42.9931],[-5.8919,42.9892],[-5.892,42.985],[-5.8885,42.9792],[-5.8815,42.981],[-5.8733,42.9794],[-5.8619,42.9796],[-5.855,42.9752],[-5.85,42.9675],[-5.843,42.9643],[-5.8237,42.9677],[-5.8109,42.9661],[-5.804,42.9626],[-5.7902,42.968],[-5.779,42.967],[-5.7683,42.9685],[-5.7603,42.9727],[-5.7635,42.9755],[-5.7662,42.9863],[-5.7606,42.9901],[-5.7594,42.9987],[-5.7505,43.0057],[-5.7502,43.0128],[-5.7483,43.0173],[-5.7441,43.0205],[-5.7358,43.0225],[-5.7366,43.0252],[-5.7345,43.0337],[-5.7288,43.0382],[-5.7283,43.0425],[-5.7225,43.0422],[-5.716,43.0461],[-5.7014,43.0515],[-5.6931,43.0563],[-5.6884,43.0569],[-5.6755,43.0518],[-5.6723,43.0524],[-5.6595,43.0455],[-5.6512,43.0442],[-5.6431,43.0378],[-5.6367,43.035],[-5.6295,43.0338],[-5.6136,43.0354],[-5.6091,43.0341],[-5.604,43.0358],[-5.5955,43.0333],[-5.5913,43.0343],[-5.5748,43.0321],[-5.57,43.0239],[-5.5665,43.0217],[-5.5574,43.0222],[-5.5558,43.0203],[-5.5402,43.0184],[-5.5304,43.0224],[-5.5289,43.0258],[-5.5063,43.0286],[-5.4997,43.0237],[-5.4938,43.0212],[-5.4903,43.0306],[-5.4851,43.0343],[-5.4815,43.0408],[-5.4807,43.0536],[-5.4756,43.0555],[-5.4668,43.0506],[-5.4544,43.0529],[-5.4482,43.0554],[-5.4339,43.0527],[-5.4278,43.0533],[-5.4169,43.0521],[-5.4146,43.0501],[-5.4059,43.0499],[-5.3986,43.0475],[-5.3905,43.0493],[-5.387,43.0641],[-5.3831,43.0872],[-5.3778,43.0883],[-5.3691,43.0946],[-5.3622,43.0953],[-5.3437,43.0939],[-5.3385,43.0909],[-5.3414,43.0838],[-5.326,43.0795],[-5.3205,43.0793],[-5.3172,43.0827],[-5.3115,43.0842],[-5.2962,43.079],[-5.2877,43.0789],[-5.2821,43.0774],[-5.2808,43.0811],[-5.2736,43.086],[-5.2685,43.0876],[-5.2597,43.0874],[-5.2509,43.0891],[-5.2403,43.0886],[-5.233,43.0846],[-5.226,43.0855],[-5.2202,43.0837],[-5.2094,43.0872],[-5.204,43.0906],[-5.1912,43.0954],[-5.1886,43.0998],[-5.1751,43.1001],[-5.1674,43.1028],[-5.1631,43.1093],[-5.1527,43.1114],[-5.1478,43.1151],[-5.1408,43.1051],[-5.1407,43.1029],[-5.1239,43.1006],[-5.1017,43.1018],[-5.0957,43.1077],[-5.0993,43.1158],[-5.0942,43.123],[-5.0915,43.1323],[-5.0933,43.1443],[-5.0868,43.1475],[-5.0865,43.1537],[-5.0798,43.1593],[-5.0759,43.1713],[-5.0779,43.1733],[-5.0766,43.179],[-5.0652,43.175],[-5.0588,43.1766],[-5.0537,43.1814],[-5.0453,43.1826],[-5.0409,43.1847],[-5.0316,43.1818],[-5.0215,43.1835],[-5.0149,43.1794],[-5.002,43.1752],[-4.9976,43.1703],[-4.9964,43.1853],[-4.9858,43.1932],[-4.9822,43.1988],[-4.9765,43.2016],[-4.9728,43.2009],[-4.9631,43.2127],[-4.9521,43.2146],[-4.9514,43.2195],[-4.9461,43.2211],[-4.9426,43.2249],[-4.9322,43.2246],[-4.9215,43.2263],[-4.9155,43.2336],[-4.9089,43.2379],[-4.8948,43.2382],[-4.8868,43.2353],[-4.8838,43.2318],[-4.871,43.228],[-4.8602,43.215],[-4.8635,43.2119],[-4.8602,43.209],[-4.8608,43.2053],[-4.8565,43.2036],[-4.8528,43.1958],[-4.8455,43.1934],[-4.8396,43.1897],[-4.841,43.1808],[-4.8328,43.1806],[-4.8233,43.1783],[-4.819,43.1791],[-4.8166,43.1833],[-4.8106,43.1812],[-4.7867,43.1858],[-4.779,43.1921],[-4.76,43.1867],[-4.7543,43.184],[-4.7435,43.1844],[-4.7369,43.187],[-4.7336,43.191],[-4.7371,43.196],[-4.7356,43.2017],[-4.7365,43.2069],[-4.7298,43.2135],[-4.7281,43.218],[-4.7307,43.2234],[-4.721,43.2295],[-4.7248,43.237],[-4.7226,43.2406],[-4.7288,43.249],[-4.7301,43.2551],[-4.7191,43.2596],[-4.7116,43.261],[-4.7063,43.2663],[-4.7011,43.2649],[-4.6845,43.2654],[-4.6805,43.2678],[-4.6734,43.2675],[-4.6684,43.265],[-4.6583,43.2642],[-4.6508,43.2659],[-4.6499,43.2681],[-4.6345,43.2683],[-4.637,43.2743],[-4.6268,43.2816],[-4.6238,43.2883],[-4.6208,43.2879],[-4.6069,43.2966],[-4.598,43.2981],[-4.591,43.2931],[-4.5826,43.2919],[-4.5811,43.2898],[-4.5733,43.2891],[-4.5711,43.2917],[-4.5615,43.29],[-4.5503,43.2857],[-4.5536,43.2794],[-4.5527,43.2751],[-4.5474,43.269],[-4.5382,43.2692],[-4.5327,43.2753],[-4.525,43.2774],[-4.5215,43.2804],[-4.5186,43.294],[-4.5191,43.3099],[-4.5202,43.3147],[-4.527,43.3276],[-4.523,43.3334],[-4.523,43.3381],[-4.5366,43.3425],[-4.5377,43.3473],[-4.5318,43.359],[-4.536,43.3646],[-4.5344,43.3677],[-4.5251,43.3659],[-4.5236,43.3693],[-4.5105,43.3817],[-4.5135,43.3901],[-4.5124,43.3933]]]},"properties":{"CodINE":"03","NAMEUNIT":"Principado de Asturias"}},
{"type":"Feature","geometry":{"type":"MultiPolygon","coordinates":[[[[3.0295,39.2898],[3.0283,39.2852],[3.0336,39.2812],[3.0415,39.28],[3.0448,39.2723],[3.0495,39.2661],[3.0556,39.2645],[3.065,39.2656],[3.0733,39.2689],[3.0804,39.2768],[3.0896,39.2855],[3.1012,39.2946],[3.1049,39.3008],[3.1093,39.3021],[3.1178,39.3115],[3.1251,39.3157],[3.1292,39.3135],[3.1376,39.317],[3.1425,39.3207],[3.1413,39.3256],[3.1505,39.3269],[3.1604,39.3259],[3.171,39.3265],[3.1774,39.3295],[3.181,39.3352],[3.1868,39.3351],[3.1881,39.3407],[3.192,39.345],[3.1907,39.3502],[3.1972,39.3526],[3.202,39.3507],[3.2154,39.355],[3.2099,39.3564],[3.213,39.3622],[3.2238,39.3569],[3.2292,39.3589],[3.2326,39.3639],[3.2342,39.3708],[3.2387,39.3706],[3.2392,39.3764],[3.2436,39.3767],[3.248,39.3826],[3.2467,39.3865],[3.2547,39.3955],[3.2541,39.401],[3.2587,39.404],[3.2645,39.4112],[3.261,39.424],[3.2635,39.426],[3.2748,39.4159],[3.277,39.4239],[3.2757,39.4271],[3.2778,39.4402],[3.2778,39.4464],[3.2815,39.4632],[3.2899,39.4777],[3.2903,39.4834],[3.2943,39.487],[3.294,39.4924],[3.2971,39.498],[3.3017,39.5006],[3.3023,39.5044],[3.3263,39.5271],[3.3363,39.5322],[3.3364,39.5414],[3.3412,39.5412],[3.3538,39.5455],[3.354,39.5475],[3.3663,39.5504],[3.3687,39.5563],[3.3752,39.5597],[3.3734,39.5673],[3.3761,39.5728],[3.3835,39.5757],[3.4001,39.5768],[3.4042,39.5804],[3.4025,39.5836],[3.3942,39.5835],[3.3859,39.5887],[3.385,39.5963],[3.3867,39.6034],[3.3904,39.6076],[3.3926,39.6137],[3.3919,39.6181],[3.3959,39.624],[3.3997,39.6323],[3.4093,39.6377],[3.414,39.635],[3.4267,39.6323],[3.4342,39.6328],[3.4387,39.6421],[3.4373,39.6471],[3.4394,39.6542],[3.4434,39.6575],[3.4547,39.6548],[3.4541,39.6693],[3.453,39.6744],[3.458,39.6847],[3.4535,39.6931],[3.4563,39.698],[3.4567,39.7055],[3.463,39.7112],[3.4726,39.7118],[3.4767,39.7165],[3.4757,39.7204],[3.4548,39.7209],[3.4518,39.7266],[3.4618,39.7382],[3.4552,39.7452],[3.4509,39.7436],[3.44,39.7453],[3.4322,39.7451],[3.4304,39.7492],[3.4255,39.7519],[3.4172,39.7511],[3.4038,39.764],[3.3844,39.7645],[3.3737,39.7686],[3.3739,39.7721],[3.3685,39.7765],[3.3591,39.7795],[3.3481,39.7894],[3.3351,39.7841],[3.333,39.7757],[3.3359,39.7691],[3.3306,39.7648],[3.3311,39.7618],[3.3255,39.7579],[3.3224,39.7582],[3.308,39.7546],[3.3013,39.7486],[3.2945,39.7478],[3.2882,39.7444],[3.2851,39.7399],[3.2796,39.7404],[3.2662,39.7336],[3.2604,39.7354],[3.2547,39.7295],[3.2424,39.7305],[3.2349,39.7328],[3.2201,39.7397],[3.2113,39.7422],[3.2062,39.7464],[3.198,39.7482],[3.1852,39.7546],[3.1784,39.7559],[3.1638,39.763],[3.1606,39.7659],[3.1532,39.7677],[3.1351,39.7827],[3.1276,39.7912],[3.1199,39.8041],[3.1179,39.8106],[3.117,39.8215],[3.1207,39.8319],[3.1254,39.8377],[3.1301,39.8407],[3.1369,39.8404],[3.1431,39.8342],[3.1594,39.8368],[3.1631,39.8387],[3.1689,39.837],[3.174,39.8382],[3.1797,39.8419],[3.1965,39.8596],[3.1941,39.8619],[3.1866,39.8633],[3.1842,39.8711],[3.1924,39.8817],[3.2018,39.888],[3.1946,39.8934],[3.1913,39.8921],[3.1827,39.8831],[3.1762,39.8798],[3.1668,39.8777],[3.1626,39.8731],[3.1563,39.8711],[3.1528,39.8722],[3.1491,39.8678],[3.1378,39.8649],[3.1334,39.8691],[3.1286,39.8671],[3.1249,39.863],[3.116,39.8646],[3.1155,39.8621],[3.1064,39.8576],[3.0992,39.8598],[3.0908,39.8659],[3.0824,39.878],[3.0785,39.8887],[3.0809,39.9031],[3.0846,39.9082],[3.0905,39.9112],[3.1009,39.9089],[3.1082,39.9035],[3.1106,39.9118],[3.1153,39.9106],[3.1202,39.9148],[3.1288,39.9183],[3.1313,39.9269],[3.1384,39.9281],[3.1454,39.924],[3.1544,39.9232],[3.1782,39.9374],[3.2022,39.9438],[3.2085,39.9526],[3.2131,39.9556],[3.2144,39.9616],[3.2102,39.9613],[3.206,39.9576],[3.1945,39.9544],[3.1895,39.9571],[3.1832,39.9523],[3.174,39.9516],[3.1792,39.9581],[3.1777,39.9616],[3.1712,39.9581],[3.1652,39.9597],[3.1623,39.9569],[3.1562,39.9571],[3.1461,39.9534],[3.1458,39.9506],[3.1331,39.9449],[3.1313,39.9382],[3.1242,39.9332],[3.119,39.9316],[3.106,39.9323],[3.0976,39.9279],[3.0946,39.9289],[3.1016,39.9351],[3.0956,39.9359],[3.0807,39.925],[3.0731,39.9222],[3.0657,39.923],[3.0607,39.9203],[3.0554,39.9222],[3.061,39.9319],[3.0518,39.9333],[3.0438,39.9296],[3.0326,39.9303],[3.0345,39.9344],[3.0283,39.9351],[3.0203,39.9319],[3.0069,39.9248],[3.0019,39.9238],[2.9943,39.915],[2.987,39.9091],[2.9828,39.9083],[2.9647,39.9105],[2.9597,39.9155],[2.9534,39.9169],[2.9507,39.9201],[2.9411,39.9128],[2.9359,39.9041],[2.925,39.9],[2.9201,39.9018],[2.9185,39.897],[2.9084,39.8951],[2.9022,39.8975],[2.8976,39.8933],[2.8905,39.8919],[2.8889,39.8887],[2.8792,39.883],[2.8749,39.878],[2.8708,39.8767],[2.8537,39.8744],[2.8522,39.8698],[2.8479,39.8669],[2.845,39.8617],[2.8382,39.8653],[2.8273,39.8593],[2.8154,39.8569],[2.8047,39.8624],[2.7992,39.8535],[2.7905,39.8566],[2.7868,39.8527],[2.783,39.8558],[2.7784,39.8556],[2.7744,39.8515],[2.7739,39.8446],[2.7761,39.8403],[2.7661,39.8409],[2.7667,39.8367],[2.7624,39.8326],[2.7503,39.8279],[2.7428,39.8331],[2.7382,39.8294],[2.728,39.8256],[2.7256,39.8225],[2.7152,39.8183],[2.7032,39.8083],[2.6983,39.8092],[2.6943,39.8047],[2.6932,39.7978],[2.6964,39.7933],[2.6837,39.7939],[2.6838,39.7971],[2.6783,39.7981],[2.6693,39.7921],[2.6635,39.7804],[2.6656,39.7755],[2.6525,39.7675],[2.6451,39.7619],[2.6413,39.7616],[2.6357,39.7653],[2.6277,39.7533],[2.6227,39.7478],[2.6117,39.7417],[2.604,39.735],[2.5995,39.7327],[2.5978,39.728],[2.5858,39.7165],[2.5786,39.7143],[2.5703,39.7086],[2.5554,39.7001],[2.5402,39.699],[2.528,39.7016],[2.5157,39.6904],[2.5079,39.6896],[2.4982,39.6844],[2.4907,39.6729],[2.4849,39.6719],[2.4798,39.6687],[2.4751,39.6618],[2.4675,39.6575],[2.4626,39.6523],[2.448,39.6487],[2.4416,39.6447],[2.4354,39.6439],[2.4213,39.6361],[2.4199,39.6302],[2.4115,39.6279],[2.3997,39.6202],[2.3897,39.617],[2.3849,39.6136],[2.3781,39.615],[2.37,39.6146],[2.3662,39.6112],[2.356,39.6055],[2.3558,39.5988],[2.3536,39.596],[2.3471,39.5944],[2.3446,39.5872],[2.3488,39.5838],[2.3498,39.5788],[2.3532,39.5731],[2.349,39.568],[2.3478,39.5636],[2.3554,39.5629],[2.3549,39.5587],[2.3658,39.5553],[2.3688,39.5524],[2.3686,39.5476],[2.3718,39.5445],[2.387,39.5481],[2.3901,39.5462],[2.3841,39.5416],[2.3718,39.5373],[2.3665,39.5367],[2.3642,39.5313],[2.371,39.5313],[2.3772,39.5365],[2.3795,39.533],[2.3881,39.5339],[2.3891,39.5276],[2.3877,39.5209],[2.4049,39.5269],[2.407,39.5326],[2.4056,39.5368],[2.4183,39.5387],[2.4235,39.5359],[2.4233,39.5311],[2.4191,39.5244],[2.4245,39.5237],[2.428,39.5277],[2.435,39.527],[2.4391,39.5286],[2.4401,39.5335],[2.451,39.5371],[2.4575,39.5337],[2.4662,39.5246],[2.4666,39.5192],[2.4791,39.5185],[2.4791,39.5141],[2.4717,39.5125],[2.4668,39.5134],[2.4593,39.5098],[2.458,39.505],[2.462,39.4992],[2.4668,39.4958],[2.4681,39.4904],[2.4735,39.4938],[2.4791,39.4919],[2.4762,39.4838],[2.4778,39.4777],[2.4819,39.476],[2.4762,39.4662],[2.4856,39.4725],[2.4895,39.4729],[2.5003,39.4674],[2.5015,39.4611],[2.506,39.4623],[2.5099,39.4583],[2.516,39.4588],[2.5232,39.4575],[2.522,39.4718],[2.5259,39.4744],[2.5305,39.4837],[2.5361,39.487],[2.5371,39.5005],[2.5338,39.5045],[2.5381,39.5083],[2.5433,39.5086],[2.5458,39.5124],[2.5393,39.5132],[2.5376,39.5195],[2.5405,39.524],[2.5446,39.5241],[2.5564,39.5288],[2.5589,39.5312],[2.5883,39.5335],[2.5971,39.544],[2.5958,39.546],[2.6005,39.551],[2.6081,39.5519],[2.6156,39.5485],[2.619,39.5449],[2.6223,39.5493],[2.6291,39.5656],[2.6332,39.5685],[2.6415,39.5688],[2.6441,39.5671],[2.6331,39.5611],[2.6344,39.5596],[2.6453,39.5657],[2.6574,39.5639],[2.6729,39.5587],[2.6883,39.5527],[2.6932,39.5465],[2.6961,39.5479],[2.7115,39.5338],[2.7191,39.5345],[2.7261,39.5313],[2.7342,39.5251],[2.7439,39.5161],[2.7514,39.5048],[2.7453,39.4966],[2.7373,39.4927],[2.7353,39.4846],[2.727,39.4802],[2.722,39.4757],[2.7281,39.468],[2.7304,39.4624],[2.7391,39.4556],[2.7442,39.4481],[2.748,39.4373],[2.7397,39.4172],[2.7392,39.4128],[2.7421,39.4062],[2.752,39.3943],[2.7585,39.3893],[2.7704,39.3839],[2.7762,39.376],[2.785,39.3684],[2.7873,39.3631],[2.7982,39.3634],[2.8049,39.3671],[2.808,39.3664],[2.8144,39.3605],[2.82,39.3578],[2.8288,39.3561],[2.8337,39.3604],[2.8421,39.3651],[2.8521,39.3654],[2.8557,39.363],[2.8755,39.3628],[2.8802,39.3657],[2.886,39.3654],[2.8925,39.3613],[2.9053,39.3578],[2.9111,39.3526],[2.914,39.3581],[2.9207,39.3617],[2.9305,39.3643],[2.9425,39.3633],[2.9494,39.361],[2.9546,39.3628],[2.9657,39.3587],[2.9688,39.3548],[2.9743,39.3529],[2.9843,39.3446],[2.9908,39.3368],[2.9915,39.3307],[2.9891,39.3258],[2.9844,39.325],[2.987,39.3199],[2.9862,39.3158],[2.9937,39.3148],[3.0013,39.3178],[3.0142,39.3097],[3.0197,39.3039],[3.0181,39.2951],[3.0259,39.2877],[3.0295,39.2898]]],[[[1.3886,38.6404],[1.3944,38.6412],[1.3992,38.6452],[1.4073,38.6491],[1.4207,38.6638],[1.4265,38.6664],[1.4292,38.6652],[1.433,38.6713],[1.4358,38.6789],[1.4429,38.6842],[1.4569,38.6855],[1.4657,38.6848],[1.4768,38.6818],[1.4923,38.6755],[1.5091,38.6663],[1.5158,38.6618],[1.5241,38.6533],[1.5371,38.6514],[1.5405,38.6527],[1.5593,38.6518],[1.5706,38.6505],[1.5736,38.652],[1.575,38.6572],[1.5847,38.6628],[1.5847,38.6698],[1.5816,38.6723],[1.5824,38.6775],[1.5733,38.6855],[1.5691,38.6916],[1.5614,38.6911],[1.5542,38.6876],[1.5512,38.6845],[1.5404,38.6801],[1.5304,38.6728],[1.5125,38.6795],[1.4926,38.6909],[1.4801,38.7012],[1.4779,38.7053],[1.4782,38.7125],[1.4711,38.7191],[1.4707,38.7244],[1.4578,38.724],[1.4543,38.7288],[1.4481,38.7315],[1.44,38.7436],[1.4353,38.7593],[1.4318,38.7446],[1.4257,38.7356],[1.4171,38.7301],[1.4199,38.7242],[1.418,38.722],[1.409,38.7213],[1.4049,38.7278],[1.4015,38.7279],[1.3946,38.7338],[1.394,38.7288],[1.3875,38.7222],[1.3801,38.7181],[1.3863,38.713],[1.3903,38.7002],[1.3888,38.6928],[1.3828,38.6927],[1.3822,38.6825],[1.3874,38.6678],[1.3866,38.6586],[1.3837,38.6484],[1.3847,38.6421],[1.3886,38.6404]]],[[[1.4321,38.7739],[1.4314,38.7843],[1.4255,38.7924],[1.4173,38.7856],[1.4216,38.7802],[1.4276,38.7815],[1.4321,38.7739]]],[[[1.4803,38.788],[1.4774,38.8006],[1.4741,38.7992],[1.4777,38.7899],[1.4803,38.788]]],[[[1.1886,38.8626],[1.1992,38.8648],[1.2034,38.8688],[1.1978,38.8708],[1.1886,38.8626]]],[[[1.6486,39.0317],[1.6462,39.0407],[1.6401,39.0381],[1.6415,39.0335],[1.6486,39.0317]]],[[[1.2141,38.9759],[1.2181,38.9816],[1.2105,38.9841],[1.2145,38.9866],[1.2155,38.9938],[1.2096,38.991],[1.2065,38.9816],[1.2141,38.9759]]],[[[2.9472,39.1252],[2.9577,39.1278],[2.9538,39.1309],[2.9545,39.136],[2.9584,39.1357],[2.9619,39.1404],[2.9567,39.1423],[2.9567,39.1476],[2.9647,39.1503],[2.9695,39.1478],[2.9718,39.1539],[2.9676,39.1619],[2.951,39.1657],[2.9466,39.1637],[2.9511,39.156],[2.9488,39.1527],[2.9419,39.1518],[2.9353,39.1573],[2.9304,39.1537],[2.934,39.1511],[2.9373,39.1446],[2.9276,39.1462],[2.922,39.1586],[2.9185,39.157],[2.9211,39.1522],[2.9195,39.1486],[2.9142,39.1442],[2.9162,39.1382],[2.9257,39.1387],[2.9264,39.1315],[2.933,39.1305],[2.9472,39.1252]]],[[[2.962,39.1754],[2.9673,39.178],[2.9687,39.1841],[2.9716,39.1887],[2.9661,39.1905],[2.9602,39.188],[2.961,39.1846],[2.9554,39.1824],[2.962,39.1754]]],[[[1.4101,38.8909],[1.4183,38.8986],[1.4236,38.9048],[1.4369,38.9023],[1.4402,38.9094],[1.4351,38.9106],[1.4382,38.9158],[1.452,38.9143],[1.4592,38.9183],[1.4631,38.9141],[1.4702,38.9128],[1.4812,38.9186],[1.4863,38.9232],[1.488,38.9274],[1.4945,38.9306],[1.501,38.9305],[1.5043,38.9327],[1.5097,38.9418],[1.5101,38.9467],[1.5166,38.9469],[1.5218,38.9437],[1.529,38.9463],[1.5276,38.9514],[1.5312,38.9566],[1.533,38.9677],[1.5313,38.9794],[1.5391,38.9857],[1.5438,38.9844],[1.5516,38.9924],[1.5576,38.9907],[1.5603,38.9929],[1.5761,38.9908],[1.5804,38.9937],[1.5784,39.0018],[1.5817,39.002],[1.5817,39.0081],[1.5855,39.01],[1.5892,39.015],[1.5936,39.0152],[1.5965,39.0184],[1.5961,39.0229],[1.6027,39.0241],[1.6061,39.0297],[1.6186,39.0253],[1.6165,39.0298],[1.6202,39.0328],[1.6186,39.0369],[1.6073,39.0365],[1.6095,39.0438],[1.5955,39.0515],[1.5903,39.0576],[1.588,39.064],[1.5911,39.0745],[1.5946,39.0761],[1.6004,39.0739],[1.6024,39.0788],[1.5998,39.0848],[1.6042,39.0909],[1.5955,39.094],[1.5845,39.0963],[1.5675,39.098],[1.5655,39.0943],[1.5571,39.0933],[1.5511,39.1009],[1.5452,39.1055],[1.5379,39.1065],[1.5419,39.1118],[1.5419,39.1165],[1.5325,39.1184],[1.5242,39.1148],[1.5184,39.1156],[1.5147,39.1131],[1.507,39.1136],[1.506,39.1115],[1.5089,39.1029],[1.4989,39.1001],[1.4923,39.1017],[1.4931,39.1087],[1.4868,39.11],[1.4864,39.1055],[1.4819,39.1013],[1.4747,39.1053],[1.4695,39.0994],[1.4663,39.1002],[1.4527,39.0969],[1.4441,39.0881],[1.4405,39.0805],[1.4345,39.0873],[1.4264,39.0926],[1.4202,39.089],[1.4197,39.0842],[1.4165,39.0813],[1.4172,39.0777],[1.4099,39.0781],[1.4078,39.0756],[1.4009,39.0759],[1.3952,39.0795],[1.3865,39.0781],[1.381,39.0705],[1.3799,39.0649],[1.3752,39.0623],[1.3661,39.0642],[1.3617,39.0748],[1.3564,39.0716],[1.3568,39.0686],[1.3455,39.0606],[1.3415,39.0529],[1.3339,39.055],[1.3256,39.0525],[1.3262,39.0483],[1.3097,39.0414],[1.3008,39.0334],[1.2957,39.0325],[1.2904,39.0272],[1.2951,39.0189],[1.2941,39.012],[1.2965,39.0087],[1.2906,39.0014],[1.2857,38.9991],[1.2845,38.9939],[1.2887,38.9893],[1.2964,38.9853],[1.2932,38.9825],[1.2988,38.9781],[1.3055,38.9795],[1.3078,38.9742],[1.2987,38.9681],[1.2917,38.9727],[1.288,38.9713],[1.2837,38.9742],[1.2763,38.9699],[1.267,38.9699],[1.2635,38.9675],[1.2514,38.9691],[1.2448,38.9659],[1.2397,38.9688],[1.2273,38.9691],[1.2248,38.9636],[1.2199,38.9629],[1.2152,38.9586],[1.2197,38.9541],[1.2204,38.9507],[1.2259,38.9485],[1.2321,38.9416],[1.2365,38.9388],[1.2325,38.9323],[1.2277,38.9279],[1.2285,38.9249],[1.2205,38.9223],[1.2223,38.92],[1.2198,38.9109],[1.2141,38.9051],[1.214,38.898],[1.2253,38.8874],[1.2221,38.8793],[1.2287,38.8731],[1.235,38.8727],[1.2432,38.8666],[1.244,38.8627],[1.2485,38.8559],[1.2553,38.8598],[1.255,38.8637],[1.2668,38.8776],[1.2718,38.8794],[1.2887,38.8759],[1.2972,38.8767],[1.3048,38.8687],[1.2981,38.8628],[1.305,38.8626],[1.3142,38.8682],[1.3248,38.8632],[1.3297,38.8679],[1.3458,38.8703],[1.3557,38.865],[1.3614,38.8604],[1.3664,38.8529],[1.3708,38.8414],[1.3694,38.8349],[1.3755,38.8325],[1.3809,38.835],[1.3843,38.8424],[1.3934,38.8405],[1.4053,38.8317],[1.4022,38.849],[1.4067,38.865],[1.4032,38.8747],[1.405,38.8813],[1.4101,38.8909]]],[[[2.306,39.5722],[2.3185,39.5767],[2.3268,39.5866],[2.334,39.5893],[2.3349,39.5967],[2.3221,39.5919],[2.3138,39.5844],[2.3077,39.5819],[2.3032,39.5728],[2.306,39.5722]]],[[[4.2854,39.7993],[4.2944,39.7993],[4.2923,39.8031],[4.2854,39.7993]]],[[[4.2753,39.8844],[4.2736,39.891],[4.2693,39.8897],[4.264,39.8939],[4.2745,39.8937],[4.286,39.8917],[4.2964,39.8856],[4.3025,39.8831],[4.3103,39.8777],[4.3083,39.8721],[4.3157,39.8711],[4.3277,39.877],[4.3162,39.8794],[4.3109,39.8818],[4.3095,39.8905],[4.3056,39.8972],[4.2984,39.8977],[4.2924,39.9105],[4.2876,39.9115],[4.2854,39.9181],[4.2853,39.9246],[4.2806,39.9295],[4.2743,39.9337],[4.2753,39.939],[4.2811,39.9426],[4.2803,39.9492],[4.2759,39.9514],[4.27,39.9513],[4.2675,39.9539],[4.2702,39.9585],[4.258,39.963],[4.2553,39.9672],[4.2592,39.9734],[4.2609,39.9796],[4.2581,39.9829],[4.2603,39.9856],[4.2549,39.9893],[4.2573,39.9952],[4.2672,39.9964],[4.2668,39.9984],[4.2509,39.9986],[4.2502,40.0015],[4.2415,39.999],[4.2386,40.0005],[4.2303,39.9965],[4.2166,39.9999],[4.2113,40.0024],[4.2086,40.0071],[4.2005,40.0057],[4.1992,40.0131],[4.2027,40.0185],[4.194,40.0239],[4.1953,40.0322],[4.1887,40.034],[4.1864,40.0323],[4.1817,40.0218],[4.1728,40.0245],[4.1681,40.0297],[4.1712,40.036],[4.1601,40.0357],[4.1658,40.044],[4.163,40.0474],[4.168,40.0585],[4.1655,40.0629],[4.1531,40.0681],[4.1454,40.0662],[4.1376,40.0673],[4.1374,40.0607],[4.1406,40.0556],[4.1396,40.052],[4.1423,40.0486],[4.1392,40.0322],[4.1312,40.0329],[4.132,40.0283],[4.1278,40.0261],[4.1209,40.032],[4.1278,40.0496],[4.1337,40.058],[4.1335,40.0632],[4.1263,40.0626],[4.1246,40.055],[4.1098,40.0545],[4.1068,40.0443],[4.1034,40.0445],[4.098,40.0584],[4.0932,40.0616],[4.0964,40.0694],[4.0929,40.0715],[4.0979,40.0837],[4.0918,40.0895],[4.0859,40.0875],[4.0902,40.0823],[4.09,40.0771],[4.0842,40.0699],[4.0781,40.0683],[4.0754,40.0654],[4.0774,40.0619],[4.0746,40.0588],[4.0686,40.0579],[4.0597,40.0591],[4.054,40.0565],[4.0543,40.0522],[4.0438,40.0546],[4.0358,40.0642],[4.0289,40.0623],[4.0147,40.0567],[4.0102,40.0594],[3.9952,40.0589],[3.9873,40.0559],[3.9871,40.0529],[3.9802,40.052],[3.9689,40.054],[3.967,40.0574],[3.9584,40.0612],[3.9493,40.0568],[3.941,40.0567],[3.9384,40.0616],[3.9322,40.0623],[3.931,40.0582],[3.9238,40.0565],[3.9209,40.0514],[3.9245,40.0502],[3.9208,40.0454],[3.9144,40.0505],[3.9092,40.0487],[3.9044,40.0574],[3.899,40.0594],[3.8891,40.0571],[3.8848,40.0585],[3.8832,40.0532],[3.8764,40.0526],[3.8656,40.0545],[3.8534,40.0552],[3.8392,40.0531],[3.837,40.0497],[3.8315,40.0527],[3.8258,40.0527],[3.8216,40.0501],[3.8215,40.0462],[3.8155,40.0394],[3.8079,40.0254],[3.7989,40.0211],[3.7923,40.0195],[3.7908,40.0161],[3.796,40.009],[3.7946,40],[3.7989,39.9978],[3.8048,39.9979],[3.8116,39.9956],[3.8226,39.997],[3.8299,39.9938],[3.8291,39.9878],[3.8327,39.9785],[3.8299,39.9699],[3.8335,39.9662],[3.8343,39.9605],[3.8259,39.954],[3.8259,39.9454],[3.8232,39.9425],[3.8218,39.9316],[3.82,39.9282],[3.8224,39.9232],[3.829,39.9234],[3.8341,39.9255],[3.8387,39.9243],[3.8435,39.9257],[3.8541,39.9214],[3.8636,39.9225],[3.8769,39.9222],[3.8867,39.9229],[3.896,39.9274],[3.8964,39.9224],[3.9112,39.9251],[3.9217,39.9319],[3.9307,39.9315],[3.9369,39.9347],[3.9376,39.9375],[3.9474,39.9333],[3.9572,39.9383],[3.961,39.9326],[3.9763,39.9318],[3.9821,39.929],[3.987,39.9295],[3.9942,39.9258],[4.0019,39.9244],[4.0127,39.9202],[4.019,39.9222],[4.025,39.9205],[4.0432,39.9128],[4.0503,39.908],[4.0589,39.9058],[4.0786,39.896],[4.0869,39.8852],[4.0979,39.8787],[4.1052,39.8766],[4.1242,39.8678],[4.1323,39.8678],[4.1341,39.8646],[4.147,39.8609],[4.1603,39.8519],[4.1707,39.848],[4.1717,39.8455],[4.1784,39.8429],[4.1824,39.8395],[4.197,39.8323],[4.2069,39.829],[4.2196,39.8273],[4.2312,39.8209],[4.2366,39.8166],[4.2476,39.8154],[4.2513,39.8133],[4.2669,39.8094],[4.2754,39.8094],[4.2868,39.8149],[4.2961,39.8232],[4.2951,39.8266],[4.3032,39.8351],[4.2993,39.8409],[4.3036,39.8471],[4.3084,39.8488],[4.305,39.8616],[4.3074,39.8646],[4.3037,39.8711],[4.2939,39.8778],[4.2936,39.8815],[4.2841,39.8838],[4.2785,39.8867],[4.2753,39.8844]]],[[[4.2769,39.9561],[4.2801,39.9613],[4.2735,39.9643],[4.2745,39.9575],[4.2769,39.9561]]]]},"properties":{"CodINE":"04","NAMEUNIT":"Illes Balears"}},
{"type":"Feature","geometry":{"type":"MultiPolygon","coordinates":[[[[-16.5973,28.028],[-16.591,28.0276],[-16.5874,28.0296],[-16.5818,28.0289],[-16.5713,28.0312],[-16.5668,28.0291],[-16.5588,28.0313],[-16.5517,28.0297],[-16.5465,28.0249],[-16.5403,28.0323],[-16.5431,28.0366],[-16.5408,28.0424],[-16.5335,28.0435],[-16.5332,28.0473],[-16.5259,28.0502],[-16.5221,28.0533],[-16.5206,28.0595],[-16.5166,28.0601],[-16.5072,28.0697],[-16.5039,28.0762],[-16.4935,28.0789],[-16.4895,28.086],[-16.4908,28.0884],[-16.481,28.096],[-16.4797,28.0994],[-16.4753,28.1019],[-16.4725,28.1079],[-16.4619,28.1143],[-16.4639,28.1184],[-16.4563,28.1251],[-16.4488,28.1295],[-16.4487,28.1348],[-16.4426,28.1348],[-16.4424,28.1393],[-16.4399,28.1423],[-16.4344,28.141],[-16.4315,28.1426],[-16.4253,28.1501],[-16.4344,28.1556],[-16.431,28.1649],[-16.4263,28.1645],[-16.425,28.1681],[-16.4299,28.173],[-16.4281,28.1795],[-16.4279,28.1859],[-16.4251,28.1919],[-16.4221,28.1937],[-16.4209,28.1985],[-16.425,28.2021],[-16.4157,28.216],[-16.4132,28.2214],[-16.4104,28.223],[-16.4087,28.2312],[-16.4025,28.2437],[-16.3983,28.2485],[-16.3941,28.2575],[-16.3873,28.2645],[-16.3871,28.2686],[-16.384,28.2724],[-16.3837,28.2847],[-16.3776,28.2904],[-16.3697,28.2998],[-16.3645,28.3016],[-16.3621,28.306],[-16.3594,28.32],[-16.363,28.3264],[-16.3626,28.333],[-16.3673,28.3414],[-16.369,28.3464],[-16.3689,28.3575],[-16.3642,28.3619],[-16.3611,28.3687],[-16.3617,28.3759],[-16.3556,28.3832],[-16.3472,28.3867],[-16.3443,28.3915],[-16.3354,28.3969],[-16.3338,28.4006],[-16.3283,28.4023],[-16.3195,28.4005],[-16.3177,28.4046],[-16.3086,28.4088],[-16.305,28.4128],[-16.3007,28.4143],[-16.2969,28.4196],[-16.294,28.4206],[-16.2918,28.4266],[-16.2808,28.4336],[-16.2751,28.4395],[-16.2698,28.4474],[-16.2597,28.4519],[-16.254,28.4505],[-16.2499,28.4553],[-16.2453,28.4652],[-16.2463,28.4695],[-16.2449,28.4744],[-16.2354,28.4865],[-16.2301,28.4858],[-16.2267,28.4888],[-16.2182,28.4898],[-16.2118,28.4948],[-16.2027,28.4991],[-16.198,28.4962],[-16.1872,28.508],[-16.1794,28.5094],[-16.173,28.5154],[-16.1559,28.5228],[-16.1517,28.5233],[-16.1437,28.5213],[-16.1432,28.5247],[-16.1385,28.5277],[-16.1378,28.5325],[-16.1295,28.537],[-16.1268,28.5436],[-16.1266,28.5482],[-16.1212,28.5513],[-16.1195,28.5557],[-16.1258,28.5621],[-16.1256,28.5677],[-16.1274,28.5716],[-16.1352,28.5773],[-16.1365,28.5829],[-16.154,28.5867],[-16.1581,28.5887],[-16.1679,28.5841],[-16.172,28.5852],[-16.1751,28.5817],[-16.1863,28.5755],[-16.1902,28.5752],[-16.1932,28.5719],[-16.1971,28.5728],[-16.2092,28.5691],[-16.2174,28.5679],[-16.2256,28.5655],[-16.2339,28.5669],[-16.2432,28.5717],[-16.2516,28.5713],[-16.2571,28.5694],[-16.2614,28.5732],[-16.2722,28.5752],[-16.2781,28.5713],[-16.2836,28.5761],[-16.2906,28.5701],[-16.2972,28.569],[-16.3038,28.5708],[-16.3075,28.5744],[-16.311,28.5713],[-16.3164,28.5727],[-16.3193,28.5782],[-16.323,28.5789],[-16.3286,28.5767],[-16.3318,28.5731],[-16.3336,28.5578],[-16.3369,28.556],[-16.3443,28.5567],[-16.3542,28.5498],[-16.3684,28.5468],[-16.3771,28.5478],[-16.3834,28.5463],[-16.3973,28.5384],[-16.3983,28.5337],[-16.4027,28.5331],[-16.4156,28.521],[-16.4214,28.5176],[-16.4198,28.5128],[-16.4213,28.5075],[-16.4239,28.5063],[-16.4243,28.5008],[-16.4269,28.4925],[-16.4298,28.488],[-16.4382,28.4816],[-16.4434,28.4801],[-16.4435,28.476],[-16.4497,28.474],[-16.4564,28.4686],[-16.4556,28.4602],[-16.46,28.4579],[-16.4649,28.4596],[-16.4671,28.4556],[-16.4742,28.453],[-16.47,28.4485],[-16.4768,28.4407],[-16.4822,28.4407],[-16.4869,28.4377],[-16.4929,28.4402],[-16.4969,28.4385],[-16.5031,28.4246],[-16.5119,28.4196],[-16.5207,28.4175],[-16.5299,28.418],[-16.5334,28.4167],[-16.5409,28.4172],[-16.5421,28.4207],[-16.5481,28.4188],[-16.5552,28.4187],[-16.5621,28.4112],[-16.5713,28.4073],[-16.5726,28.4041],[-16.5782,28.4051],[-16.5879,28.398],[-16.5921,28.3977],[-16.5982,28.3997],[-16.6025,28.3944],[-16.6083,28.3937],[-16.6273,28.3964],[-16.6383,28.3943],[-16.6444,28.3985],[-16.647,28.3961],[-16.6528,28.3958],[-16.6609,28.4012],[-16.6619,28.3986],[-16.6696,28.401],[-16.6767,28.3986],[-16.6765,28.3931],[-16.6815,28.3904],[-16.6903,28.3931],[-16.6934,28.3929],[-16.6946,28.3872],[-16.7011,28.3837],[-16.7093,28.3833],[-16.7167,28.3859],[-16.7242,28.3833],[-16.724,28.3776],[-16.7306,28.3769],[-16.7337,28.3825],[-16.7428,28.3783],[-16.7492,28.3713],[-16.7523,28.3707],[-16.755,28.3749],[-16.7655,28.3751],[-16.7696,28.3711],[-16.772,28.374],[-16.7809,28.3734],[-16.7882,28.3754],[-16.7923,28.3734],[-16.7947,28.3768],[-16.8078,28.3759],[-16.8147,28.3799],[-16.8149,28.382],[-16.821,28.3845],[-16.8257,28.3883],[-16.829,28.3932],[-16.8351,28.3923],[-16.8415,28.3873],[-16.8489,28.388],[-16.855,28.3813],[-16.8609,28.3776],[-16.8687,28.3748],[-16.8709,28.3713],[-16.8757,28.3709],[-16.8819,28.3673],[-16.8959,28.3626],[-16.9041,28.3648],[-16.9162,28.3614],[-16.9242,28.3505],[-16.9207,28.3428],[-16.9047,28.3383],[-16.9,28.3326],[-16.8948,28.3241],[-16.8895,28.3181],[-16.882,28.3142],[-16.8804,28.3034],[-16.8704,28.2964],[-16.8664,28.2901],[-16.8614,28.2875],[-16.8635,28.2833],[-16.8594,28.2749],[-16.8504,28.2729],[-16.85,28.268],[-16.8411,28.2644],[-16.8378,28.2556],[-16.8397,28.2482],[-16.8437,28.2448],[-16.8459,28.2399],[-16.8424,28.2345],[-16.8383,28.2242],[-16.836,28.2101],[-16.8333,28.202],[-16.8298,28.2012],[-16.821,28.1856],[-16.8197,28.1808],[-16.813,28.18],[-16.8059,28.1723],[-16.806,28.163],[-16.8042,28.1577],[-16.7987,28.1527],[-16.7976,28.1467],[-16.7928,28.1394],[-16.7885,28.137],[-16.7865,28.1303],[-16.7812,28.1261],[-16.7802,28.1214],[-16.7746,28.1183],[-16.7737,28.1137],[-16.7691,28.1104],[-16.7637,28.1105],[-16.7587,28.1055],[-16.7591,28.1026],[-16.7529,28.0987],[-16.7504,28.0945],[-16.7389,28.088],[-16.7363,28.0834],[-16.7358,28.0765],[-16.7328,28.0727],[-16.7329,28.0638],[-16.7366,28.0598],[-16.7368,28.0545],[-16.7294,28.0512],[-16.7239,28.0519],[-16.7206,28.0483],[-16.7145,28.0494],[-16.7111,28.0467],[-16.7094,28.0419],[-16.71,28.0361],[-16.7083,28.0313],[-16.7046,28.0269],[-16.7071,28.0193],[-16.7074,28.0111],[-16.7018,28.0046],[-16.6937,28.0002],[-16.6854,27.9982],[-16.6782,27.9984],[-16.6712,28.0048],[-16.6667,28.0035],[-16.6662,28.0077],[-16.6593,28.0085],[-16.6561,28.006],[-16.6491,28.0075],[-16.646,28.0038],[-16.6328,28.0088],[-16.6319,28.0124],[-16.6268,28.0157],[-16.6258,28.0184],[-16.6186,28.0189],[-16.5973,28.028]]],[[[-17.9607,27.6926],[-17.9584,27.6968],[-17.9595,27.7038],[-17.9574,27.7104],[-17.9573,27.7196],[-17.9488,27.7287],[-17.9428,27.7305],[-17.9401,27.7284],[-17.9317,27.7285],[-17.927,27.7323],[-17.9241,27.7467],[-17.9126,27.7634],[-17.9096,27.7654],[-17.9143,27.7707],[-17.9111,27.7718],[-17.9049,27.7796],[-17.9041,27.7842],[-17.8962,27.7877],[-17.8921,27.7927],[-17.8887,27.7999],[-17.8833,27.8042],[-17.8836,27.813],[-17.8862,27.8174],[-17.894,27.8239],[-17.8935,27.8295],[-17.8991,27.8359],[-17.9032,27.8378],[-17.9073,27.8431],[-17.9157,27.844],[-17.917,27.8476],[-17.9228,27.8489],[-17.9349,27.8486],[-17.9416,27.8458],[-17.9452,27.841],[-17.9558,27.8417],[-17.9634,27.8391],[-17.9639,27.8355],[-17.9753,27.8259],[-17.982,27.8246],[-17.9882,27.8212],[-17.992,27.8222],[-17.9873,27.8126],[-17.9863,27.8074],[-17.9891,27.7997],[-17.9977,27.7908],[-18.0061,27.7887],[-18.0146,27.7828],[-18.0165,27.7778],[-18.0216,27.7727],[-18.0334,27.7659],[-18.0366,27.762],[-18.0396,27.7622],[-18.0575,27.7579],[-18.0601,27.756],[-18.071,27.7531],[-18.0823,27.7531],[-18.1006,27.7565],[-18.1059,27.7566],[-18.1141,27.7595],[-18.121,27.7646],[-18.1213,27.7687],[-18.1324,27.7712],[-18.1407,27.7626],[-18.1469,27.7596],[-18.1513,27.7599],[-18.1553,27.7514],[-18.152,27.7485],[-18.1513,27.744],[-18.1519,27.732],[-18.1564,27.7297],[-18.1597,27.7251],[-18.1607,27.7163],[-18.1566,27.7109],[-18.1505,27.708],[-18.1459,27.7038],[-18.1368,27.7033],[-18.1242,27.7051],[-18.1072,27.7008],[-18.098,27.701],[-18.0832,27.6971],[-18.0723,27.6971],[-18.0618,27.6945],[-18.0506,27.6927],[-18.0378,27.6862],[-18.0279,27.6772],[-18.0287,27.6739],[-18.0195,27.6654],[-18.0196,27.6609],[-18.0104,27.6517],[-18.0093,27.6494],[-17.9988,27.6468],[-17.9948,27.6405],[-17.9867,27.6377],[-17.9799,27.6407],[-17.9781,27.6395],[-17.9704,27.649],[-17.9713,27.6682],[-17.9724,27.672],[-17.9672,27.6795],[-17.9667,27.6858],[-17.9607,27.6926]]],[[[-17.1921,28.0296],[-17.1857,28.0298],[-17.1811,28.0373],[-17.1743,28.0394],[-17.1708,28.0356],[-17.167,28.0369],[-17.1684,28.0417],[-17.164,28.0427],[-17.16,28.0486],[-17.1568,28.0489],[-17.153,28.0546],[-17.1473,28.0535],[-17.1442,28.0556],[-17.1447,28.0607],[-17.1282,28.0738],[-17.1238,28.0726],[-17.1179,28.0756],[-17.1137,28.0811],[-17.1136,28.0858],[-17.1095,28.0899],[-17.1054,28.0911],[-17.0985,28.0956],[-17.104,28.1033],[-17.1038,28.1141],[-17.1061,28.1227],[-17.1035,28.1284],[-17.1096,28.1307],[-17.114,28.1356],[-17.1108,28.1416],[-17.1177,28.1455],[-17.1179,28.152],[-17.1255,28.1521],[-17.132,28.1548],[-17.1357,28.1595],[-17.1456,28.1613],[-17.1506,28.1634],[-17.1568,28.169],[-17.1551,28.1726],[-17.1661,28.1726],[-17.1681,28.1808],[-17.1764,28.1774],[-17.1843,28.1812],[-17.1856,28.1877],[-17.1935,28.1944],[-17.1933,28.1967],[-17.2015,28.1995],[-17.2072,28.1972],[-17.212,28.2021],[-17.2284,28.2022],[-17.234,28.2005],[-17.2355,28.2039],[-17.2452,28.2009],[-17.2457,28.2046],[-17.2527,28.2037],[-17.2526,28.2089],[-17.2605,28.2134],[-17.2604,28.2174],[-17.2752,28.2178],[-17.2786,28.2139],[-17.2853,28.2102],[-17.2884,28.2122],[-17.2926,28.2076],[-17.2998,28.2083],[-17.3059,28.2034],[-17.3134,28.2025],[-17.316,28.2044],[-17.3228,28.1975],[-17.3213,28.1922],[-17.3246,28.1885],[-17.3291,28.1872],[-17.3333,28.1764],[-17.3366,28.1743],[-17.3366,28.1683],[-17.3347,28.1627],[-17.3461,28.1486],[-17.3464,28.1431],[-17.3431,28.1409],[-17.3411,28.1314],[-17.3453,28.1238],[-17.3474,28.1122],[-17.3466,28.1056],[-17.3489,28.0984],[-17.342,28.0946],[-17.3395,28.086],[-17.3345,28.0822],[-17.3246,28.08],[-17.3204,28.0757],[-17.3185,28.0696],[-17.3209,28.0649],[-17.3133,28.0571],[-17.3127,28.0541],[-17.3076,28.0514],[-17.2988,28.0501],[-17.2935,28.0463],[-17.2892,28.0395],[-17.2797,28.0382],[-17.2736,28.0335],[-17.271,28.0257],[-17.266,28.0247],[-17.2563,28.0263],[-17.25,28.025],[-17.2489,28.0218],[-17.2434,28.0199],[-17.2346,28.0227],[-17.2342,28.0251],[-17.2172,28.0258],[-17.2109,28.0272],[-17.2084,28.0243],[-17.1979,28.0245],[-17.198,28.0276],[-17.1921,28.0296]]],[[[-15.4084,27.8478],[-15.4031,27.8491],[-15.3978,27.8566],[-15.3895,27.8551],[-15.384,27.8646],[-15.3867,27.8664],[-15.3856,27.8713],[-15.3826,27.8737],[-15.3853,27.878],[-15.3901,27.8797],[-15.3927,27.8847],[-15.3937,27.8915],[-15.3904,27.8943],[-15.3858,27.9064],[-15.3867,27.911],[-15.3839,27.9277],[-15.3765,27.9348],[-15.3725,27.9358],[-15.3696,27.9331],[-15.3614,27.9293],[-15.3585,27.9312],[-15.3612,27.9369],[-15.3697,27.9402],[-15.3683,27.9445],[-15.3749,27.9452],[-15.3811,27.9501],[-15.3778,27.9554],[-15.3819,27.9578],[-15.379,27.9645],[-15.3843,27.9678],[-15.381,27.9747],[-15.3757,27.979],[-15.3782,27.9829],[-15.3742,27.9883],[-15.368,27.9913],[-15.3737,27.996],[-15.3764,28.0076],[-15.3816,28.0147],[-15.3853,28.0167],[-15.3852,28.0215],[-15.3889,28.0293],[-15.3918,28.0293],[-15.4058,28.0374],[-15.4072,28.0399],[-15.4143,28.045],[-15.4161,28.048],[-15.4133,28.0527],[-15.419,28.0586],[-15.4196,28.0623],[-15.4145,28.0743],[-15.4164,28.0837],[-15.4124,28.0907],[-15.4112,28.0981],[-15.4145,28.1108],[-15.4208,28.1192],[-15.4274,28.1264],[-15.4289,28.1306],[-15.4277,28.1468],[-15.4173,28.1463],[-15.4175,28.1287],[-15.4121,28.1286],[-15.4118,28.1367],[-15.4154,28.1395],[-15.4156,28.1471],[-15.4103,28.1544],[-15.4073,28.154],[-15.405,28.1619],[-15.3982,28.1613],[-15.3986,28.1646],[-15.4057,28.1682],[-15.4038,28.174],[-15.4085,28.1784],[-15.4148,28.1775],[-15.4225,28.1799],[-15.4312,28.1719],[-15.4394,28.1692],[-15.4414,28.1631],[-15.433,28.1573],[-15.4315,28.1458],[-15.4372,28.1384],[-15.4457,28.1312],[-15.4511,28.1308],[-15.4544,28.1279],[-15.4628,28.1281],[-15.4679,28.1261],[-15.4786,28.1365],[-15.4859,28.1358],[-15.4866,28.138],[-15.497,28.1443],[-15.5008,28.1429],[-15.5089,28.1482],[-15.5172,28.1474],[-15.5216,28.1529],[-15.5294,28.1552],[-15.5349,28.1504],[-15.538,28.1513],[-15.5426,28.1476],[-15.5561,28.1459],[-15.5673,28.146],[-15.5747,28.1438],[-15.5801,28.1441],[-15.5876,28.1475],[-15.5975,28.1444],[-15.6018,28.145],[-15.6073,28.149],[-15.6125,28.1472],[-15.6174,28.1543],[-15.625,28.1605],[-15.624,28.1621],[-15.6317,28.1696],[-15.6371,28.1718],[-15.6427,28.1667],[-15.6467,28.1651],[-15.6538,28.1656],[-15.6657,28.1583],[-15.6763,28.1604],[-15.682,28.1698],[-15.6908,28.1695],[-15.6932,28.1649],[-15.6987,28.1631],[-15.709,28.1659],[-15.7094,28.1626],[-15.7044,28.1571],[-15.6962,28.1517],[-15.704,28.1422],[-15.7007,28.1404],[-15.6997,28.1318],[-15.7039,28.1311],[-15.7045,28.1275],[-15.709,28.1215],[-15.7062,28.1193],[-15.7063,28.1086],[-15.7111,28.107],[-15.7131,28.1028],[-15.7082,28.0988],[-15.7077,28.0888],[-15.7137,28.079],[-15.7214,28.0703],[-15.731,28.0638],[-15.734,28.0641],[-15.7378,28.0546],[-15.7505,28.0497],[-15.7534,28.0473],[-15.7613,28.0449],[-15.7654,28.0462],[-15.7678,28.0431],[-15.7677,28.0373],[-15.7719,28.0325],[-15.7788,28.0282],[-15.7803,28.025],[-15.7863,28.0211],[-15.7981,28.0168],[-15.8069,28.0157],[-15.8115,28.0176],[-15.823,28.0134],[-15.82,28.0106],[-15.8174,28.0048],[-15.8214,27.9982],[-15.8231,27.9879],[-15.8271,27.9807],[-15.8332,27.9745],[-15.8344,27.9711],[-15.8328,27.9643],[-15.8334,27.9596],[-15.8302,27.9555],[-15.8285,27.9497],[-15.8282,27.9413],[-15.83,27.9388],[-15.8295,27.9312],[-15.8315,27.9237],[-15.8344,27.9193],[-15.8331,27.9101],[-15.8281,27.9061],[-15.8259,27.901],[-15.8181,27.893],[-15.8123,27.8789],[-15.8066,27.8726],[-15.7982,27.8572],[-15.7986,27.8532],[-15.791,27.8452],[-15.7917,27.8419],[-15.7872,27.8341],[-15.7812,27.8297],[-15.779,27.83],[-15.7735,27.8221],[-15.767,27.8172],[-15.7627,27.8179],[-15.7539,27.8147],[-15.7504,27.8082],[-15.7454,27.8072],[-15.7423,27.8015],[-15.7353,27.7975],[-15.7315,27.7987],[-15.7278,27.7959],[-15.7286,27.7927],[-15.7245,27.7884],[-15.7098,27.7801],[-15.7008,27.7737],[-15.69,27.7713],[-15.6871,27.7637],[-15.6806,27.7564],[-15.677,27.7541],[-15.6746,27.7492],[-15.6713,27.7506],[-15.6683,27.7552],[-15.6579,27.7564],[-15.6518,27.7547],[-15.6474,27.7513],[-15.6394,27.7509],[-15.6318,27.7461],[-15.628,27.7451],[-15.6198,27.749],[-15.6128,27.7453],[-15.6062,27.7391],[-15.5991,27.7346],[-15.5921,27.7362],[-15.583,27.7353],[-15.576,27.736],[-15.569,27.7391],[-15.5681,27.7501],[-15.5658,27.7577],[-15.5599,27.7631],[-15.5496,27.7673],[-15.5435,27.7671],[-15.5326,27.7726],[-15.5227,27.7794],[-15.5166,27.7819],[-15.5088,27.7803],[-15.5033,27.7834],[-15.4968,27.7888],[-15.4869,27.7928],[-15.4745,27.7935],[-15.466,27.7964],[-15.4556,27.7983],[-15.4386,27.8003],[-15.4294,27.8039],[-15.4227,27.8103],[-15.4207,27.8181],[-15.4233,27.8222],[-15.4223,27.831],[-15.4182,27.8345],[-15.4186,27.8399],[-15.4135,27.8473],[-15.4084,27.8478]]],[[[-13.8221,28.737],[-13.8144,28.7394],[-13.8113,28.7558],[-13.813,28.7569],[-13.8127,28.7642],[-13.8165,28.7648],[-13.8192,28.7605],[-13.8234,28.7603],[-13.8261,28.7565],[-13.8357,28.7517],[-13.8301,28.743],[-13.8255,28.742],[-13.8221,28.737]]],[[[-13.5296,29.3039],[-13.535,29.3066],[-13.5399,29.3023],[-13.5373,29.2947],[-13.54,29.2903],[-13.5346,29.2892],[-13.5296,29.2991],[-13.5296,29.3039]]],[[[-13.4888,29.25],[-13.4886,29.2536],[-13.4838,29.2596],[-13.4776,29.26],[-13.4721,29.2645],[-13.4733,29.2703],[-13.483,29.2797],[-13.495,29.2791],[-13.4986,29.2844],[-13.5084,29.2905],[-13.5155,29.2849],[-13.5151,29.2789],[-13.5238,29.2666],[-13.5206,29.2584],[-13.5248,29.2529],[-13.5283,29.2517],[-13.5264,29.2427],[-13.5332,29.2368],[-13.5382,29.2362],[-13.5453,29.2328],[-13.5483,29.2281],[-13.548,29.2236],[-13.5446,29.219],[-13.5377,29.221],[-13.5353,29.2167],[-13.5285,29.2206],[-13.522,29.2191],[-13.5133,29.2264],[-13.5051,29.2253],[-13.4998,29.2337],[-13.4891,29.2443],[-13.4888,29.25]]],[[[-13.5238,29.4104],[-13.5269,29.4041],[-13.5312,29.4002],[-13.5319,29.395],[-13.5293,29.3857],[-13.5234,29.3827],[-13.5158,29.386],[-13.5068,29.3845],[-13.5023,29.3908],[-13.4953,29.3932],[-13.4892,29.4017],[-13.4941,29.4099],[-13.4975,29.4126],[-13.5028,29.4128],[-13.5057,29.416],[-13.5138,29.4143],[-13.5189,29.4105],[-13.5238,29.4104]]],[[[-13.7005,28.9179],[-13.69,28.92],[-13.6854,28.9191],[-13.679,28.9213],[-13.6733,28.9216],[-13.6701,28.9192],[-13.6566,28.9199],[-13.6547,28.9187],[-13.6409,28.9201],[-13.635,28.9262],[-13.6312,28.928],[-13.6274,28.9266],[-13.6194,28.9317],[-13.6158,28.9304],[-13.6089,28.9362],[-13.6067,28.9401],[-13.5992,28.9472],[-13.5828,28.9529],[-13.5757,28.9525],[-13.5635,28.9559],[-13.5513,28.9569],[-13.5454,28.9599],[-13.5363,28.9698],[-13.5263,28.9715],[-13.5251,28.9756],[-13.5201,28.9745],[-13.5163,28.9767],[-13.5156,28.9812],[-13.5113,28.9813],[-13.5085,28.9859],[-13.5024,28.9877],[-13.4952,28.9928],[-13.4862,28.9922],[-13.4885,28.9976],[-13.4828,28.9986],[-13.4759,29.0057],[-13.4763,29.0133],[-13.4682,29.0153],[-13.4648,29.0191],[-13.4636,29.0245],[-13.4691,29.034],[-13.4682,29.0388],[-13.4632,29.0454],[-13.4663,29.0555],[-13.4625,29.0569],[-13.4585,29.067],[-13.4561,29.069],[-13.4476,29.0889],[-13.4499,29.1019],[-13.4538,29.1034],[-13.4591,29.1114],[-13.4635,29.1152],[-13.4642,29.1279],[-13.4593,29.1318],[-13.4496,29.1438],[-13.4447,29.148],[-13.4329,29.1541],[-13.4295,29.1541],[-13.427,29.1639],[-13.4263,29.173],[-13.4221,29.1773],[-13.4202,29.1842],[-13.4217,29.1891],[-13.4215,29.1963],[-13.4192,29.1975],[-13.4243,29.2056],[-13.4235,29.2083],[-13.4341,29.2101],[-13.4379,29.2168],[-13.4443,29.2172],[-13.4457,29.2206],[-13.4522,29.223],[-13.4548,29.2263],[-13.4618,29.2248],[-13.466,29.2268],[-13.4687,29.2369],[-13.4819,29.2253],[-13.4971,29.218],[-13.4978,29.2069],[-13.5029,29.2053],[-13.5096,29.1956],[-13.5098,29.1888],[-13.5132,29.1788],[-13.5177,29.1723],[-13.5209,29.1708],[-13.5226,29.1654],[-13.5217,29.1538],[-13.523,29.1528],[-13.5246,29.1415],[-13.5281,29.1386],[-13.5401,29.1234],[-13.5475,29.1187],[-13.5554,29.1163],[-13.5628,29.117],[-13.5712,29.1224],[-13.5718,29.1246],[-13.5852,29.1337],[-13.5965,29.136],[-13.6042,29.1356],[-13.6135,29.1278],[-13.6209,29.1274],[-13.6305,29.1169],[-13.6342,29.1161],[-13.6407,29.1197],[-13.6414,29.1244],[-13.6453,29.125],[-13.6519,29.1232],[-13.6576,29.1238],[-13.6626,29.1182],[-13.6618,29.1132],[-13.6653,29.1095],[-13.6808,29.1037],[-13.6807,29.0981],[-13.683,29.0953],[-13.692,29.0903],[-13.7001,29.0908],[-13.7033,29.0877],[-13.7078,29.0795],[-13.7153,29.0812],[-13.7221,29.0849],[-13.7378,29.0799],[-13.7431,29.0802],[-13.7462,29.0778],[-13.7513,29.0788],[-13.758,29.0757],[-13.7608,29.0674],[-13.7672,29.0638],[-13.7752,29.0635],[-13.7795,29.0612],[-13.7836,29.0561],[-13.7899,29.0539],[-13.7965,29.0479],[-13.7992,29.0423],[-13.805,29.0391],[-13.8085,29.0352],[-13.8144,29.0338],[-13.8175,29.0256],[-13.8225,29.0173],[-13.8299,29.0071],[-13.8314,28.9977],[-13.8337,28.9899],[-13.8321,28.9817],[-13.829,28.9771],[-13.8321,28.9744],[-13.8342,28.9693],[-13.8341,28.9642],[-13.8307,28.9607],[-13.8335,28.9573],[-13.8342,28.9511],[-13.8325,28.9494],[-13.8339,28.9401],[-13.8292,28.9303],[-13.8353,28.9227],[-13.8426,28.9163],[-13.8462,28.9161],[-13.851,28.9109],[-13.8515,28.9078],[-13.857,28.9044],[-13.8575,28.8981],[-13.8619,28.8958],[-13.8732,28.8939],[-13.8819,28.8855],[-13.8746,28.8744],[-13.875,28.8682],[-13.8773,28.864],[-13.8769,28.8596],[-13.8717,28.8549],[-13.8636,28.8604],[-13.8539,28.8619],[-13.8466,28.8607],[-13.84,28.8556],[-13.83,28.8624],[-13.8194,28.8612],[-13.8114,28.856],[-13.8022,28.8587],[-13.7981,28.8545],[-13.7943,28.854],[-13.7906,28.8485],[-13.7872,28.8384],[-13.7845,28.8421],[-13.7744,28.848],[-13.7747,28.8513],[-13.7695,28.8574],[-13.7607,28.8656],[-13.7541,28.8732],[-13.7491,28.8752],[-13.75,28.8808],[-13.7434,28.8955],[-13.7437,28.8973],[-13.7378,28.9057],[-13.7343,28.9071],[-13.7273,28.9065],[-13.7226,28.9106],[-13.7105,28.9156],[-13.7005,28.9179]]],[[[-17.7969,28.5183],[-17.7935,28.5249],[-17.7928,28.5292],[-17.7899,28.5325],[-17.7894,28.5381],[-17.7867,28.5436],[-17.7768,28.5531],[-17.7711,28.5565],[-17.7663,28.5653],[-17.7601,28.5699],[-17.7611,28.5773],[-17.7598,28.5838],[-17.7552,28.5922],[-17.7568,28.5947],[-17.7546,28.6014],[-17.7553,28.6138],[-17.7502,28.6221],[-17.7506,28.626],[-17.7538,28.6284],[-17.7545,28.6375],[-17.7578,28.6394],[-17.7566,28.649],[-17.7614,28.6537],[-17.76,28.6574],[-17.7621,28.6626],[-17.7663,28.6645],[-17.7682,28.668],[-17.7687,28.6773],[-17.7594,28.688],[-17.7594,28.6963],[-17.7559,28.7019],[-17.7461,28.7121],[-17.7387,28.7148],[-17.7326,28.7202],[-17.7334,28.7239],[-17.7259,28.7342],[-17.7246,28.7421],[-17.7299,28.7442],[-17.7333,28.7562],[-17.7429,28.762],[-17.7437,28.766],[-17.7501,28.772],[-17.7533,28.7786],[-17.7549,28.7859],[-17.7579,28.7872],[-17.7591,28.8031],[-17.7611,28.8078],[-17.7698,28.8179],[-17.7746,28.8269],[-17.7779,28.8396],[-17.7971,28.8432],[-17.8025,28.8418],[-17.807,28.8431],[-17.8145,28.8392],[-17.8217,28.84],[-17.8257,28.8378],[-17.8407,28.8347],[-17.8472,28.8356],[-17.8571,28.8327],[-17.8639,28.8364],[-17.8682,28.8354],[-17.8797,28.8379],[-17.8858,28.8406],[-17.8902,28.8401],[-17.9033,28.8466],[-17.9051,28.8529],[-17.9107,28.8576],[-17.9198,28.8574],[-17.9251,28.853],[-17.9231,28.8505],[-17.9265,28.8463],[-17.9388,28.841],[-17.9464,28.8424],[-17.9505,28.8347],[-17.9666,28.823],[-17.9708,28.8155],[-17.9762,28.811],[-17.9784,28.8046],[-17.9878,28.796],[-17.995,28.796],[-17.9962,28.7903],[-18.0046,28.7835],[-18.0067,28.7761],[-18.0063,28.7693],[-18.0035,28.7632],[-18.0069,28.7575],[-18.0045,28.7532],[-18.0007,28.7515],[-18.0007,28.7476],[-17.9945,28.7439],[-17.9911,28.7394],[-17.9894,28.7332],[-17.9817,28.7288],[-17.9797,28.7223],[-17.9807,28.7189],[-17.9778,28.7138],[-17.9736,28.7102],[-17.9744,28.7048],[-17.9704,28.6988],[-17.9682,28.6929],[-17.9649,28.679],[-17.9628,28.6751],[-17.9642,28.6679],[-17.958,28.6637],[-17.9554,28.6579],[-17.9454,28.6489],[-17.9383,28.6395],[-17.9377,28.6348],[-17.9322,28.6242],[-17.9257,28.6155],[-17.9234,28.609],[-17.9251,28.5952],[-17.9149,28.5899],[-17.9109,28.5862],[-17.9103,28.5818],[-17.9067,28.5755],[-17.9002,28.5727],[-17.898,28.5664],[-17.8938,28.5606],[-17.8936,28.5573],[-17.8884,28.5512],[-17.8844,28.549],[-17.8829,28.542],[-17.88,28.5402],[-17.8784,28.5276],[-17.8756,28.5223],[-17.8767,28.5134],[-17.8747,28.5094],[-17.8768,28.5012],[-17.8745,28.4962],[-17.8757,28.494],[-17.8689,28.4838],[-17.8683,28.474],[-17.863,28.4667],[-17.8577,28.4633],[-17.8573,28.4609],[-17.8469,28.4568],[-17.8406,28.4528],[-17.8325,28.4579],[-17.8309,28.4668],[-17.8265,28.4713],[-17.8171,28.4946],[-17.8141,28.4987],[-17.8089,28.5019],[-17.8063,28.5085],[-17.7969,28.5183]]],[[[-14.3647,28.0495],[-14.3611,28.0475],[-14.3565,28.0492],[-14.3494,28.0488],[-14.3365,28.0441],[-14.3319,28.044],[-14.3257,28.0469],[-14.3142,28.0579],[-14.301,28.0742],[-14.2892,28.0833],[-14.2863,28.0842],[-14.2824,28.0902],[-14.2732,28.0984],[-14.2685,28.1061],[-14.2641,28.1103],[-14.2572,28.1117],[-14.251,28.118],[-14.2446,28.1298],[-14.2389,28.1369],[-14.236,28.1439],[-14.2299,28.1499],[-14.2226,28.1622],[-14.2167,28.1654],[-14.2135,28.1639],[-14.2058,28.1673],[-14.2011,28.1727],[-14.1917,28.1743],[-14.1888,28.1728],[-14.1836,28.1751],[-14.1798,28.1737],[-14.1751,28.175],[-14.1697,28.174],[-14.1625,28.1774],[-14.1588,28.1759],[-14.1527,28.1824],[-14.1392,28.1839],[-14.138,28.1863],[-14.126,28.19],[-14.1165,28.1917],[-14.11,28.189],[-14.1053,28.1931],[-14.0968,28.1948],[-14.0919,28.1944],[-14.0811,28.1979],[-14.0722,28.2017],[-14.0684,28.1991],[-14.06,28.2023],[-14.0487,28.2023],[-14.0419,28.2032],[-14.034,28.2069],[-14.0285,28.2063],[-14.0228,28.2099],[-14.0166,28.211],[-14.0137,28.2081],[-14.0089,28.2094],[-14.003,28.2153],[-13.9955,28.2181],[-13.9889,28.2269],[-13.9833,28.227],[-13.9775,28.229],[-13.9667,28.2288],[-13.959,28.2272],[-13.9485,28.2277],[-13.9405,28.2325],[-13.9363,28.2335],[-13.9303,28.2404],[-13.9269,28.2415],[-13.922,28.2503],[-13.9175,28.2518],[-13.9154,28.2564],[-13.914,28.2651],[-13.9097,28.2712],[-13.9098,28.2739],[-13.9034,28.2758],[-13.9001,28.2798],[-13.8969,28.2884],[-13.8991,28.2947],[-13.9029,28.2968],[-13.9031,28.3026],[-13.9004,28.3043],[-13.8982,28.312],[-13.894,28.3142],[-13.8959,28.3195],[-13.8946,28.3249],[-13.8893,28.3245],[-13.8837,28.3306],[-13.886,28.3321],[-13.8795,28.3376],[-13.8794,28.343],[-13.877,28.3476],[-13.8779,28.3555],[-13.8699,28.3638],[-13.8693,28.3694],[-13.8665,28.3731],[-13.8637,28.385],[-13.8594,28.3899],[-13.8596,28.3936],[-13.8524,28.3945],[-13.851,28.405],[-13.8489,28.4088],[-13.8492,28.4141],[-13.8514,28.4175],[-13.852,28.4239],[-13.8583,28.4262],[-13.8623,28.4325],[-13.8624,28.4395],[-13.8565,28.4457],[-13.8588,28.4523],[-13.8568,28.4603],[-13.8594,28.4675],[-13.8657,28.4747],[-13.8676,28.4805],[-13.8625,28.4939],[-13.8564,28.4989],[-13.8475,28.4998],[-13.8426,28.504],[-13.8438,28.5068],[-13.8427,28.5136],[-13.84,28.5155],[-13.8393,28.521],[-13.8353,28.5249],[-13.8357,28.5313],[-13.8342,28.534],[-13.8388,28.5383],[-13.8376,28.5422],[-13.8317,28.5452],[-13.83,28.5503],[-13.8261,28.5521],[-13.8261,28.557],[-13.8296,28.5589],[-13.8268,28.5687],[-13.8295,28.5717],[-13.8284,28.5829],[-13.8224,28.593],[-13.8271,28.6038],[-13.8266,28.6081],[-13.8235,28.6108],[-13.8299,28.6357],[-13.8307,28.6452],[-13.8305,28.6557],[-13.8318,28.6591],[-13.831,28.6652],[-13.8338,28.6748],[-13.8317,28.6804],[-13.8325,28.6855],[-13.8309,28.6939],[-13.8355,28.7026],[-13.8379,28.7107],[-13.8375,28.7138],[-13.8448,28.7276],[-13.8528,28.7271],[-13.8587,28.7322],[-13.8616,28.7308],[-13.8661,28.7334],[-13.8672,28.7386],[-13.864,28.7433],[-13.8666,28.7459],[-13.8727,28.7435],[-13.8743,28.7484],[-13.8772,28.7505],[-13.8909,28.757],[-13.8952,28.7529],[-13.9007,28.7528],[-13.9076,28.747],[-13.9136,28.7468],[-13.9157,28.7448],[-13.9234,28.7511],[-13.9266,28.7514],[-13.934,28.7464],[-13.9363,28.7416],[-13.9407,28.7444],[-13.948,28.7433],[-13.9538,28.739],[-13.9593,28.7373],[-13.9647,28.7333],[-13.9689,28.7349],[-13.971,28.7314],[-13.9778,28.7344],[-13.9824,28.7296],[-13.9873,28.7271],[-13.9888,28.7241],[-13.9952,28.7232],[-14.0016,28.7196],[-14.0026,28.7155],[-14.0061,28.7145],[-14.0072,28.7107],[-14.0126,28.714],[-14.0174,28.7143],[-14.0189,28.7035],[-14.0183,28.6941],[-14.0134,28.6906],[-14.0154,28.6869],[-14.0089,28.6772],[-14.0121,28.6659],[-14.0192,28.6557],[-14.0196,28.6496],[-14.0228,28.6463],[-14.0273,28.6375],[-14.0264,28.6354],[-14.0324,28.6319],[-14.0316,28.625],[-14.0373,28.6184],[-14.0388,28.6113],[-14.0363,28.6042],[-14.0338,28.6011],[-14.0333,28.5932],[-14.0386,28.5877],[-14.0386,28.5836],[-14.0437,28.5792],[-14.0476,28.5725],[-14.0529,28.5665],[-14.0559,28.5652],[-14.0585,28.5595],[-14.0581,28.556],[-14.0645,28.5537],[-14.0654,28.5414],[-14.0694,28.5408],[-14.0713,28.5305],[-14.0758,28.5214],[-14.082,28.5134],[-14.0842,28.5071],[-14.0883,28.5035],[-14.0881,28.5004],[-14.0946,28.4879],[-14.095,28.4854],[-14.101,28.4751],[-14.1059,28.4724],[-14.118,28.4611],[-14.1275,28.4566],[-14.135,28.4481],[-14.1391,28.4464],[-14.1432,28.4404],[-14.1468,28.438],[-14.1465,28.4343],[-14.1513,28.4301],[-14.1521,28.4202],[-14.1577,28.4114],[-14.1581,28.4065],[-14.155,28.4054],[-14.1576,28.4001],[-14.1557,28.3946],[-14.1616,28.3922],[-14.1625,28.3892],[-14.1615,28.3716],[-14.1662,28.3643],[-14.1715,28.3619],[-14.1718,28.3559],[-14.1773,28.349],[-14.1775,28.3458],[-14.1871,28.3402],[-14.1928,28.3356],[-14.1988,28.334],[-14.2034,28.3288],[-14.2047,28.3209],[-14.2095,28.3097],[-14.2069,28.301],[-14.2102,28.2993],[-14.2127,28.2872],[-14.2089,28.2747],[-14.2093,28.2686],[-14.2117,28.264],[-14.2084,28.2605],[-14.2129,28.2496],[-14.2139,28.2423],[-14.213,28.2338],[-14.2153,28.2263],[-14.2216,28.2189],[-14.2227,28.2156],[-14.2335,28.2068],[-14.2419,28.2013],[-14.2459,28.1947],[-14.2553,28.1879],[-14.2628,28.1836],[-14.2672,28.1789],[-14.2825,28.1678],[-14.2981,28.1595],[-14.3029,28.1533],[-14.3151,28.1446],[-14.3315,28.1356],[-14.3425,28.1304],[-14.3544,28.1257],[-14.3617,28.1215],[-14.3827,28.1136],[-14.409,28.1077],[-14.4303,28.1019],[-14.4457,28.1015],[-14.4506,28.1002],[-14.4554,28.1053],[-14.4616,28.1014],[-14.4689,28.1043],[-14.4745,28.1048],[-14.481,28.1002],[-14.4857,28.1039],[-14.4868,28.1088],[-14.4906,28.1109],[-14.4944,28.1035],[-14.4991,28.1005],[-14.4925,28.0942],[-14.4941,28.0911],[-14.4922,28.087],[-14.4932,28.083],[-14.5013,28.0802],[-14.5023,28.0743],[-14.5055,28.0729],[-14.5096,28.067],[-14.507,28.0651],[-14.5031,28.0717],[-14.4916,28.0741],[-14.4818,28.0774],[-14.4775,28.0778],[-14.4645,28.0756],[-14.4578,28.0733],[-14.453,28.0734],[-14.4297,28.0652],[-14.4242,28.0644],[-14.409,28.0586],[-14.4001,28.0586],[-14.3914,28.0558],[-14.3766,28.0522],[-14.3704,28.0547],[-14.3649,28.0531],[-14.3647,28.0495]]]]},"properties":{"CodINE":"05","NAMEUNIT":"Canarias"}},
{"type":"Feature","geometry":{"type":"MultiPolygon","coordinates":[[[[-3.4176,43.1333],[-3.422,43.1523],[-3.4287,43.1607],[-3.4322,43.167],[-3.4333,43.1771],[-3.436,43.1914],[-3.4357,43.1982],[-3.4331,43.2066],[-3.4443,43.2211],[-3.4501,43.2362],[-3.4418,43.2351],[-3.4309,43.2404],[-3.4272,43.2397],[-3.4125,43.2418],[-3.4104,43.247],[-3.3994,43.2463],[-3.3931,43.2515],[-3.3899,43.2639],[-3.3854,43.2664],[-3.383,43.2705],[-3.3658,43.2745],[-3.3596,43.272],[-3.3389,43.2783],[-3.3415,43.2843],[-3.3431,43.2943],[-3.3311,43.3006],[-3.3292,43.2972],[-3.3216,43.2924],[-3.3134,43.2974],[-3.2949,43.3008],[-3.2928,43.2972],[-3.2946,43.2928],[-3.2911,43.2904],[-3.2794,43.2901],[-3.2645,43.296],[-3.2575,43.2921],[-3.2451,43.2896],[-3.2332,43.2883],[-3.2272,43.2861],[-3.2211,43.2873],[-3.2094,43.2836],[-3.2053,43.2909],[-3.1986,43.2933],[-3.1932,43.2985],[-3.1573,43.3013],[-3.1515,43.3072],[-3.1496,43.3193],[-3.1515,43.3236],[-3.1544,43.341],[-3.1508,43.3487],[-3.1533,43.3533],[-3.1608,43.3522],[-3.182,43.3592],[-3.1846,43.3652],[-3.1909,43.3654],[-3.1954,43.3677],[-3.1949,43.3709],[-3.2006,43.3743],[-3.2121,43.375],[-3.2183,43.3865],[-3.2239,43.3854],[-3.2258,43.3892],[-3.2221,43.3941],[-3.2404,43.3986],[-3.2468,43.3986],[-3.2573,43.403],[-3.2705,43.4023],[-3.2812,43.403],[-3.2969,43.4068],[-3.2993,43.4088],[-3.311,43.4082],[-3.3127,43.4037],[-3.3208,43.4028],[-3.3244,43.4044],[-3.3246,43.4097],[-3.3301,43.4161],[-3.3364,43.4143],[-3.3432,43.4162],[-3.3504,43.4135],[-3.3657,43.4119],[-3.3756,43.4157],[-3.3888,43.4173],[-3.3993,43.4168],[-3.4053,43.415],[-3.4158,43.4177],[-3.4165,43.4152],[-3.4252,43.4132],[-3.435,43.4179],[-3.4436,43.4257],[-3.4501,43.4361],[-3.4541,43.4311],[-3.4557,43.4153],[-3.4648,43.4058],[-3.461,43.4219],[-3.4609,43.4286],[-3.4636,43.4313],[-3.4712,43.4301],[-3.4825,43.4309],[-3.4835,43.4334],[-3.4713,43.4334],[-3.4606,43.4391],[-3.451,43.4393],[-3.4391,43.4371],[-3.4298,43.441],[-3.4258,43.4443],[-3.4271,43.4573],[-3.4309,43.462],[-3.4488,43.4671],[-3.4525,43.4651],[-3.4637,43.4652],[-3.4719,43.4665],[-3.4766,43.4696],[-3.4987,43.4726],[-3.5119,43.4779],[-3.5152,43.4817],[-3.5153,43.4881],[-3.513,43.4919],[-3.5189,43.4948],[-3.5269,43.4943],[-3.5313,43.4922],[-3.5393,43.4941],[-3.5411,43.5021],[-3.5493,43.5083],[-3.5627,43.5085],[-3.5802,43.5071],[-3.5838,43.5124],[-3.5967,43.5127],[-3.605,43.5072],[-3.6118,43.4992],[-3.6182,43.4978],[-3.6261,43.498],[-3.6337,43.4966],[-3.6446,43.4981],[-3.6581,43.4901],[-3.661,43.4905],[-3.6731,43.4854],[-3.6811,43.4781],[-3.6904,43.4761],[-3.697,43.4792],[-3.7059,43.4796],[-3.7141,43.4758],[-3.723,43.4731],[-3.7271,43.4701],[-3.7267,43.4666],[-3.7332,43.4599],[-3.7435,43.458],[-3.7554,43.4571],[-3.7695,43.4588],[-3.7535,43.4496],[-3.7463,43.4519],[-3.7451,43.4484],[-3.7481,43.4408],[-3.7525,43.4355],[-3.7462,43.432],[-3.7572,43.4306],[-3.7623,43.4339],[-3.7614,43.4371],[-3.7549,43.4414],[-3.7559,43.4481],[-3.7653,43.4463],[-3.7694,43.4488],[-3.7869,43.4368],[-3.7908,43.4304],[-3.7844,43.4256],[-3.7824,43.4217],[-3.8034,43.4135],[-3.8058,43.4177],[-3.8132,43.4125],[-3.8153,43.4076],[-3.8259,43.4135],[-3.8172,43.4138],[-3.808,43.4214],[-3.8038,43.4262],[-3.8141,43.4286],[-3.8189,43.4321],[-3.8275,43.4325],[-3.8307,43.4352],[-3.825,43.4376],[-3.8153,43.4369],[-3.8156,43.4417],[-3.8277,43.4425],[-3.8244,43.4455],[-3.8148,43.4448],[-3.8143,43.4495],[-3.8089,43.4567],[-3.8037,43.4604],[-3.7961,43.4628],[-3.7912,43.4614],[-3.781,43.4637],[-3.772,43.4678],[-3.7649,43.4661],[-3.7663,43.471],[-3.7755,43.4701],[-3.7849,43.4767],[-3.787,43.4809],[-3.7819,43.4864],[-3.787,43.4872],[-3.7853,43.4913],[-3.8007,43.492],[-3.8116,43.4949],[-3.8183,43.493],[-3.8337,43.4849],[-3.8357,43.4807],[-3.842,43.4837],[-3.8508,43.4794],[-3.8627,43.4761],[-3.867,43.4774],[-3.8793,43.4776],[-3.8847,43.4763],[-3.8975,43.4766],[-3.9109,43.4728],[-3.9163,43.4746],[-3.9295,43.471],[-3.9428,43.4694],[-3.9494,43.4644],[-3.9571,43.4558],[-3.9785,43.445],[-3.9854,43.4459],[-3.9993,43.4396],[-4.0147,43.448],[-4.0192,43.4478],[-4.0226,43.4414],[-4.032,43.4403],[-4.0325,43.4359],[-4.04,43.435],[-4.0443,43.437],[-4.0543,43.4344],[-4.075,43.4306],[-4.082,43.4343],[-4.0932,43.4328],[-4.0945,43.4277],[-4.1008,43.4258],[-4.112,43.4188],[-4.1374,43.4131],[-4.1432,43.4135],[-4.1532,43.4112],[-4.1565,43.4082],[-4.1641,43.4069],[-4.1752,43.4011],[-4.1793,43.4045],[-4.1937,43.4024],[-4.2003,43.399],[-4.2083,43.4013],[-4.2176,43.3962],[-4.2326,43.4005],[-4.2464,43.3973],[-4.2501,43.3956],[-4.2554,43.3971],[-4.2653,43.3935],[-4.2722,43.3932],[-4.2733,43.3895],[-4.2806,43.388],[-4.2888,43.3909],[-4.2962,43.3906],[-4.3078,43.3924],[-4.3153,43.391],[-4.328,43.3913],[-4.338,43.397],[-4.34,43.4058],[-4.3541,43.4035],[-4.3577,43.3999],[-4.3727,43.3931],[-4.3832,43.3919],[-4.3894,43.3929],[-4.3979,43.397],[-4.4147,43.3983],[-4.4395,43.3959],[-4.4435,43.3979],[-4.4579,43.3933],[-4.4729,43.39],[-4.4764,43.3955],[-4.4874,43.3931],[-4.4948,43.3975],[-4.5012,43.3952],[-4.5124,43.3933],[-4.5135,43.3901],[-4.5105,43.3817],[-4.5236,43.3693],[-4.5251,43.3659],[-4.5344,43.3677],[-4.536,43.3646],[-4.5318,43.359],[-4.5377,43.3473],[-4.5366,43.3425],[-4.523,43.3381],[-4.523,43.3334],[-4.527,43.3276],[-4.5202,43.3147],[-4.5191,43.3099],[-4.5186,43.294],[-4.5215,43.2804],[-4.525,43.2774],[-4.5327,43.2753],[-4.5382,43.2692],[-4.5474,43.269],[-4.5527,43.2751],[-4.5536,43.2794],[-4.5503,43.2857],[-4.5615,43.29],[-4.5711,43.2917],[-4.5733,43.2891],[-4.5811,43.2898],[-4.5826,43.2919],[-4.591,43.2931],[-4.598,43.2981],[-4.6069,43.2966],[-4.6208,43.2879],[-4.6238,43.2883],[-4.6268,43.2816],[-4.637,43.2743],[-4.6345,43.2683],[-4.6499,43.2681],[-4.6508,43.2659],[-4.6583,43.2642],[-4.6684,43.265],[-4.6734,43.2675],[-4.6805,43.2678],[-4.6845,43.2654],[-4.7011,43.2649],[-4.7063,43.2663],[-4.7116,43.261],[-4.7191,43.2596],[-4.7301,43.2551],[-4.7288,43.249],[-4.7226,43.2406],[-4.7248,43.237],[-4.721,43.2295],[-4.7307,43.2234],[-4.7281,43.218],[-4.7298,43.2135],[-4.7365,43.2069],[-4.7356,43.2017],[-4.7371,43.196],[-4.7336,43.191],[-4.7369,43.187],[-4.7435,43.1844],[-4.7543,43.184],[-4.76,43.1867],[-4.779,43.1921],[-4.7867,43.1858],[-4.8106,43.1812],[-4.8166,43.1833],[-4.819,43.1791],[-4.8233,43.1783],[-4.8328,43.1806],[-4.841,43.1808],[-4.8494,43.1771],[-4.8517,43.1736],[-4.8388,43.1667],[-4.8407,43.1624],[-4.8347,43.1582],[-4.8386,43.147],[-4.8439,43.146],[-4.8427,43.1333],[-4.8514,43.1259],[-4.8464,43.124],[-4.8449,43.1206],[-4.8363,43.1157],[-4.8362,43.1064],[-4.8331,43.1019],[-4.8218,43.0988],[-4.8173,43.0929],[-4.8085,43.0917],[-4.802,43.0878],[-4.7971,43.0882],[-4.7887,43.0841],[-4.7842,43.0838],[-4.7765,43.0805],[-4.7668,43.0747],[-4.7654,43.0672],[-4.7661,43.0553],[-4.7598,43.0565],[-4.7441,43.0554],[-4.7341,43.0477],[-4.7341,43.0427],[-4.7381,43.0399],[-4.7433,43.0266],[-4.7378,43.0209],[-4.7311,43.022],[-4.725,43.0179],[-4.7158,43.0189],[-4.7079,43.0252],[-4.6847,43.0263],[-4.6681,43.0208],[-4.651,43.0208],[-4.6395,43.0164],[-4.6314,43.0235],[-4.6229,43.0258],[-4.6124,43.0303],[-4.6064,43.0354],[-4.5894,43.0253],[-4.5741,43.027],[-4.5639,43.0224],[-4.5594,43.0192],[-4.5551,43.0229],[-4.5212,43.0475],[-4.5029,43.041],[-4.4939,43.0388],[-4.4753,43.0387],[-4.4759,43.0411],[-4.4711,43.0512],[-4.4621,43.061],[-4.4568,43.0569],[-4.4476,43.0584],[-4.4422,43.0553],[-4.4323,43.0457],[-4.4094,43.04],[-4.3981,43.035],[-4.393,43.0278],[-4.3896,43.0255],[-4.3861,43.0161],[-4.378,43.0098],[-4.3739,43.0022],[-4.3757,42.9997],[-4.3734,42.995],[-4.363,42.9849],[-4.348,42.9724],[-4.3357,42.9706],[-4.3324,42.9711],[-4.3137,42.9695],[-4.2996,42.9662],[-4.2894,42.9691],[-4.278,42.9653],[-4.2733,42.9663],[-4.2626,42.9653],[-4.2439,42.958],[-4.2383,42.9542],[-4.2394,42.9387],[-4.2386,42.9235],[-4.2364,42.9169],[-4.23,42.9131],[-4.2225,42.9107],[-4.2249,42.9058],[-4.2308,42.9048],[-4.2305,42.896],[-4.2262,42.8869],[-4.2225,42.8641],[-4.2256,42.8587],[-4.2185,42.8505],[-4.2094,42.8452],[-4.1992,42.8443],[-4.1904,42.8529],[-4.1784,42.8591],[-4.1719,42.8583],[-4.1661,42.8605],[-4.1501,42.8714],[-4.1439,42.8689],[-4.1488,42.8659],[-4.1397,42.8594],[-4.126,42.8567],[-4.1281,42.8463],[-4.1374,42.8393],[-4.1378,42.8339],[-4.1413,42.8303],[-4.1508,42.8315],[-4.1519,42.8353],[-4.1571,42.8376],[-4.162,42.8357],[-4.1652,42.8285],[-4.1787,42.8261],[-4.1843,42.8218],[-4.1859,42.8172],[-4.1825,42.8104],[-4.174,42.8086],[-4.1646,42.8014],[-4.1609,42.7967],[-4.1561,42.7953],[-4.1505,42.7894],[-4.1443,42.7913],[-4.1374,42.7905],[-4.1233,42.7944],[-4.1118,42.7943],[-4.0985,42.7913],[-4.1004,42.7846],[-4.0965,42.7803],[-4.0937,42.7734],[-4.0861,42.7713],[-4.0833,42.7686],[-4.0815,42.7616],[-4.0719,42.7607],[-4.0545,42.7634],[-4.0461,42.7668],[-4.0502,42.7798],[-4.0438,42.7888],[-4.0378,42.7908],[-4.0336,42.7866],[-4.0283,42.7903],[-4.0318,42.7936],[-4.0329,42.8013],[-4.024,42.8063],[-4.0142,42.8064],[-4.0208,42.8193],[-4.011,42.8304],[-4.0036,42.8314],[-4.0006,42.8267],[-3.9996,42.8196],[-4.0009,42.8098],[-3.9971,42.8032],[-3.9964,42.7972],[-3.9976,42.7878],[-3.9959,42.7862],[-3.9997,42.769],[-3.9946,42.7686],[-3.9907,42.771],[-3.9816,42.7683],[-3.9789,42.7581],[-3.9657,42.7586],[-3.9565,42.7622],[-3.9466,42.7619],[-3.9488,42.7675],[-3.9306,42.7745],[-3.9265,42.7701],[-3.911,42.7684],[-3.9087,42.7799],[-3.9097,42.7864],[-3.9015,42.7886],[-3.8996,42.7908],[-3.8974,42.7998],[-3.8944,42.8045],[-3.884,42.7972],[-3.8766,42.7942],[-3.8646,42.7866],[-3.8542,42.7876],[-3.8442,42.7925],[-3.8327,42.7965],[-3.8295,42.7989],[-3.8236,42.7989],[-3.8208,42.8065],[-3.8165,42.8104],[-3.8167,42.8194],[-3.8201,42.8279],[-3.8169,42.8297],[-3.817,42.8365],[-3.8246,42.8427],[-3.8341,42.8525],[-3.8349,42.856],[-3.8254,42.8686],[-3.8262,42.871],[-3.8363,42.8788],[-3.8603,42.8871],[-3.8638,42.8896],[-3.8682,42.8853],[-3.8738,42.8748],[-3.8736,42.8627],[-3.8682,42.857],[-3.8737,42.8526],[-3.88,42.8511],[-3.8874,42.8567],[-3.8962,42.8563],[-3.8993,42.8601],[-3.9121,42.8591],[-3.9146,42.8619],[-3.9123,42.8679],[-3.9051,42.8695],[-3.8965,42.88],[-3.9015,42.8858],[-3.8922,42.887],[-3.8987,42.904],[-3.9074,42.9079],[-3.9109,42.9111],[-3.9081,42.9136],[-3.9029,42.9094],[-3.8898,42.9023],[-3.8829,42.9039],[-3.8787,42.9012],[-3.868,42.8989],[-3.8583,42.9036],[-3.8558,42.914],[-3.8517,42.9195],[-3.8382,42.9167],[-3.8311,42.9214],[-3.8307,42.9301],[-3.8373,42.9347],[-3.8408,42.9406],[-3.8542,42.9486],[-3.8671,42.9548],[-3.8701,42.9497],[-3.8777,42.9478],[-3.8874,42.9488],[-3.8869,42.9423],[-3.8897,42.9351],[-3.8888,42.9299],[-3.8913,42.9255],[-3.9075,42.9247],[-3.9182,42.9163],[-3.9234,42.9157],[-3.9264,42.9044],[-3.9335,42.8996],[-3.9376,42.9048],[-3.9378,42.9106],[-3.9434,42.9093],[-3.9539,42.911],[-3.9716,42.9114],[-3.9767,42.9178],[-3.9868,42.9248],[-3.9906,42.9306],[-3.9871,42.9361],[-3.9869,42.9405],[-3.9837,42.945],[-3.9782,42.9605],[-3.9659,42.9845],[-3.9561,42.998],[-3.945,43.0065],[-3.9247,43.0104],[-3.9093,43.0161],[-3.8931,43.0356],[-3.8926,43.0397],[-3.8888,43.0422],[-3.8784,43.0416],[-3.8758,43.0436],[-3.8615,43.0434],[-3.8566,43.0397],[-3.8492,43.0411],[-3.8498,43.0484],[-3.8427,43.0513],[-3.8345,43.0581],[-3.8337,43.0632],[-3.8407,43.0693],[-3.846,43.071],[-3.8507,43.0771],[-3.8508,43.08],[-3.8453,43.0828],[-3.8358,43.0806],[-3.8233,43.0806],[-3.8156,43.0854],[-3.8102,43.0867],[-3.8063,43.0834],[-3.7903,43.0781],[-3.7804,43.0799],[-3.7758,43.0825],[-3.7676,43.0803],[-3.7569,43.0857],[-3.7598,43.0921],[-3.7549,43.1005],[-3.7482,43.1023],[-3.7385,43.1025],[-3.7283,43.1048],[-3.7192,43.1084],[-3.7143,43.114],[-3.7071,43.1152],[-3.7029,43.1181],[-3.7039,43.1234],[-3.6959,43.126],[-3.6856,43.1372],[-3.6842,43.1424],[-3.6758,43.1539],[-3.668,43.1576],[-3.6668,43.1628],[-3.6599,43.1689],[-3.6545,43.1709],[-3.6582,43.1776],[-3.6518,43.1808],[-3.645,43.1793],[-3.641,43.1761],[-3.6336,43.1756],[-3.6303,43.1729],[-3.6229,43.1739],[-3.6124,43.1695],[-3.6069,43.1611],[-3.6035,43.1496],[-3.5996,43.1519],[-3.5853,43.1544],[-3.5732,43.1528],[-3.5612,43.1494],[-3.5436,43.1481],[-3.5304,43.1427],[-3.5194,43.14],[-3.5063,43.1357],[-3.5012,43.1359],[-3.4926,43.1338],[-3.4864,43.1339],[-3.4803,43.1361],[-3.4691,43.1368],[-3.4335,43.1319],[-3.4297,43.1337],[-3.4219,43.1323],[-3.4176,43.1333]],[[-4.1686,42.8116],[-4.1752,42.8118],[-4.183,42.8205],[-4.177,42.8236],[-4.1616,42.8203],[-4.1617,42.8131],[-4.1686,42.8116]],[[-4.1016,42.7937],[-4.1094,42.8031],[-4.1058,42.8084],[-4.1132,42.8162],[-4.1126,42.8222],[-4.1073,42.8277],[-4.0959,42.8231],[-4.0889,42.8185],[-4.0893,42.8091],[-4.0879,42.8057],[-4.0915,42.7981],[-4.1016,42.7937]]],[[[-3.3045,43.2583],[-3.3057,43.2527],[-3.2975,43.2471],[-3.2934,43.2426],[-3.2931,43.2382],[-3.2967,43.2297],[-3.2973,43.2222],[-3.2927,43.219],[-3.2968,43.206],[-3.2878,43.2006],[-3.2755,43.2009],[-3.2694,43.2028],[-3.2655,43.2065],[-3.2702,43.2133],[-3.2712,43.2192],[-3.2668,43.2233],[-3.2708,43.23],[-3.2697,43.2327],[-3.2575,43.2397],[-3.252,43.2461],[-3.2492,43.2596],[-3.2531,43.2621],[-3.2619,43.2644],[-3.2641,43.2671],[-3.2701,43.2666],[-3.2791,43.2619],[-3.2901,43.2618],[-3.3045,43.2583]]]]},"properties":{"CodINE":"06","NAMEUNIT":"Cantabria"}},
{"type":"Feature","geometry":{"type":"MultiPolygon","coordinates":[[[[-2.0517,41.1468],[-2.0773,41.1631],[-2.0799,41.171],[-2.1068,41.1752],[-2.1462,41.1844],[-2.149,41.2188],[-2.1549,41.2404],[-2.1564,41.2586],[-2.1635,41.2832],[-2.1737,41.2881],[-2.1729,41.2958],[-2.1691,41.3011],[-2.1671,41.312],[-2.1705,41.3188],[-2.1643,41.3286],[-2.158,41.3316],[-2.1567,41.3374],[-2.1625,41.3479],[-2.1631,41.3553],[-2.1561,41.3569],[-2.1498,41.3559],[-2.1438,41.3606],[-2.1389,41.3624],[-2.1313,41.3685],[-2.1258,41.3696],[-2.1198,41.38],[-2.1205,41.3943],[-2.1183,41.3962],[-2.1161,41.4087],[-2.1168,41.4249],[-2.1118,41.4342],[-2.1031,41.4397],[-2.1015,41.4458],[-2.0471,41.4343],[-2.0356,41.4269],[-2.034,41.4103],[-2.0348,41.4044],[-2.0436,41.3971],[-2.0424,41.389],[-2.0383,41.3893],[-2.0293,41.3842],[-2.0165,41.3836],[-2.0097,41.3858],[-2.0019,41.3938],[-1.9975,41.3953],[-1.9874,41.3959],[-1.9819,41.4023],[-1.9706,41.401],[-1.9625,41.4034],[-1.9537,41.4086],[-1.9379,41.4074],[-1.9373,41.4116],[-1.9394,41.4186],[-1.9537,41.4243],[-1.9487,41.4296],[-1.9488,41.4358],[-1.9524,41.4455],[-1.9515,41.456],[-1.9533,41.4625],[-1.9666,41.4789],[-1.9811,41.4864],[-1.9766,41.4967],[-1.9788,41.5041],[-1.975,41.5161],[-1.9782,41.5267],[-1.9731,41.5342],[-1.9673,41.5461],[-1.9686,41.5513],[-1.9735,41.558],[-1.9767,41.5574],[-1.9819,41.562],[-1.9807,41.5647],[-1.9937,41.5771],[-1.995,41.5817],[-1.992,41.5904],[-1.993,41.6008],[-1.9845,41.6071],[-1.976,41.6029],[-1.9693,41.6056],[-1.958,41.6048],[-1.9231,41.5983],[-1.9184,41.6066],[-1.9139,41.6097],[-1.9136,41.6163],[-1.8996,41.6274],[-1.8979,41.6324],[-1.8788,41.641],[-1.874,41.638],[-1.859,41.6615],[-1.8492,41.6607],[-1.8406,41.6615],[-1.8346,41.6606],[-1.8291,41.6626],[-1.8131,41.6606],[-1.8062,41.6643],[-1.8091,41.6847],[-1.8121,41.6865],[-1.8003,41.6971],[-1.7949,41.699],[-1.7869,41.6994],[-1.7877,41.7074],[-1.785,41.717],[-1.7754,41.7248],[-1.7832,41.7276],[-1.7878,41.7341],[-1.7979,41.7326],[-1.8094,41.737],[-1.8046,41.7454],[-1.8027,41.7512],[-1.8068,41.7559],[-1.8211,41.7661],[-1.825,41.7736],[-1.8253,41.7784],[-1.8396,41.7871],[-1.8524,41.7885],[-1.8513,41.7939],[-1.8437,41.806],[-1.8345,41.8143],[-1.8257,41.8186],[-1.8186,41.83],[-1.8207,41.8499],[-1.8176,41.8534],[-1.8204,41.8631],[-1.8226,41.8654],[-1.8321,41.8633],[-1.8404,41.8761],[-1.8384,41.8822],[-1.8388,41.889],[-1.8573,41.9095],[-1.8569,41.9233],[-1.8586,41.9328],[-1.8549,41.9368],[-1.8566,41.9472],[-1.8548,41.9592],[-1.8565,41.9664],[-1.8776,41.9524],[-1.8907,41.9478],[-1.9067,41.9456],[-1.9112,41.9406],[-1.915,41.9338],[-1.9215,41.9343],[-1.9295,41.9295],[-1.9406,41.9255],[-1.9549,41.9274],[-1.9613,41.9203],[-1.9703,41.9191],[-1.9814,41.919],[-1.9916,41.9248],[-1.9983,41.9307],[-2.0013,41.9385],[-2.0131,41.9408],[-2.0161,41.9448],[-2.0283,41.9534],[-2.0374,41.9415],[-2.0423,41.9438],[-2.0453,41.9501],[-2.0527,41.951],[-2.0622,41.9544],[-2.0762,41.9509],[-2.0801,41.9544],[-2.0911,41.9563],[-2.1004,41.9553],[-2.11,41.9579],[-2.1161,41.9636],[-2.1168,41.9718],[-2.1204,41.9805],[-2.1204,41.988],[-2.1241,41.9953],[-2.1194,41.9971],[-2.1121,41.997],[-2.1076,42.0028],[-2.1152,42.0115],[-2.117,42.0215],[-2.1289,42.0262],[-2.1384,42.0362],[-2.1499,42.045],[-2.1548,42.047],[-2.1584,42.0593],[-2.1619,42.0667],[-2.152,42.0687],[-2.1426,42.0741],[-2.1354,42.0746],[-2.1272,42.0805],[-2.1284,42.0896],[-2.1273,42.0972],[-2.1355,42.1017],[-2.1589,42.1049],[-2.166,42.1041],[-2.1713,42.1052],[-2.1969,42.1024],[-2.2089,42.1047],[-2.2171,42.0997],[-2.2241,42.0982],[-2.2313,42.1017],[-2.2378,42.1022],[-2.2422,42.0998],[-2.2589,42.0873],[-2.2696,42.0886],[-2.2716,42.0939],[-2.2793,42.1043],[-2.2821,42.11],[-2.2806,42.1143],[-2.2826,42.1188],[-2.2789,42.1224],[-2.2822,42.1317],[-2.2884,42.135],[-2.3078,42.1402],[-2.3182,42.1452],[-2.3269,42.1437],[-2.3321,42.146],[-2.3707,42.1434],[-2.3762,42.1414],[-2.3879,42.1425],[-2.3972,42.137],[-2.4014,42.1396],[-2.4091,42.1385],[-2.4176,42.139],[-2.4282,42.1365],[-2.4385,42.1373],[-2.4465,42.1322],[-2.4492,42.1257],[-2.4586,42.1153],[-2.4718,42.1143],[-2.4844,42.1063],[-2.4959,42.1129],[-2.5011,42.1124],[-2.5085,42.1154],[-2.5147,42.1145],[-2.5162,42.1027],[-2.5194,42.098],[-2.5183,42.0908],[-2.5227,42.0829],[-2.5194,42.081],[-2.5147,42.0742],[-2.5149,42.0689],[-2.5209,42.0651],[-2.5276,42.0586],[-2.5354,42.0541],[-2.5444,42.0541],[-2.5491,42.0515],[-2.552,42.0456],[-2.5513,42.0389],[-2.556,42.0348],[-2.5628,42.0218],[-2.5653,42.014],[-2.5699,42.0118],[-2.5753,42.0067],[-2.5799,41.9963],[-2.5966,42.0019],[-2.6097,42.0029],[-2.6151,42.0058],[-2.6245,42.0049],[-2.6266,42.0065],[-2.6425,42.0039],[-2.65,42.0038],[-2.6598,42.0054],[-2.6736,41.9981],[-2.6847,42.0007],[-2.6944,42.0076],[-2.6963,42.0107],[-2.7051,42.0151],[-2.7102,42.0137],[-2.7203,42.0158],[-2.7272,42.015],[-2.7376,42.0106],[-2.7462,42.0087],[-2.7488,42.0151],[-2.7557,42.0239],[-2.7551,42.0301],[-2.7576,42.0326],[-2.752,42.0364],[-2.7461,42.0436],[-2.7385,42.0497],[-2.7346,42.06],[-2.7273,42.0656],[-2.7267,42.0699],[-2.7219,42.0731],[-2.7084,42.0863],[-2.7076,42.0905],[-2.7104,42.0964],[-2.7067,42.1057],[-2.7148,42.11],[-2.7231,42.1163],[-2.7264,42.1214],[-2.7347,42.125],[-2.7455,42.1243],[-2.7512,42.1178],[-2.7654,42.1248],[-2.7749,42.1235],[-2.7821,42.1141],[-2.7916,42.1088],[-2.7933,42.101],[-2.7902,42.0976],[-2.7924,42.0909],[-2.8016,42.0834],[-2.8029,42.0778],[-2.7968,42.0725],[-2.7949,42.0635],[-2.7984,42.0593],[-2.7983,42.0473],[-2.8064,42.0446],[-2.8083,42.0403],[-2.8152,42.0366],[-2.8229,42.0409],[-2.8337,42.0382],[-2.8403,42.0345],[-2.8446,42.0345],[-2.8568,42.0288],[-2.8583,42.0227],[-2.8623,42.0192],[-2.8679,42.0178],[-2.8729,42.0132],[-2.8838,42.0095],[-2.8895,42.0104],[-2.8912,42.017],[-2.9029,42.0209],[-2.9117,42.0219],[-2.9155,42.0323],[-2.915,42.0381],[-2.9204,42.0492],[-2.9234,42.0579],[-2.9229,42.0612],[-2.9269,42.0665],[-2.9283,42.0747],[-2.9325,42.0809],[-2.9312,42.0868],[-2.9353,42.0894],[-2.9481,42.0878],[-2.9609,42.0843],[-2.9777,42.0839],[-2.9903,42.0875],[-2.9979,42.0865],[-3.0039,42.0833],[-3.015,42.0878],[-3.0235,42.0893],[-3.0344,42.086],[-3.0525,42.1187],[-3.059,42.127],[-3.0662,42.1333],[-3.0737,42.1358],[-3.0857,42.1342],[-3.0907,42.1486],[-3.0898,42.1593],[-3.0998,42.1674],[-3.1021,42.1721],[-3.115,42.1788],[-3.1153,42.1883],[-3.1251,42.1932],[-3.1283,42.1963],[-3.1289,42.2009],[-3.1163,42.2058],[-3.1134,42.2095],[-3.1044,42.213],[-3.1011,42.2175],[-3.0992,42.225],[-3.1021,42.2334],[-3.0886,42.2457],[-3.0925,42.2519],[-3.0941,42.2578],[-3.0977,42.2631],[-3.0896,42.273],[-3.0962,42.279],[-3.0959,42.2875],[-3.0994,42.2944],[-3.1026,42.3089],[-3.1066,42.3133],[-3.1034,42.3208],[-3.0981,42.3223],[-3.0959,42.3269],[-3.1039,42.3314],[-3.1056,42.335],[-3.1107,42.3386],[-3.1093,42.3519],[-3.0926,42.3529],[-3.0876,42.3522],[-3.0669,42.355],[-3.0634,42.3574],[-3.0633,42.3628],[-3.0737,42.3718],[-3.0848,42.3854],[-3.0949,42.3837],[-3.1053,42.3864],[-3.0976,42.3985],[-3.0957,42.4052],[-3.0989,42.4085],[-3.1013,42.4168],[-3.0972,42.4167],[-3.0905,42.4199],[-3.0782,42.4158],[-3.0786,42.4075],[-3.0827,42.3974],[-3.0787,42.3914],[-3.075,42.3916],[-3.0735,42.3856],[-3.0679,42.38],[-3.0658,42.3745],[-3.0577,42.3701],[-3.0531,42.3734],[-3.056,42.3851],[-3.061,42.3946],[-3.064,42.4043],[-3.0589,42.4099],[-3.0574,42.4172],[-3.0633,42.4249],[-3.0577,42.4339],[-3.046,42.4452],[-3.0503,42.4516],[-3.061,42.462],[-3.0642,42.4709],[-3.0733,42.4765],[-3.0823,42.4745],[-3.0893,42.4789],[-3.0933,42.4915],[-3.0804,42.4981],[-3.0751,42.5071],[-3.074,42.516],[-3.0764,42.5208],[-3.0719,42.5281],[-3.0765,42.5322],[-3.0827,42.5337],[-3.0893,42.5383],[-3.0968,42.5346],[-3.0999,42.5362],[-3.1075,42.5288],[-3.1187,42.5325],[-3.1253,42.5331],[-3.1305,42.5368],[-3.1343,42.5421],[-3.1271,42.5436],[-3.1149,42.5513],[-3.1038,42.5541],[-3.1024,42.5594],[-3.0883,42.5671],[-3.0824,42.574],[-3.0862,42.5822],[-3.0793,42.5837],[-3.0635,42.5913],[-3.0646,42.5983],[-3.0604,42.6026],[-3.0647,42.6059],[-3.0705,42.6214],[-3.0782,42.6237],[-3.0795,42.6261],[-3.0864,42.6277],[-3.0811,42.6313],[-3.0847,42.6353],[-3.0842,42.6407],[-3.0694,42.6388],[-3.065,42.6397],[-3.0408,42.6401],[-3.0269,42.6372],[-3.018,42.6322],[-3.0145,42.6404],[-3.0087,42.6409],[-3.0048,42.6443],[-2.9972,42.6421],[-2.9905,42.6424],[-2.986,42.6363],[-2.9806,42.6352],[-2.9759,42.6392],[-2.9704,42.6411],[-2.9526,42.6386],[-2.9471,42.6393],[-2.9339,42.6347],[-2.9258,42.6252],[-2.9242,42.6217],[-2.916,42.6195],[-2.9044,42.6202],[-2.9045,42.6265],[-2.8928,42.6277],[-2.8905,42.6257],[-2.894,42.6213],[-2.8821,42.6207],[-2.8835,42.6244],[-2.8763,42.631],[-2.865,42.6329],[-2.8581,42.6384],[-2.871,42.6392],[-2.8748,42.643],[-2.8894,42.6489],[-2.8967,42.6548],[-2.8972,42.6607],[-2.9002,42.6673],[-2.8951,42.6793],[-2.9014,42.6826],[-2.9038,42.6864],[-2.9025,42.6936],[-2.9185,42.6979],[-2.9225,42.7011],[-2.9295,42.7],[-2.928,42.7048],[-2.9302,42.708],[-2.9564,42.7104],[-2.9634,42.7081],[-2.9745,42.7084],[-2.9806,42.7035],[-2.987,42.709],[-2.9888,42.719],[-2.9954,42.7217],[-3.0073,42.723],[-3.011,42.7275],[-3.0054,42.7325],[-3.0161,42.7336],[-3.0186,42.7409],[-3.031,42.7372],[-3.0408,42.7385],[-3.0431,42.7437],[-3.0487,42.7491],[-3.0499,42.7553],[-3.0467,42.7603],[-3.0476,42.765],[-3.0534,42.7645],[-3.0636,42.7602],[-3.0679,42.7609],[-3.0816,42.7658],[-3.081,42.7618],[-3.0871,42.7585],[-3.0921,42.7652],[-3.0997,42.7673],[-3.1088,42.7642],[-3.1157,42.7593],[-3.1276,42.7592],[-3.1479,42.7567],[-3.142,42.7629],[-3.1366,42.7655],[-3.1326,42.7759],[-3.1282,42.7843],[-3.1236,42.7888],[-3.1314,42.7898],[-3.1412,42.7964],[-3.1592,42.8046],[-3.1481,42.8145],[-3.1489,42.8205],[-3.1406,42.8364],[-3.1329,42.8374],[-3.1301,42.8405],[-3.1314,42.8447],[-3.1284,42.8493],[-3.1231,42.8487],[-3.1208,42.855],[-3.1131,42.8611],[-3.1137,42.8641],[-3.1082,42.8712],[-3.1051,42.8796],[-3.1133,42.8819],[-3.1126,42.8867],[-3.119,42.8913],[-3.1257,42.8913],[-3.1381,42.8762],[-3.1387,42.8713],[-3.1445,42.8689],[-3.1499,42.8613],[-3.1628,42.8567],[-3.1731,42.8572],[-3.1847,42.8662],[-3.1907,42.8695],[-3.2005,42.8551],[-3.207,42.8514],[-3.2094,42.8442],[-3.2222,42.8386],[-3.2055,42.8274],[-3.217,42.8265],[-3.2258,42.8301],[-3.2368,42.8379],[-3.2536,42.8528],[-3.2691,42.8641],[-3.2826,42.8755],[-3.2868,42.8851],[-3.2764,42.887],[-3.2772,42.9016],[-3.2485,42.9121],[-3.2488,42.9158],[-3.2457,42.9238],[-3.2399,42.9316],[-3.2354,42.9331],[-3.2356,42.9439],[-3.2247,42.9497],[-3.22,42.9495],[-3.2116,42.9443],[-3.2065,42.9469],[-3.2026,42.945],[-3.1965,42.9464],[-3.1911,42.945],[-3.1808,42.9445],[-3.1694,42.9402],[-3.1447,42.9347],[-3.1508,42.9192],[-3.1405,42.9131],[-3.1328,42.9135],[-3.1265,42.9041],[-3.1176,42.9059],[-3.1084,42.9062],[-3.1047,42.9102],[-3.0895,42.899],[-3.0752,42.901],[-3.0706,42.9036],[-3.06,42.9017],[-3.0189,42.9085],[-3.0166,42.915],[-3.012,42.9223],[-3.0033,42.9283],[-2.9982,42.9268],[-2.9921,42.9352],[-2.9851,42.9363],[-2.9814,42.9399],[-2.9909,42.9471],[-2.9948,42.9521],[-3.0011,42.9535],[-3.0083,42.952],[-3.0164,42.9531],[-3.0204,42.9556],[-3.0198,42.9599],[-3.0419,42.9692],[-3.0449,42.9735],[-3.0395,42.9769],[-3.0371,42.9818],[-3.0431,42.9834],[-3.0482,42.9905],[-3.0614,42.9995],[-3.0615,43.0036],[-3.0712,43.0052],[-3.0767,43.0087],[-3.0795,43.0046],[-3.089,43.0016],[-3.1061,43.0054],[-3.1195,43.0057],[-3.1244,43.0078],[-3.1359,43.008],[-3.1448,43.0068],[-3.1607,43.0131],[-3.1689,43.0149],[-3.1778,43.022],[-3.171,43.0255],[-3.1702,43.0291],[-3.1529,43.027],[-3.1435,43.0274],[-3.1427,43.0317],[-3.1477,43.0345],[-3.1451,43.0382],[-3.1418,43.049],[-3.1434,43.0551],[-3.1406,43.0593],[-3.141,43.0687],[-3.1475,43.0689],[-3.1581,43.0737],[-3.1495,43.0812],[-3.1476,43.0857],[-3.1421,43.0891],[-3.1339,43.0972],[-3.1415,43.1106],[-3.148,43.1083],[-3.1521,43.1041],[-3.1625,43.1089],[-3.1697,43.1096],[-3.1804,43.1163],[-3.1818,43.1209],[-3.1723,43.1297],[-3.1615,43.1432],[-3.1668,43.1469],[-3.1618,43.1543],[-3.1535,43.1591],[-3.1418,43.1611],[-3.141,43.165],[-3.1483,43.174],[-3.1586,43.1781],[-3.168,43.1786],[-3.1791,43.1752],[-3.1856,43.1692],[-3.1971,43.1705],[-3.2048,43.1745],[-3.2076,43.1792],[-3.2141,43.1735],[-3.2185,43.1752],[-3.2235,43.1722],[-3.2361,43.1817],[-3.2377,43.1862],[-3.2441,43.19],[-3.2503,43.1969],[-3.2546,43.1949],[-3.2621,43.1961],[-3.2652,43.1944],[-3.2781,43.1943],[-3.2773,43.191],[-3.2881,43.1856],[-3.2974,43.1825],[-3.3006,43.1788],[-3.3057,43.1768],[-3.3116,43.1717],[-3.3342,43.1655],[-3.3412,43.167],[-3.3459,43.1614],[-3.3502,43.1538],[-3.3648,43.151],[-3.3798,43.1452],[-3.3911,43.1397],[-3.401,43.1373],[-3.4058,43.1378],[-3.4098,43.1342],[-3.4176,43.1333],[-3.4219,43.1323],[-3.4297,43.1337],[-3.4335,43.1319],[-3.4691,43.1368],[-3.4803,43.1361],[-3.4864,43.1339],[-3.4926,43.1338],[-3.5012,43.1359],[-3.5063,43.1357],[-3.5194,43.14],[-3.5304,43.1427],[-3.5436,43.1481],[-3.5612,43.1494],[-3.5732,43.1528],[-3.5853,43.1544],[-3.5996,43.1519],[-3.6035,43.1496],[-3.6069,43.1611],[-3.6124,43.1695],[-3.6229,43.1739],[-3.6303,43.1729],[-3.6336,43.1756],[-3.641,43.1761],[-3.645,43.1793],[-3.6518,43.1808],[-3.6582,43.1776],[-3.6545,43.1709],[-3.6599,43.1689],[-3.6668,43.1628],[-3.668,43.1576],[-3.6758,43.1539],[-3.6842,43.1424],[-3.6856,43.1372],[-3.6959,43.126],[-3.7039,43.1234],[-3.7029,43.1181],[-3.7071,43.1152],[-3.7143,43.114],[-3.7192,43.1084],[-3.7283,43.1048],[-3.7385,43.1025],[-3.7482,43.1023],[-3.7549,43.1005],[-3.7598,43.0921],[-3.7569,43.0857],[-3.7676,43.0803],[-3.7758,43.0825],[-3.7804,43.0799],[-3.7903,43.0781],[-3.8063,43.0834],[-3.8102,43.0867],[-3.8156,43.0854],[-3.8233,43.0806],[-3.8358,43.0806],[-3.8453,43.0828],[-3.8508,43.08],[-3.8507,43.0771],[-3.846,43.071],[-3.8407,43.0693],[-3.8337,43.0632],[-3.8345,43.0581],[-3.8427,43.0513],[-3.8498,43.0484],[-3.8492,43.0411],[-3.8566,43.0397],[-3.8615,43.0434],[-3.8758,43.0436],[-3.8784,43.0416],[-3.8888,43.0422],[-3.8926,43.0397],[-3.8931,43.0356],[-3.9093,43.0161],[-3.9247,43.0104],[-3.945,43.0065],[-3.9561,42.998],[-3.9659,42.9845],[-3.9782,42.9605],[-3.9837,42.945],[-3.9869,42.9405],[-3.9871,42.9361],[-3.9906,42.9306],[-3.9868,42.9248],[-3.9767,42.9178],[-3.9716,42.9114],[-3.9539,42.911],[-3.9434,42.9093],[-3.9378,42.9106],[-3.9376,42.9048],[-3.9335,42.8996],[-3.9264,42.9044],[-3.9234,42.9157],[-3.9182,42.9163],[-3.9075,42.9247],[-3.8913,42.9255],[-3.8888,42.9299],[-3.8897,42.9351],[-3.8869,42.9423],[-3.8874,42.9488],[-3.8777,42.9478],[-3.8701,42.9497],[-3.8671,42.9548],[-3.8542,42.9486],[-3.8408,42.9406],[-3.8373,42.9347],[-3.8307,42.9301],[-3.8311,42.9214],[-3.8382,42.9167],[-3.8517,42.9195],[-3.8558,42.914],[-3.8583,42.9036],[-3.868,42.8989],[-3.8787,42.9012],[-3.8829,42.9039],[-3.8898,42.9023],[-3.9029,42.9094],[-3.9081,42.9136],[-3.9109,42.9111],[-3.9074,42.9079],[-3.8987,42.904],[-3.8922,42.887],[-3.9015,42.8858],[-3.8965,42.88],[-3.9051,42.8695],[-3.9123,42.8679],[-3.9146,42.8619],[-3.9121,42.8591],[-3.8993,42.8601],[-3.8962,42.8563],[-3.8874,42.8567],[-3.88,42.8511],[-3.8737,42.8526],[-3.8682,42.857],[-3.8736,42.8627],[-3.8738,42.8748],[-3.8682,42.8853],[-3.8638,42.8896],[-3.8603,42.8871],[-3.8363,42.8788],[-3.8262,42.871],[-3.8254,42.8686],[-3.8349,42.856],[-3.8341,42.8525],[-3.8246,42.8427],[-3.817,42.8365],[-3.8169,42.8297],[-3.8201,42.8279],[-3.8167,42.8194],[-3.8165,42.8104],[-3.8208,42.8065],[-3.8236,42.7989],[-3.8295,42.7989],[-3.8327,42.7965],[-3.8442,42.7925],[-3.8542,42.7876],[-3.8646,42.7866],[-3.8766,42.7942],[-3.884,42.7972],[-3.8944,42.8045],[-3.8974,42.7998],[-3.8996,42.7908],[-3.9015,42.7886],[-3.9097,42.7864],[-3.9087,42.7799],[-3.911,42.7684],[-3.9265,42.7701],[-3.9306,42.7745],[-3.9488,42.7675],[-3.9466,42.7619],[-3.9565,42.7622],[-3.9657,42.7586],[-3.9789,42.7581],[-3.9816,42.7683],[-3.9907,42.771],[-3.9946,42.7686],[-3.9997,42.769],[-3.9959,42.7862],[-3.9976,42.7878],[-3.9964,42.7972],[-3.9971,42.8032],[-4.0009,42.8098],[-3.9996,42.8196],[-4.0006,42.8267],[-4.0036,42.8314],[-4.011,42.8304],[-4.0208,42.8193],[-4.0142,42.8064],[-4.024,42.8063],[-4.0329,42.8013],[-4.0318,42.7936],[-4.0283,42.7903],[-4.0336,42.7866],[-4.0378,42.7908],[-4.0438,42.7888],[-4.0502,42.7798],[-4.0461,42.7668],[-4.0545,42.7634],[-4.0719,42.7607],[-4.0815,42.7616],[-4.0833,42.7686],[-4.0861,42.7713],[-4.0937,42.7734],[-4.0965,42.7803],[-4.1004,42.7846],[-4.0985,42.7913],[-4.1118,42.7943],[-4.1233,42.7944],[-4.1374,42.7905],[-4.1443,42.7913],[-4.1505,42.7894],[-4.1561,42.7953],[-4.1609,42.7967],[-4.1646,42.8014],[-4.174,42.8086],[-4.1825,42.8104],[-4.1859,42.8172],[-4.1843,42.8218],[-4.1787,42.8261],[-4.1652,42.8285],[-4.162,42.8357],[-4.1571,42.8376],[-4.1519,42.8353],[-4.1508,42.8315],[-4.1413,42.8303],[-4.1378,42.8339],[-4.1374,42.8393],[-4.1281,42.8463],[-4.126,42.8567],[-4.1397,42.8594],[-4.1488,42.8659],[-4.1439,42.8689],[-4.1501,42.8714],[-4.1661,42.8605],[-4.1719,42.8583],[-4.1784,42.8591],[-4.1904,42.8529],[-4.1992,42.8443],[-4.2094,42.8452],[-4.2185,42.8505],[-4.2256,42.8587],[-4.2225,42.8641],[-4.2262,42.8869],[-4.2305,42.896],[-4.2308,42.9048],[-4.2249,42.9058],[-4.2225,42.9107],[-4.23,42.9131],[-4.2364,42.9169],[-4.2386,42.9235],[-4.2394,42.9387],[-4.2383,42.9542],[-4.2439,42.958],[-4.2626,42.9653],[-4.2733,42.9663],[-4.278,42.9653],[-4.2894,42.9691],[-4.2996,42.9662],[-4.3137,42.9695],[-4.3324,42.9711],[-4.3357,42.9706],[-4.348,42.9724],[-4.363,42.9849],[-4.3734,42.995],[-4.3757,42.9997],[-4.3739,43.0022],[-4.378,43.0098],[-4.3861,43.0161],[-4.3896,43.0255],[-4.393,43.0278],[-4.3981,43.035],[-4.4094,43.04],[-4.4323,43.0457],[-4.4422,43.0553],[-4.4476,43.0584],[-4.4568,43.0569],[-4.4621,43.061],[-4.4711,43.0512],[-4.4759,43.0411],[-4.4753,43.0387],[-4.4939,43.0388],[-4.5029,43.041],[-4.5212,43.0475],[-4.5551,43.0229],[-4.5594,43.0192],[-4.5639,43.0224],[-4.5741,43.027],[-4.5894,43.0253],[-4.6064,43.0354],[-4.6124,43.0303],[-4.6229,43.0258],[-4.6314,43.0235],[-4.6395,43.0164],[-4.651,43.0208],[-4.6681,43.0208],[-4.6847,43.0263],[-4.7079,43.0252],[-4.7158,43.0189],[-4.725,43.0179],[-4.7311,43.022],[-4.7378,43.0209],[-4.7433,43.0266],[-4.7381,43.0399],[-4.7341,43.0427],[-4.7341,43.0477],[-4.7441,43.0554],[-4.7598,43.0565],[-4.7661,43.0553],[-4.7654,43.0672],[-4.7668,43.0747],[-4.7765,43.0805],[-4.7842,43.0838],[-4.7887,43.0841],[-4.7971,43.0882],[-4.802,43.0878],[-4.8085,43.0917],[-4.8173,43.0929],[-4.8218,43.0988],[-4.8331,43.1019],[-4.8362,43.1064],[-4.8363,43.1157],[-4.8449,43.1206],[-4.8464,43.124],[-4.8514,43.1259],[-4.8427,43.1333],[-4.8439,43.146],[-4.8386,43.147],[-4.8347,43.1582],[-4.8407,43.1624],[-4.8388,43.1667],[-4.8517,43.1736],[-4.8494,43.1771],[-4.841,43.1808],[-4.8396,43.1897],[-4.8455,43.1934],[-4.8528,43.1958],[-4.8565,43.2036],[-4.8608,43.2053],[-4.8602,43.209],[-4.8635,43.2119],[-4.8602,43.215],[-4.871,43.228],[-4.8838,43.2318],[-4.8868,43.2353],[-4.8948,43.2382],[-4.9089,43.2379],[-4.9155,43.2336],[-4.9215,43.2263],[-4.9322,43.2246],[-4.9426,43.2249],[-4.9461,43.2211],[-4.9514,43.2195],[-4.9521,43.2146],[-4.9631,43.2127],[-4.9728,43.2009],[-4.9765,43.2016],[-4.9822,43.1988],[-4.9858,43.1932],[-4.9964,43.1853],[-4.9976,43.1703],[-5.002,43.1752],[-5.0149,43.1794],[-5.0215,43.1835],[-5.0316,43.1818],[-5.0409,43.1847],[-5.0453,43.1826],[-5.0537,43.1814],[-5.0588,43.1766],[-5.0652,43.175],[-5.0766,43.179],[-5.0779,43.1733],[-5.0759,43.1713],[-5.0798,43.1593],[-5.0865,43.1537],[-5.0868,43.1475],[-5.0933,43.1443],[-5.0915,43.1323],[-5.0942,43.123],[-5.0993,43.1158],[-5.0957,43.1077],[-5.1017,43.1018],[-5.1239,43.1006],[-5.1407,43.1029],[-5.1408,43.1051],[-5.1478,43.1151],[-5.1527,43.1114],[-5.1631,43.1093],[-5.1674,43.1028],[-5.1751,43.1001],[-5.1886,43.0998],[-5.1912,43.0954],[-5.204,43.0906],[-5.2094,43.0872],[-5.2202,43.0837],[-5.226,43.0855],[-5.233,43.0846],[-5.2403,43.0886],[-5.2509,43.0891],[-5.2597,43.0874],[-5.2685,43.0876],[-5.2736,43.086],[-5.2808,43.0811],[-5.2821,43.0774],[-5.2877,43.0789],[-5.2962,43.079],[-5.3115,43.0842],[-5.3172,43.0827],[-5.3205,43.0793],[-5.326,43.0795],[-5.3414,43.0838],[-5.3385,43.0909],[-5.3437,43.0939],[-5.3622,43.0953],[-5.3691,43.0946],[-5.3778,43.0883],[-5.3831,43.0872],[-5.387,43.0641],[-5.3905,43.0493],[-5.3986,43.0475],[-5.4059,43.0499],[-5.4146,43.0501],[-5.4169,43.0521],[-5.4278,43.0533],[-5.4339,43.0527],[-5.4482,43.0554],[-5.4544,43.0529],[-5.4668,43.0506],[-5.4756,43.0555],[-5.4807,43.0536],[-5.4815,43.0408],[-5.4851,43.0343],[-5.4903,43.0306],[-5.4938,43.0212],[-5.4997,43.0237],[-5.5063,43.0286],[-5.5289,43.0258],[-5.5304,43.0224],[-5.5402,43.0184],[-5.5558,43.0203],[-5.5574,43.0222],[-5.5665,43.0217],[-5.57,43.0239],[-5.5748,43.0321],[-5.5913,43.0343],[-5.5955,43.0333],[-5.604,43.0358],[-5.6091,43.0341],[-5.6136,43.0354],[-5.6295,43.0338],[-5.6367,43.035],[-5.6431,43.0378],[-5.6512,43.0442],[-5.6595,43.0455],[-5.6723,43.0524],[-5.6755,43.0518],[-5.6884,43.0569],[-5.6931,43.0563],[-5.7014,43.0515],[-5.716,43.0461],[-5.7225,43.0422],[-5.7283,43.0425],[-5.7288,43.0382],[-5.7345,43.0337],[-5.7366,43.0252],[-5.7358,43.0225],[-5.7441,43.0205],[-5.7483,43.0173],[-5.7502,43.0128],[-5.7505,43.0057],[-5.7594,42.9987],[-5.7606,42.9901],[-5.7662,42.9863],[-5.7635,42.9755],[-5.7603,42.9727],[-5.7683,42.9685],[-5.779,42.967],[-5.7902,42.968],[-5.804,42.9626],[-5.8109,42.9661],[-5.8237,42.9677],[-5.843,42.9643],[-5.85,42.9675],[-5.855,42.9752],[-5.8619,42.9796],[-5.8733,42.9794],[-5.8815,42.981],[-5.8885,42.9792],[-5.892,42.985],[-5.8919,42.9892],[-5.8958,42.9931],[-5.9047,42.9904],[-5.9128,42.9924],[-5.9133,42.9977],[-5.9183,43.0019],[-5.9296,43.005],[-5.9334,43.0107],[-5.9384,43.0113],[-5.9443,43.0147],[-5.9558,43.0172],[-5.9584,43.0259],[-5.9626,43.0337],[-5.9697,43.0408],[-5.965,43.0453],[-5.9622,43.0529],[-5.9668,43.0587],[-5.9735,43.0594],[-5.9742,43.0651],[-5.9821,43.0645],[-5.9874,43.0675],[-5.9926,43.0637],[-5.9963,43.0579],[-6.0088,43.0577],[-6.0169,43.0534],[-6.0305,43.0575],[-6.0379,43.063],[-6.0439,43.0632],[-6.0521,43.0682],[-6.0613,43.0649],[-6.0694,43.0664],[-6.0736,43.0717],[-6.0796,43.0737],[-6.084,43.0699],[-6.0919,43.0669],[-6.0903,43.0599],[-6.095,43.0489],[-6.0894,43.0417],[-6.0898,43.0382],[-6.0951,43.0345],[-6.1061,43.0294],[-6.1148,43.0287],[-6.1204,43.0243],[-6.1367,43.021],[-6.1414,43.0266],[-6.1499,43.034],[-6.164,43.0375],[-6.1674,43.0424],[-6.1722,43.0436],[-6.1784,43.0478],[-6.1861,43.0495],[-6.1908,43.0446],[-6.1965,43.0427],[-6.2164,43.047],[-6.219,43.0394],[-6.2227,43.0352],[-6.2223,43.0294],[-6.229,43.0222],[-6.2268,43.0089],[-6.2385,43.0144],[-6.2427,43.0135],[-6.2632,43.0159],[-6.2765,43.0296],[-6.2865,43.0353],[-6.2904,43.0344],[-6.2952,43.0269],[-6.3034,43.0289],[-6.3113,43.0289],[-6.3137,43.0313],[-6.3277,43.0321],[-6.3301,43.0433],[-6.3332,43.0465],[-6.3382,43.0459],[-6.3412,43.0491],[-6.3489,43.05],[-6.3509,43.0531],[-6.3604,43.0584],[-6.3667,43.0484],[-6.3734,43.0468],[-6.3735,43.0411],[-6.3905,43.0404],[-6.3971,43.0381],[-6.395,43.0327],[-6.3917,43.0313],[-6.3908,43.0258],[-6.3944,43.0166],[-6.4024,43.0162],[-6.408,43.0185],[-6.4126,43.0152],[-6.4122,43.0075],[-6.4102,43.0009],[-6.4074,42.9994],[-6.4134,42.9939],[-6.4185,42.9921],[-6.4241,42.9876],[-6.4276,42.9876],[-6.4371,42.993],[-6.4464,42.9822],[-6.4582,42.9835],[-6.4659,42.9864],[-6.4709,42.9917],[-6.4773,42.9919],[-6.479,42.9887],[-6.4783,42.9801],[-6.4725,42.9773],[-6.4747,42.9706],[-6.4685,42.9661],[-6.4636,42.9676],[-6.4518,42.966],[-6.4424,42.9669],[-6.4336,42.9642],[-6.4416,42.9486],[-6.4357,42.9426],[-6.4512,42.9355],[-6.4654,42.9339],[-6.4772,42.934],[-6.4861,42.929],[-6.4898,42.9202],[-6.5001,42.9228],[-6.5106,42.9287],[-6.5228,42.9236],[-6.5345,42.9222],[-6.5389,42.9188],[-6.5414,42.9134],[-6.5466,42.9122],[-6.5604,42.9144],[-6.5691,42.9148],[-6.5738,42.9176],[-6.5855,42.9184],[-6.5903,42.9167],[-6.5979,42.9186],[-6.6065,42.9161],[-6.6129,42.9246],[-6.6286,42.9195],[-6.6322,42.9232],[-6.6388,42.9255],[-6.6454,42.924],[-6.6569,42.9246],[-6.6598,42.9229],[-6.6672,42.9245],[-6.6776,42.9229],[-6.691,42.9223],[-6.697,42.9185],[-6.7128,42.9151],[-6.7232,42.9174],[-6.7345,42.9077],[-6.7406,42.8995],[-6.7492,42.8941],[-6.7567,42.8831],[-6.7605,42.884],[-6.7728,42.8825],[-6.773,42.8871],[-6.7679,42.8903],[-6.7707,42.8986],[-6.7769,42.9014],[-6.7898,42.9045],[-6.801,42.9102],[-6.8117,42.9113],[-6.8242,42.9151],[-6.842,42.9064],[-6.8356,42.9043],[-6.8275,42.8891],[-6.8274,42.8802],[-6.8252,42.8769],[-6.8181,42.8724],[-6.8205,42.8679],[-6.8346,42.8733],[-6.8371,42.8774],[-6.8337,42.8821],[-6.8579,42.8763],[-6.8713,42.8738],[-6.8595,42.8485],[-6.8531,42.8387],[-6.8482,42.8334],[-6.8413,42.8324],[-6.8441,42.8281],[-6.8418,42.8227],[-6.852,42.818],[-6.8544,42.8106],[-6.858,42.81],[-6.867,42.804],[-6.8687,42.7992],[-6.8645,42.7974],[-6.864,42.7929],[-6.8674,42.7872],[-6.8758,42.7825],[-6.879,42.7826],[-6.8908,42.7773],[-6.8969,42.7719],[-6.8985,42.7653],[-6.9015,42.7613],[-6.9356,42.7409],[-6.9469,42.7415],[-6.9533,42.7523],[-6.9565,42.7556],[-6.9625,42.7532],[-6.9678,42.7475],[-6.9659,42.7423],[-6.9728,42.7379],[-6.969,42.7296],[-6.9729,42.725],[-6.9837,42.7187],[-6.9902,42.7266],[-6.9994,42.727],[-7.0135,42.7221],[-7.0216,42.7143],[-7.029,42.7106],[-7.0377,42.7],[-7.0452,42.6948],[-7.0342,42.6843],[-7.0318,42.6756],[-7.0155,42.6646],[-7.0174,42.6611],[-7.0126,42.6578],[-7.0204,42.6547],[-7.0175,42.6518],[-7.01,42.6498],[-7.0044,42.6429],[-7.0131,42.6418],[-7.0178,42.6452],[-7.0317,42.6396],[-7.0381,42.636],[-7.0419,42.6361],[-7.047,42.6327],[-7.0477,42.6255],[-7.0459,42.6221],[-7.0477,42.6127],[-7.0456,42.6038],[-7.0502,42.5979],[-7.0436,42.5897],[-7.0343,42.5875],[-7.0336,42.5841],[-7.0416,42.5774],[-7.0488,42.5693],[-7.0547,42.5678],[-7.0576,42.5637],[-7.0559,42.559],[-7.0628,42.5533],[-7.0639,42.5483],[-7.0707,42.5384],[-7.0604,42.5362],[-7.0594,42.5306],[-7.0642,42.5242],[-7.0738,42.5067],[-7.0599,42.5066],[-7.0519,42.5086],[-7.0326,42.5043],[-7.0287,42.4979],[-7.0196,42.5016],[-7.0045,42.5039],[-6.9973,42.4995],[-6.9812,42.4936],[-6.9736,42.494],[-6.9715,42.5009],[-6.9685,42.5048],[-6.965,42.5134],[-6.9592,42.5181],[-6.9251,42.5194],[-6.9189,42.5132],[-6.9099,42.5082],[-6.8972,42.5039],[-6.876,42.4983],[-6.8606,42.4891],[-6.8492,42.4867],[-6.841,42.489],[-6.837,42.4955],[-6.8325,42.4922],[-6.8288,42.4934],[-6.8227,42.4905],[-6.8255,42.4857],[-6.8181,42.4813],[-6.8147,42.4739],[-6.8086,42.4694],[-6.8115,42.4612],[-6.822,42.4544],[-6.8201,42.4395],[-6.821,42.4317],[-6.8146,42.4269],[-6.8248,42.4259],[-6.821,42.4214],[-6.8289,42.4168],[-6.8313,42.4084],[-6.8374,42.4093],[-6.8435,42.4058],[-6.8381,42.4017],[-6.8336,42.3955],[-6.8235,42.3919],[-6.8208,42.3856],[-6.8019,42.3837],[-6.7959,42.382],[-6.788,42.3826],[-6.7786,42.381],[-6.7742,42.3788],[-6.7689,42.373],[-6.7665,42.365],[-6.7578,42.3676],[-6.754,42.3645],[-6.7417,42.3601],[-6.734,42.3591],[-6.7375,42.3463],[-6.7405,42.3287],[-6.7369,42.3252],[-6.7362,42.3111],[-6.7432,42.3033],[-6.7411,42.2987],[-6.753,42.2879],[-6.7544,42.284],[-6.765,42.2727],[-6.7648,42.2679],[-6.767,42.2575],[-6.7713,42.2547],[-6.7759,42.2556],[-6.7908,42.253],[-6.7961,42.2424],[-6.8031,42.239],[-6.8019,42.2348],[-6.7944,42.2281],[-6.7961,42.2218],[-6.7903,42.2169],[-6.7966,42.209],[-6.8025,42.2187],[-6.8166,42.2209],[-6.8302,42.2263],[-6.8436,42.2283],[-6.8556,42.2269],[-6.8866,42.2145],[-6.8927,42.2077],[-6.8882,42.2023],[-6.9008,42.1895],[-6.9105,42.1881],[-6.9146,42.189],[-6.9198,42.1858],[-6.9386,42.1768],[-6.9438,42.1719],[-6.941,42.1686],[-6.9418,42.1613],[-6.9456,42.1444],[-6.9487,42.1356],[-6.9555,42.1293],[-6.9634,42.1285],[-6.9718,42.1246],[-6.9892,42.1218],[-6.9907,42.1154],[-6.9888,42.1082],[-6.992,42.1043],[-7.0028,42.0965],[-7.0025,42.0844],[-7.0123,42.0851],[-7.0197,42.0833],[-7.0336,42.0742],[-7.031,42.0633],[-7.0221,42.0609],[-7.0161,42.0548],[-7.0078,42.0516],[-6.9947,42.0514],[-6.9798,42.0536],[-6.9748,42.0552],[-6.9731,42.0391],[-6.9647,42.0337],[-6.9611,42.0272],[-6.9664,42.0238],[-6.9709,42.0135],[-6.9763,42.009],[-6.9795,42.0002],[-6.9871,41.997],[-6.9865,41.9948],[-6.9917,41.9861],[-6.9864,41.9787],[-6.9858,41.971],[-6.9794,41.9738],[-6.9687,41.972],[-6.9578,41.9689],[-6.952,41.9594],[-6.9503,41.9538],[-6.9443,41.9447],[-6.935,41.9463],[-6.9259,41.9439],[-6.9115,41.9441],[-6.9036,41.9414],[-6.892,41.9398],[-6.8851,41.9403],[-6.8743,41.944],[-6.8695,41.9485],[-6.8602,41.9467],[-6.8488,41.9424],[-6.8337,41.9443],[-6.8305,41.9435],[-6.8216,41.946],[-6.81,41.9695],[-6.8113,41.9925],[-6.7977,41.9886],[-6.7856,41.9889],[-6.7783,41.9876],[-6.7687,41.9839],[-6.767,41.9745],[-6.7506,41.9434],[-6.7436,41.9409],[-6.7246,41.937],[-6.7215,41.9385],[-6.7146,41.9375],[-6.6993,41.9333],[-6.6598,41.9385],[-6.6356,41.9422],[-6.6252,41.9399],[-6.6171,41.9412],[-6.6134,41.9466],[-6.6063,41.9489],[-6.5994,41.9482],[-6.5891,41.9629],[-6.5885,41.9678],[-6.5738,41.9607],[-6.5491,41.9445],[-6.5458,41.9359],[-6.546,41.9309],[-6.5502,41.9259],[-6.5488,41.9234],[-6.5577,41.9104],[-6.5569,41.9074],[-6.5613,41.8959],[-6.5659,41.894],[-6.5712,41.8835],[-6.5551,41.8795],[-6.5378,41.8767],[-6.5176,41.8751],[-6.5159,41.87],[-6.5249,41.8611],[-6.5224,41.8541],[-6.5285,41.8474],[-6.5263,41.8427],[-6.5301,41.84],[-6.5325,41.8347],[-6.5288,41.8286],[-6.5323,41.8199],[-6.5387,41.8127],[-6.537,41.8078],[-6.5427,41.8057],[-6.5391,41.8016],[-6.5438,41.7998],[-6.5466,41.7936],[-6.5435,41.7892],[-6.5493,41.7771],[-6.5508,41.772],[-6.5541,41.7692],[-6.5557,41.7643],[-6.5548,41.7582],[-6.5581,41.7537],[-6.5648,41.7515],[-6.569,41.7434],[-6.5614,41.7418],[-6.5577,41.7345],[-6.5568,41.727],[-6.5545,41.7247],[-6.5539,41.7175],[-6.5483,41.7134],[-6.5498,41.7108],[-6.5429,41.7038],[-6.5455,41.6985],[-6.5495,41.7023],[-6.5546,41.7006],[-6.5535,41.6931],[-6.5483,41.6856],[-6.5418,41.6805],[-6.5343,41.6766],[-6.5276,41.6753],[-6.5195,41.6693],[-6.5125,41.6612],[-6.4984,41.657],[-6.4887,41.6575],[-6.4801,41.6607],[-6.4694,41.6662],[-6.4574,41.6666],[-6.4525,41.6754],[-6.4524,41.6809],[-6.4479,41.6841],[-6.4405,41.6844],[-6.4256,41.6794],[-6.4113,41.6786],[-6.406,41.6809],[-6.395,41.677],[-6.3745,41.6737],[-6.3547,41.6764],[-6.3429,41.6736],[-6.3163,41.6651],[-6.3023,41.6618],[-6.2891,41.6558],[-6.2767,41.647],[-6.2643,41.6403],[-6.2545,41.633],[-6.2449,41.6208],[-6.2358,41.6071],[-6.2301,41.6037],[-6.2148,41.5995],[-6.2087,41.5991],[-6.2015,41.5946],[-6.197,41.5895],[-6.196,41.5846],[-6.1892,41.5748],[-6.1987,41.5692],[-6.2118,41.5592],[-6.2174,41.5505],[-6.2173,41.5431],[-6.2267,41.5346],[-6.2369,41.5214],[-6.2466,41.5156],[-6.2553,41.5151],[-6.258,41.5119],[-6.2508,41.5009],[-6.2546,41.4974],[-6.2643,41.4989],[-6.268,41.4943],[-6.262,41.4876],[-6.2701,41.4866],[-6.284,41.479],[-6.2847,41.4699],[-6.2871,41.4654],[-6.2952,41.4608],[-6.3054,41.4497],[-6.3049,41.4464],[-6.2971,41.4397],[-6.2949,41.4352],[-6.3099,41.4194],[-6.319,41.4155],[-6.3249,41.4165],[-6.3297,41.4146],[-6.3333,41.4103],[-6.3333,41.4066],[-6.3201,41.4009],[-6.3172,41.3971],[-6.3154,41.3901],[-6.3177,41.3857],[-6.3249,41.3872],[-6.3335,41.3844],[-6.3432,41.3798],[-6.3515,41.3781],[-6.3576,41.3799],[-6.3659,41.3879],[-6.3661,41.3936],[-6.3712,41.3924],[-6.377,41.3878],[-6.3814,41.388],[-6.3899,41.3854],[-6.3939,41.3778],[-6.394,41.3708],[-6.3871,41.3633],[-6.3811,41.3641],[-6.3772,41.3601],[-6.3805,41.3565],[-6.3938,41.35],[-6.4078,41.35],[-6.4162,41.348],[-6.4271,41.3335],[-6.4186,41.3272],[-6.4328,41.3208],[-6.4393,41.3123],[-6.4381,41.3053],[-6.4482,41.2993],[-6.4596,41.298],[-6.4692,41.3011],[-6.4787,41.2947],[-6.4841,41.293],[-6.4918,41.2857],[-6.4891,41.2822],[-6.4785,41.2765],[-6.4811,41.273],[-6.4917,41.269],[-6.497,41.2656],[-6.5099,41.2637],[-6.5127,41.2652],[-6.5176,41.2748],[-6.5218,41.276],[-6.5258,41.2703],[-6.5396,41.2612],[-6.5467,41.2581],[-6.5515,41.2456],[-6.5642,41.2436],[-6.5713,41.239],[-6.5813,41.2395],[-6.5849,41.2418],[-6.5861,41.2518],[-6.5914,41.2555],[-6.5953,41.2523],[-6.5979,41.2446],[-6.6033,41.245],[-6.6098,41.2497],[-6.6199,41.2477],[-6.63,41.2426],[-6.6354,41.2441],[-6.643,41.2483],[-6.6492,41.2459],[-6.6528,41.2356],[-6.6597,41.234],[-6.6646,41.2308],[-6.6705,41.2239],[-6.6804,41.2186],[-6.6851,41.212],[-6.6919,41.2083],[-6.6886,41.2044],[-6.6891,41.1992],[-6.6923,41.1939],[-6.6992,41.1921],[-6.6965,41.1885],[-6.6982,41.1835],[-6.7057,41.1792],[-6.7091,41.1736],[-6.7214,41.166],[-6.7287,41.1636],[-6.7382,41.1542],[-6.7393,41.1504],[-6.7459,41.1468],[-6.7519,41.1408],[-6.7674,41.1352],[-6.7706,41.13],[-6.7703,41.1244],[-6.7623,41.1157],[-6.7577,41.1072],[-6.7538,41.1033],[-6.7576,41.0977],[-6.7611,41.0963],[-6.7645,41.0903],[-6.7699,41.0871],[-6.774,41.0795],[-6.7733,41.0747],[-6.7794,41.0709],[-6.7799,41.0675],[-6.7869,41.0633],[-6.7899,41.0574],[-6.8018,41.0479],[-6.8084,41.0448],[-6.8073,41.0398],[-6.8125,41.0359],[-6.8224,41.0318],[-6.836,41.0282],[-6.8503,41.0271],[-6.86,41.0278],[-6.8665,41.0269],[-6.8768,41.0281],[-6.9075,41.0374],[-6.9151,41.0389],[-6.9301,41.0301],[-6.9294,41.0259],[-6.9314,41.0177],[-6.9239,41.0104],[-6.9224,41.0049],[-6.9182,41.0015],[-6.9086,40.9989],[-6.9045,40.9903],[-6.8917,40.9809],[-6.8868,40.9714],[-6.8754,40.9604],[-6.8685,40.9578],[-6.8606,40.9494],[-6.8573,40.9398],[-6.8537,40.9356],[-6.8549,40.9313],[-6.849,40.9246],[-6.8481,40.9182],[-6.8498,40.9143],[-6.8496,40.9026],[-6.8388,40.8895],[-6.8301,40.8848],[-6.8231,40.8844],[-6.82,40.8809],[-6.8088,40.882],[-6.8052,40.865],[-6.8019,40.861],[-6.8041,40.8569],[-6.8015,40.853],[-6.8039,40.8463],[-6.8078,40.8461],[-6.8138,40.842],[-6.826,40.8436],[-6.8259,40.8402],[-6.8211,40.8368],[-6.8231,40.8338],[-6.8231,40.8193],[-6.8174,40.8072],[-6.8172,40.8008],[-6.8196,40.7928],[-6.8248,40.7854],[-6.828,40.7772],[-6.8259,40.7678],[-6.8312,40.7526],[-6.8282,40.7381],[-6.8251,40.7372],[-6.8246,40.7297],[-6.8177,40.7257],[-6.811,40.7173],[-6.8133,40.709],[-6.8116,40.7025],[-6.8072,40.6981],[-6.8023,40.6776],[-6.8045,40.6735],[-6.8046,40.6673],[-6.7947,40.6625],[-6.7995,40.6544],[-6.8044,40.638],[-6.8079,40.6295],[-6.8156,40.6176],[-6.827,40.6033],[-6.8373,40.5947],[-6.8378,40.5797],[-6.841,40.5764],[-6.8448,40.5659],[-6.8322,40.5636],[-6.8227,40.5582],[-6.8076,40.5544],[-6.8008,40.5506],[-6.8052,40.5406],[-6.804,40.5312],[-6.7971,40.5229],[-6.795,40.5119],[-6.8087,40.5058],[-6.8147,40.5016],[-6.8179,40.4947],[-6.8174,40.4903],[-6.8227,40.4837],[-6.835,40.4756],[-6.8408,40.4679],[-6.8497,40.4526],[-6.8414,40.4227],[-6.8348,40.4082],[-6.8214,40.3956],[-6.8131,40.3916],[-6.8096,40.3844],[-6.8038,40.3818],[-6.793,40.372],[-6.7844,40.37],[-6.781,40.3647],[-6.7895,40.3604],[-6.7935,40.3561],[-6.7936,40.3504],[-6.7917,40.3465],[-6.7904,40.3347],[-6.7942,40.3288],[-6.804,40.3244],[-6.818,40.325],[-6.825,40.3223],[-6.8283,40.3178],[-6.8348,40.3144],[-6.8403,40.3134],[-6.8477,40.3069],[-6.8614,40.2996],[-6.8639,40.2962],[-6.8644,40.2842],[-6.8622,40.2792],[-6.8648,40.2704],[-6.8468,40.2544],[-6.8399,40.2556],[-6.8391,40.2514],[-6.8345,40.2476],[-6.8284,40.2476],[-6.8182,40.2438],[-6.8106,40.2444],[-6.8067,40.2415],[-6.8016,40.2427],[-6.8022,40.2496],[-6.7816,40.2491],[-6.7775,40.2454],[-6.7556,40.2389],[-6.7556,40.2463],[-6.7514,40.2502],[-6.7414,40.2562],[-6.7352,40.2572],[-6.7267,40.265],[-6.7182,40.2692],[-6.7103,40.2658],[-6.7094,40.2598],[-6.7032,40.2511],[-6.698,40.2467],[-6.6901,40.2427],[-6.6885,40.2466],[-6.6778,40.251],[-6.6777,40.258],[-6.6718,40.2632],[-6.6424,40.268],[-6.6346,40.2647],[-6.6252,40.2666],[-6.6148,40.2661],[-6.5974,40.2716],[-6.587,40.2707],[-6.5836,40.2745],[-6.5713,40.2792],[-6.5688,40.2828],[-6.5583,40.2902],[-6.5595,40.2952],[-6.556,40.3042],[-6.5567,40.3064],[-6.5647,40.3146],[-6.5602,40.3262],[-6.5604,40.329],[-6.5363,40.3472],[-6.5232,40.352],[-6.4934,40.362],[-6.4858,40.3632],[-6.4747,40.3701],[-6.4632,40.3728],[-6.4529,40.3709],[-6.4449,40.3714],[-6.4377,40.3733],[-6.4411,40.378],[-6.4396,40.3816],[-6.425,40.3911],[-6.4196,40.3989],[-6.4078,40.402],[-6.4029,40.402],[-6.3912,40.399],[-6.3832,40.4007],[-6.3752,40.4003],[-6.3627,40.4072],[-6.3615,40.4154],[-6.3658,40.4173],[-6.3651,40.4216],[-6.3559,40.4301],[-6.3459,40.4371],[-6.3446,40.4428],[-6.3334,40.4478],[-6.3264,40.4476],[-6.3224,40.4505],[-6.3175,40.4499],[-6.2944,40.452],[-6.2878,40.4576],[-6.2753,40.4585],[-6.271,40.4609],[-6.2684,40.4676],[-6.2638,40.4716],[-6.255,40.47],[-6.248,40.4766],[-6.2457,40.4811],[-6.2399,40.4859],[-6.2305,40.4866],[-6.212,40.4827],[-6.2014,40.4829],[-6.1974,40.48],[-6.1912,40.4722],[-6.1877,40.4713],[-6.1869,40.4668],[-6.1804,40.4622],[-6.1692,40.4581],[-6.1577,40.457],[-6.1525,40.4526],[-6.1559,40.4478],[-6.1475,40.4385],[-6.1404,40.4356],[-6.1323,40.4369],[-6.1202,40.4427],[-6.1161,40.4416],[-6.1193,40.4351],[-6.1251,40.4294],[-6.1295,40.4208],[-6.1192,40.4194],[-6.1158,40.4146],[-6.1042,40.415],[-6.0871,40.4086],[-6.0833,40.4032],[-6.0752,40.4034],[-6.0732,40.4004],[-6.0775,40.3906],[-6.0734,40.3878],[-6.0748,40.3822],[-6.0836,40.3802],[-6.0869,40.3765],[-6.0813,40.3731],[-6.0824,40.3632],[-6.0859,40.3608],[-6.0925,40.3617],[-6.098,40.3562],[-6.0723,40.3483],[-6.0677,40.3475],[-6.0522,40.3416],[-6.0468,40.3429],[-6.0366,40.3422],[-6.0277,40.3395],[-6.016,40.3403],[-6.0182,40.3336],[-6.0196,40.3226],[-6.0164,40.3165],[-6.0114,40.3133],[-6.0053,40.3054],[-5.9921,40.299],[-5.9824,40.2983],[-5.9685,40.2896],[-5.9649,40.2915],[-5.9537,40.2875],[-5.9417,40.2844],[-5.9378,40.2811],[-5.9208,40.2809],[-5.917,40.2789],[-5.9128,40.287],[-5.9036,40.2953],[-5.9019,40.2996],[-5.8961,40.3053],[-5.8923,40.3119],[-5.8937,40.3182],[-5.8842,40.3266],[-5.8766,40.3261],[-5.8676,40.3314],[-5.8578,40.3344],[-5.855,40.3384],[-5.8505,40.3368],[-5.8537,40.3315],[-5.8471,40.328],[-5.8403,40.3337],[-5.8249,40.3442],[-5.8235,40.3471],[-5.8165,40.3511],[-5.807,40.3503],[-5.7997,40.3537],[-5.795,40.3512],[-5.79,40.3335],[-5.7845,40.3235],[-5.782,40.3125],[-5.7893,40.3065],[-5.7939,40.3],[-5.8022,40.2965],[-5.7973,40.2928],[-5.7931,40.2867],[-5.7767,40.2824],[-5.765,40.2808],[-5.7579,40.2825],[-5.7444,40.2889],[-5.7376,40.2941],[-5.7229,40.2914],[-5.7052,40.2912],[-5.7003,40.2889],[-5.6927,40.2921],[-5.6887,40.2883],[-5.6754,40.2796],[-5.6565,40.2699],[-5.6601,40.2582],[-5.6489,40.2496],[-5.6367,40.2479],[-5.624,40.2471],[-5.6208,40.2408],[-5.6137,40.2333],[-5.6189,40.2239],[-5.61,40.2155],[-5.5944,40.2164],[-5.5794,40.2101],[-5.5679,40.2063],[-5.5636,40.2026],[-5.5519,40.2005],[-5.5493,40.1979],[-5.5411,40.1959],[-5.5365,40.1966],[-5.531,40.1947],[-5.5173,40.1974],[-5.5097,40.2019],[-5.5,40.2008],[-5.4991,40.1989],[-5.4869,40.2051],[-5.4709,40.2079],[-5.4692,40.2219],[-5.4681,40.2242],[-5.4505,40.2278],[-5.4398,40.2336],[-5.4361,40.2389],[-5.4298,40.2523],[-5.425,40.2538],[-5.4118,40.2553],[-5.3964,40.2503],[-5.3926,40.251],[-5.3787,40.2579],[-5.3658,40.2577],[-5.3611,40.2587],[-5.3578,40.263],[-5.349,40.2652],[-5.3434,40.2635],[-5.3513,40.2478],[-5.3526,40.2426],[-5.3584,40.2319],[-5.3587,40.2273],[-5.3697,40.2183],[-5.3695,40.2113],[-5.3641,40.2033],[-5.3679,40.1996],[-5.3665,40.196],[-5.367,40.1892],[-5.3647,40.1819],[-5.3654,40.1718],[-5.3673,40.1609],[-5.3602,40.1569],[-5.3562,40.1517],[-5.3568,40.1484],[-5.3457,40.133],[-5.3456,40.1292],[-5.337,40.1242],[-5.336,40.1158],[-5.3288,40.1134],[-5.3201,40.1079],[-5.3125,40.1069],[-5.3024,40.1072],[-5.2978,40.1098],[-5.2788,40.1092],[-5.2672,40.1111],[-5.2607,40.1079],[-5.2505,40.1087],[-5.2264,40.1074],[-5.2153,40.1078],[-5.2104,40.1053],[-5.2114,40.0917],[-5.2067,40.0856],[-5.2011,40.0826],[-5.1923,40.0835],[-5.1845,40.0881],[-5.1737,40.0849],[-5.1649,40.0891],[-5.1536,40.0928],[-5.1492,40.0908],[-5.1402,40.093],[-5.14,40.0971],[-5.128,40.102],[-5.1054,40.1187],[-5.1011,40.1272],[-5.0936,40.1268],[-5.0878,40.1243],[-5.0854,40.1282],[-5.0855,40.135],[-5.0777,40.1362],[-5.0783,40.1411],[-5.0738,40.1438],[-5.0697,40.1492],[-5.0615,40.1513],[-5.0561,40.149],[-5.0506,40.1516],[-5.0421,40.1511],[-5.0339,40.1567],[-5.0185,40.1591],[-5.017,40.1458],[-5.0136,40.1435],[-5.0067,40.1299],[-5.0077,40.1217],[-5.0133,40.1111],[-5.0058,40.1097],[-4.9892,40.1159],[-4.9814,40.1157],[-4.9793,40.1174],[-4.9613,40.1216],[-4.9589,40.1261],[-4.9593,40.1305],[-4.9523,40.1341],[-4.9434,40.1333],[-4.9255,40.136],[-4.9225,40.1415],[-4.9181,40.1553],[-4.9237,40.165],[-4.9247,40.17],[-4.9137,40.1736],[-4.9026,40.1801],[-4.8967,40.1851],[-4.8859,40.1906],[-4.8783,40.1903],[-4.8753,40.1978],[-4.8627,40.2051],[-4.8571,40.2041],[-4.8538,40.2077],[-4.8403,40.21],[-4.8317,40.2164],[-4.8215,40.2224],[-4.8217,40.2303],[-4.8077,40.2353],[-4.8133,40.2495],[-4.818,40.2556],[-4.81,40.2594],[-4.8113,40.264],[-4.8072,40.2676],[-4.8077,40.271],[-4.8035,40.2753],[-4.7833,40.2702],[-4.7781,40.2656],[-4.7612,40.2609],[-4.7533,40.2641],[-4.7426,40.2753],[-4.7322,40.2709],[-4.7275,40.2735],[-4.7121,40.276],[-4.7137,40.2808],[-4.6981,40.2822],[-4.6949,40.2733],[-4.6976,40.2642],[-4.7026,40.2636],[-4.7018,40.2572],[-4.6952,40.2551],[-4.6872,40.2496],[-4.6937,40.2411],[-4.6866,40.2358],[-4.6892,40.2319],[-4.6892,40.2259],[-4.6862,40.2185],[-4.6865,40.2108],[-4.6798,40.2071],[-4.6739,40.2095],[-4.6628,40.2059],[-4.6581,40.1994],[-4.6543,40.198],[-4.6399,40.197],[-4.636,40.2004],[-4.6298,40.2018],[-4.6137,40.2012],[-4.6003,40.2082],[-4.5926,40.2114],[-4.5843,40.217],[-4.5791,40.2172],[-4.5745,40.2198],[-4.5657,40.2182],[-4.5609,40.2228],[-4.5596,40.2343],[-4.5671,40.2398],[-4.5688,40.2587],[-4.5566,40.2644],[-4.5546,40.2698],[-4.5542,40.2764],[-4.5472,40.2802],[-4.544,40.2852],[-4.5357,40.2877],[-4.5294,40.2931],[-4.5374,40.3103],[-4.5367,40.3157],[-4.54,40.3212],[-4.5401,40.3279],[-4.5477,40.3404],[-4.5391,40.3405],[-4.5268,40.3449],[-4.5271,40.338],[-4.5233,40.3373],[-4.5158,40.329],[-4.513,40.3212],[-4.5049,40.3154],[-4.4979,40.316],[-4.4906,40.3203],[-4.4853,40.3211],[-4.4673,40.3202],[-4.465,40.3184],[-4.4562,40.3207],[-4.4532,40.3248],[-4.4538,40.3331],[-4.4613,40.3398],[-4.4596,40.3429],[-4.4499,40.3468],[-4.4451,40.3467],[-4.4394,40.3508],[-4.439,40.3548],[-4.4419,40.3627],[-4.4407,40.3671],[-4.4412,40.378],[-4.4435,40.3834],[-4.4417,40.3889],[-4.4372,40.394],[-4.4296,40.4003],[-4.426,40.4005],[-4.4212,40.4065],[-4.4155,40.4096],[-4.3989,40.411],[-4.3782,40.4073],[-4.3653,40.4069],[-4.3596,40.4113],[-4.3435,40.4119],[-4.3303,40.4083],[-4.3235,40.4102],[-4.3267,40.4136],[-4.324,40.4183],[-4.3242,40.4238],[-4.3312,40.4225],[-4.3393,40.4304],[-4.3385,40.4396],[-4.3318,40.4417],[-4.3295,40.4483],[-4.3229,40.4493],[-4.3197,40.4521],[-4.3204,40.4585],[-4.3186,40.4665],[-4.3241,40.4791],[-4.3246,40.4989],[-4.3226,40.5014],[-4.3273,40.5071],[-4.3211,40.518],[-4.3204,40.5315],[-4.3282,40.5336],[-4.324,40.5405],[-4.3237,40.5496],[-4.3113,40.557],[-4.2971,40.5625],[-4.2893,40.5642],[-4.289,40.5711],[-4.2868,40.5746],[-4.285,40.5833],[-4.2812,40.5887],[-4.2834,40.5957],[-4.2788,40.601],[-4.2789,40.6042],[-4.2893,40.6067],[-4.2905,40.6096],[-4.2886,40.617],[-4.2892,40.6272],[-4.2841,40.6313],[-4.2711,40.629],[-4.2712,40.6239],[-4.2666,40.6108],[-4.2621,40.6052],[-4.2574,40.6039],[-4.24,40.6025],[-4.2136,40.6057],[-4.1963,40.6119],[-4.1768,40.6162],[-4.1612,40.6235],[-4.1689,40.6261],[-4.1728,40.6314],[-4.1718,40.6384],[-4.1679,40.6438],[-4.1692,40.6501],[-4.1666,40.6527],[-4.1689,40.6568],[-4.1689,40.6633],[-4.1735,40.6672],[-4.1735,40.674],[-4.1716,40.6806],[-4.1641,40.6875],[-4.1571,40.6921],[-4.1457,40.6947],[-4.1402,40.7103],[-4.1361,40.7177],[-4.1305,40.7231],[-4.1257,40.7245],[-4.1252,40.7296],[-4.1195,40.7362],[-4.1104,40.744],[-4.1041,40.747],[-4.097,40.7477],[-4.0943,40.7553],[-4.0944,40.7611],[-4.0967,40.7642],[-4.0926,40.7688],[-4.081,40.7766],[-4.0767,40.7889],[-4.0701,40.7939],[-4.0535,40.7906],[-4.047,40.7902],[-4.0422,40.7838],[-4.0324,40.7816],[-4.0213,40.7812],[-4.0152,40.783],[-4.0077,40.7879],[-4.0029,40.7886],[-3.9898,40.7855],[-3.9781,40.7874],[-3.98,40.7994],[-3.9755,40.8037],[-3.9755,40.8069],[-3.9683,40.8117],[-3.965,40.816],[-3.9621,40.8234],[-3.9657,40.835],[-3.9625,40.8443],[-3.9569,40.8485],[-3.9471,40.863],[-3.9472,40.8733],[-3.9425,40.883],[-3.9424,40.889],[-3.9467,40.8889],[-3.9523,40.8936],[-3.9447,40.9036],[-3.9417,40.9119],[-3.9371,40.9157],[-3.9379,40.9272],[-3.9273,40.9276],[-3.9218,40.9299],[-3.92,40.9377],[-3.9172,40.943],[-3.9117,40.9445],[-3.9072,40.9553],[-3.8986,40.9588],[-3.8952,40.9655],[-3.8869,40.9712],[-3.8835,40.9712],[-3.879,40.9752],[-3.874,40.9748],[-3.87,40.9711],[-3.8593,40.9792],[-3.8474,40.9794],[-3.8445,40.9823],[-3.8352,40.9842],[-3.8291,40.9867],[-3.8212,40.9848],[-3.8094,40.9878],[-3.8031,40.9923],[-3.7935,40.994],[-3.7854,41.0009],[-3.7814,41.0003],[-3.7673,41.016],[-3.7669,41.0189],[-3.759,41.0271],[-3.7555,41.0279],[-3.7483,41.0367],[-3.7431,41.0454],[-3.739,41.0497],[-3.7405,41.0536],[-3.7306,41.0614],[-3.7204,41.0656],[-3.714,41.0732],[-3.7071,41.076],[-3.6977,41.0819],[-3.6899,41.0845],[-3.6795,41.0842],[-3.6722,41.092],[-3.6511,41.1078],[-3.6507,41.1106],[-3.645,41.1213],[-3.6335,41.1263],[-3.634,41.1349],[-3.619,41.1437],[-3.6137,41.1491],[-3.5988,41.1543],[-3.5912,41.1546],[-3.5893,41.1585],[-3.5827,41.1614],[-3.5692,41.1595],[-3.558,41.1644],[-3.5504,41.1657],[-3.5397,41.165],[-3.5271,41.1662],[-3.5191,41.1628],[-3.5123,41.1673],[-3.5082,41.1677],[-3.4993,41.1788],[-3.4931,41.1772],[-3.4887,41.1797],[-3.4782,41.1808],[-3.47,41.1837],[-3.467,41.1882],[-3.4594,41.1912],[-3.4559,41.1994],[-3.449,41.2067],[-3.4442,41.2153],[-3.4339,41.2156],[-3.4251,41.2142],[-3.4201,41.2164],[-3.4079,41.212],[-3.4025,41.2136],[-3.4043,41.2188],[-3.4027,41.2274],[-3.4061,41.2346],[-3.398,41.2433],[-3.4004,41.2499],[-3.4008,41.2588],[-3.3942,41.257],[-3.3694,41.2604],[-3.3555,41.256],[-3.3457,41.256],[-3.3364,41.253],[-3.3304,41.2555],[-3.3299,41.2588],[-3.3251,41.2613],[-3.3178,41.2605],[-3.3129,41.2617],[-3.3064,41.2606],[-3.3028,41.2577],[-3.2905,41.2578],[-3.2891,41.2639],[-3.2836,41.2681],[-3.2791,41.274],[-3.2758,41.275],[-3.2734,41.2651],[-3.2743,41.2603],[-3.2635,41.2577],[-3.2543,41.2584],[-3.2489,41.2644],[-3.2412,41.276],[-3.2379,41.2794],[-3.2399,41.283],[-3.2389,41.2879],[-3.2262,41.2981],[-3.2151,41.2984],[-3.2074,41.3042],[-3.1998,41.3044],[-3.1921,41.3027],[-3.1885,41.3039],[-3.1775,41.2995],[-3.1709,41.299],[-3.1649,41.2954],[-3.1484,41.292],[-3.1413,41.2922],[-3.13,41.2882],[-3.125,41.2909],[-3.1212,41.2895],[-3.1087,41.2879],[-3.1002,41.2801],[-3.0939,41.284],[-3.0835,41.2797],[-3.0797,41.2794],[-3.0619,41.2734],[-3.0607,41.2765],[-3.0536,41.2769],[-3.031,41.283],[-3.018,41.2891],[-3.0114,41.2854],[-3.006,41.2844],[-2.9975,41.2868],[-2.9661,41.2932],[-2.9535,41.2919],[-2.9473,41.2941],[-2.9441,41.2975],[-2.9401,41.306],[-2.9412,41.3139],[-2.9341,41.3134],[-2.9225,41.3193],[-2.9103,41.3216],[-2.9067,41.3276],[-2.8979,41.3248],[-2.8884,41.3252],[-2.8827,41.3218],[-2.8755,41.3214],[-2.869,41.3171],[-2.8676,41.3129],[-2.873,41.2985],[-2.8659,41.2918],[-2.8637,41.2813],[-2.8665,41.2748],[-2.8552,41.2705],[-2.8325,41.2636],[-2.8196,41.2573],[-2.812,41.2558],[-2.8035,41.2565],[-2.794,41.2543],[-2.7832,41.2539],[-2.778,41.252],[-2.7757,41.2587],[-2.7714,41.265],[-2.7654,41.2709],[-2.7593,41.2733],[-2.7474,41.2733],[-2.7301,41.2717],[-2.7168,41.2757],[-2.7136,41.2597],[-2.7095,41.252],[-2.6923,41.2437],[-2.6846,41.2413],[-2.6736,41.2394],[-2.6685,41.2371],[-2.6548,41.2407],[-2.646,41.2402],[-2.6451,41.2379],[-2.6347,41.2319],[-2.6362,41.2238],[-2.6292,41.2152],[-2.6239,41.2237],[-2.617,41.2194],[-2.5923,41.2244],[-2.5884,41.2231],[-2.5876,41.2131],[-2.5918,41.2031],[-2.6009,41.1948],[-2.6058,41.1936],[-2.62,41.1954],[-2.6221,41.188],[-2.6193,41.1833],[-2.6026,41.1887],[-2.5843,41.1822],[-2.5772,41.1778],[-2.5811,41.1668],[-2.5849,41.1614],[-2.5931,41.1571],[-2.596,41.1535],[-2.5949,41.1499],[-2.5829,41.1418],[-2.5756,41.1395],[-2.5683,41.1446],[-2.5507,41.1477],[-2.5425,41.1507],[-2.5396,41.1536],[-2.5394,41.1587],[-2.5356,41.1614],[-2.5256,41.1549],[-2.5175,41.1481],[-2.5174,41.137],[-2.5116,41.1315],[-2.5089,41.1189],[-2.4933,41.1171],[-2.4855,41.1179],[-2.4823,41.1163],[-2.4776,41.1092],[-2.4744,41.098],[-2.4694,41.0898],[-2.4695,41.0781],[-2.4632,41.0774],[-2.4423,41.0773],[-2.4382,41.0708],[-2.4297,41.0723],[-2.4298,41.0659],[-2.4205,41.0602],[-2.4021,41.0617],[-2.396,41.0647],[-2.3831,41.0741],[-2.3813,41.077],[-2.3726,41.0791],[-2.3553,41.0865],[-2.3492,41.0774],[-2.3307,41.0667],[-2.3234,41.0565],[-2.3156,41.0616],[-2.3022,41.0654],[-2.2936,41.0713],[-2.284,41.0651],[-2.2756,41.0655],[-2.2664,41.0681],[-2.2635,41.0675],[-2.2321,41.097],[-2.2226,41.0934],[-2.213,41.0913],[-2.1986,41.0893],[-2.1753,41.0838],[-2.1757,41.0866],[-2.1673,41.0954],[-2.1615,41.0978],[-2.1434,41.1026],[-2.1359,41.1167],[-2.1302,41.1175],[-2.1283,41.1139],[-2.1207,41.1079],[-2.1174,41.1029],[-2.1094,41.0976],[-2.0975,41.0924],[-2.0897,41.0911],[-2.0815,41.0864],[-2.0767,41.0819],[-2.0787,41.0774],[-2.0717,41.0725],[-2.0642,41.0701],[-2.0564,41.0697],[-2.0482,41.0784],[-2.0575,41.0847],[-2.0656,41.0958],[-2.0637,41.1035],[-2.0604,41.1052],[-2.0627,41.1131],[-2.0592,41.1198],[-2.0506,41.1259],[-2.0517,41.1468]],[[-4.3195,40.6477],[-4.3222,40.6511],[-4.3241,40.658],[-4.3191,40.6604],[-4.3162,40.6667],[-4.2931,40.6774],[-4.29,40.6806],[-4.2848,40.6812],[-4.2674,40.6745],[-4.2599,40.6658],[-4.2539,40.6619],[-4.256,40.6515],[-4.2665,40.6531],[-4.2775,40.6525],[-4.2878,40.6529],[-4.3004,40.6516],[-4.3195,40.6477]]],[[[-4.1016,42.7937],[-4.0915,42.7981],[-4.0879,42.8057],[-4.0893,42.8091],[-4.0889,42.8185],[-4.0959,42.8231],[-4.1073,42.8277],[-4.1126,42.8222],[-4.1132,42.8162],[-4.1058,42.8084],[-4.1094,42.8031],[-4.1016,42.7937]]],[[[-4.1686,42.8116],[-4.1617,42.8131],[-4.1616,42.8203],[-4.177,42.8236],[-4.183,42.8205],[-4.1752,42.8118],[-4.1686,42.8116]]],[[[-2.9452,42.6039],[-2.9428,42.598],[-2.9392,42.5943],[-2.9277,42.5961],[-2.9226,42.6008],[-2.9296,42.6062],[-2.9297,42.6112],[-2.9345,42.6141],[-2.9405,42.607],[-2.9452,42.6039]]],[[[-2.9994,42.6009],[-2.9862,42.6071],[-2.9829,42.6108],[-2.9865,42.6148],[-2.9945,42.6155],[-2.9941,42.6104],[-2.9994,42.6009]]],[[[-2.8689,42.7401],[-2.8649,42.7371],[-2.8569,42.7376],[-2.8467,42.7308],[-2.8552,42.7288],[-2.8516,42.7251],[-2.8442,42.7245],[-2.8384,42.7215],[-2.829,42.719],[-2.8253,42.7089],[-2.811,42.7067],[-2.8067,42.7023],[-2.7955,42.698],[-2.7845,42.6989],[-2.7784,42.6857],[-2.7705,42.6766],[-2.7713,42.6691],[-2.7679,42.666],[-2.7489,42.6659],[-2.735,42.6621],[-2.7265,42.6637],[-2.718,42.662],[-2.7145,42.6639],[-2.7148,42.6696],[-2.7067,42.6733],[-2.6992,42.6748],[-2.6871,42.6734],[-2.6787,42.6695],[-2.6702,42.6697],[-2.6664,42.6662],[-2.661,42.6719],[-2.6539,42.67],[-2.6517,42.661],[-2.6429,42.6527],[-2.6349,42.6478],[-2.6266,42.6496],[-2.6133,42.6468],[-2.5999,42.6507],[-2.5848,42.6516],[-2.5711,42.6476],[-2.5649,42.6446],[-2.5569,42.6496],[-2.5519,42.6493],[-2.5479,42.6455],[-2.5516,42.6407],[-2.5492,42.6376],[-2.5399,42.6382],[-2.5319,42.6409],[-2.5239,42.645],[-2.5174,42.6463],[-2.5174,42.6542],[-2.5232,42.665],[-2.522,42.684],[-2.5355,42.6875],[-2.5394,42.6866],[-2.5473,42.6729],[-2.5484,42.6688],[-2.5676,42.6705],[-2.5733,42.6681],[-2.5795,42.6689],[-2.5781,42.674],[-2.5941,42.69],[-2.6028,42.6951],[-2.609,42.696],[-2.6076,42.7057],[-2.6031,42.7087],[-2.6003,42.7153],[-2.5924,42.7106],[-2.586,42.7133],[-2.5726,42.7252],[-2.5697,42.7334],[-2.5626,42.7413],[-2.5642,42.747],[-2.559,42.7532],[-2.5583,42.7627],[-2.5648,42.7629],[-2.567,42.759],[-2.5773,42.7539],[-2.5894,42.7503],[-2.5929,42.7597],[-2.6027,42.7662],[-2.6033,42.7701],[-2.6091,42.7708],[-2.6151,42.7685],[-2.6241,42.7705],[-2.6352,42.7649],[-2.6516,42.7675],[-2.6538,42.7724],[-2.6636,42.7744],[-2.6678,42.7724],[-2.6801,42.7799],[-2.6932,42.7788],[-2.6951,42.7821],[-2.702,42.7844],[-2.7098,42.7834],[-2.7187,42.7887],[-2.7282,42.7912],[-2.7316,42.7945],[-2.7437,42.7922],[-2.7553,42.7937],[-2.7687,42.7925],[-2.773,42.7941],[-2.7792,42.7928],[-2.7938,42.7932],[-2.8103,42.7915],[-2.8179,42.79],[-2.8255,42.7858],[-2.831,42.7931],[-2.8355,42.7963],[-2.8393,42.7808],[-2.8418,42.7762],[-2.8478,42.7762],[-2.8539,42.7679],[-2.8511,42.7528],[-2.8556,42.7519],[-2.8534,42.7473],[-2.8631,42.7454],[-2.8689,42.7401]]]]},"properties":{"CodINE":"07","NAMEUNIT":"Castilla y León"}},
{"type":"Feature","geometry":{"type":"MultiPolygon","coordinates":[[[[-5.336,40.1158],[-5.3396,40.1154],[-5.3467,40.1111],[-5.3594,40.1084],[-5.369,40.1001],[-5.3672,40.0868],[-5.3697,40.0723],[-5.3727,40.0663],[-5.3736,40.0574],[-5.368,40.0455],[-5.3655,40.0367],[-5.3624,40.0128],[-5.3657,39.9928],[-5.3651,39.9829],[-5.374,39.9663],[-5.3803,39.9518],[-5.3829,39.941],[-5.3913,39.9267],[-5.3948,39.9184],[-5.3963,39.9067],[-5.3994,39.8969],[-5.4011,39.8857],[-5.4056,39.8814],[-5.4061,39.8777],[-5.3939,39.8791],[-5.3695,39.8884],[-5.3606,39.8894],[-5.3513,39.8892],[-5.3265,39.892],[-5.3175,39.8908],[-5.3109,39.8865],[-5.3101,39.8802],[-5.2943,39.8749],[-5.2921,39.8659],[-5.284,39.8639],[-5.2835,39.8572],[-5.2902,39.852],[-5.2953,39.844],[-5.3065,39.8363],[-5.3104,39.8313],[-5.3128,39.8231],[-5.3123,39.8149],[-5.314,39.803],[-5.3163,39.7975],[-5.3152,39.7887],[-5.3115,39.7875],[-5.3162,39.7721],[-5.3138,39.7663],[-5.3088,39.7604],[-5.3044,39.7595],[-5.2959,39.761],[-5.2853,39.7579],[-5.2765,39.7567],[-5.2669,39.7524],[-5.2572,39.7521],[-5.2497,39.7555],[-5.2447,39.7609],[-5.2443,39.7665],[-5.2378,39.7719],[-5.2317,39.7746],[-5.2173,39.7886],[-5.2111,39.7917],[-5.2079,39.7965],[-5.2018,39.7987],[-5.1863,39.7977],[-5.1786,39.7992],[-5.1671,39.7988],[-5.1675,39.7901],[-5.1659,39.7806],[-5.1608,39.7712],[-5.1611,39.7675],[-5.1585,39.7597],[-5.1644,39.7559],[-5.1744,39.7552],[-5.1738,39.7509],[-5.1681,39.7444],[-5.1626,39.7405],[-5.1566,39.739],[-5.1551,39.7359],[-5.1452,39.7265],[-5.1378,39.715],[-5.1463,39.706],[-5.1519,39.696],[-5.1543,39.6798],[-5.1564,39.6739],[-5.1488,39.6681],[-5.1514,39.6613],[-5.1582,39.6552],[-5.1624,39.6553],[-5.1617,39.6502],[-5.1641,39.6472],[-5.1615,39.6431],[-5.1682,39.6374],[-5.1726,39.6354],[-5.1771,39.6257],[-5.183,39.6177],[-5.1873,39.6156],[-5.193,39.6076],[-5.2052,39.5999],[-5.2066,39.5972],[-5.2021,39.592],[-5.1886,39.5825],[-5.1871,39.5799],[-5.1779,39.5725],[-5.164,39.5626],[-5.1613,39.5619],[-5.1554,39.554],[-5.146,39.5493],[-5.1432,39.543],[-5.1352,39.5361],[-5.1309,39.5293],[-5.1238,39.5216],[-5.1199,39.5197],[-5.1036,39.5088],[-5.0942,39.5008],[-5.0829,39.4901],[-5.0747,39.4869],[-5.0589,39.4894],[-5.0402,39.4728],[-5.0383,39.4684],[-5.0266,39.4549],[-5.0261,39.4528],[-5.0182,39.4457],[-5.0078,39.4344],[-5.0005,39.43],[-4.9981,39.4266],[-4.9783,39.4148],[-4.9731,39.4095],[-4.9637,39.4043],[-4.9491,39.3931],[-4.9351,39.396],[-4.9332,39.3893],[-4.9215,39.3875],[-4.9103,39.3787],[-4.9058,39.3798],[-4.9033,39.3757],[-4.8876,39.3705],[-4.8811,39.3729],[-4.8709,39.3683],[-4.8679,39.3753],[-4.863,39.3754],[-4.8616,39.3789],[-4.8572,39.3809],[-4.8529,39.3792],[-4.8487,39.3814],[-4.8428,39.3808],[-4.832,39.3894],[-4.8228,39.3928],[-4.8131,39.3945],[-4.8059,39.3975],[-4.7978,39.3967],[-4.7926,39.3983],[-4.7831,39.3988],[-4.7762,39.3968],[-4.7675,39.4019],[-4.7612,39.4101],[-4.7549,39.4164],[-4.7276,39.4284],[-4.7169,39.4346],[-4.7127,39.4357],[-4.7014,39.4431],[-4.6903,39.4518],[-4.6869,39.4497],[-4.6855,39.4408],[-4.6827,39.4389],[-4.6728,39.4261],[-4.669,39.4239],[-4.6697,39.4166],[-4.6738,39.4082],[-4.6865,39.3951],[-4.687,39.3862],[-4.6936,39.3824],[-4.6954,39.3767],[-4.6941,39.3738],[-4.7043,39.3644],[-4.7103,39.3461],[-4.7071,39.328],[-4.7147,39.3287],[-4.7344,39.3268],[-4.7611,39.3207],[-4.7544,39.312],[-4.7399,39.2806],[-4.7314,39.2552],[-4.7337,39.2525],[-4.7207,39.2464],[-4.7135,39.2443],[-4.7109,39.2271],[-4.706,39.2148],[-4.7082,39.2099],[-4.6999,39.2081],[-4.6879,39.2031],[-4.6826,39.193],[-4.6784,39.1921],[-4.6724,39.1873],[-4.6652,39.1861],[-4.6637,39.1801],[-4.6609,39.1773],[-4.6532,39.1749],[-4.6478,39.1696],[-4.649,39.1649],[-4.6555,39.1651],[-4.6753,39.1707],[-4.6765,39.1696],[-4.7144,39.1876],[-4.7425,39.1945],[-4.7736,39.1895],[-4.8103,39.1994],[-4.8132,39.191],[-4.8212,39.1809],[-4.8322,39.1751],[-4.8306,39.166],[-4.834,39.1632],[-4.8387,39.1639],[-4.8452,39.1614],[-4.8532,39.1524],[-4.855,39.1473],[-4.8536,39.1419],[-4.8581,39.1347],[-4.8557,39.1272],[-4.8572,39.1227],[-4.8697,39.1135],[-4.8744,39.1004],[-4.8737,39.0963],[-4.8592,39.0775],[-4.8505,39.0756],[-4.8355,39.0706],[-4.8269,39.0641],[-4.8268,39.0622],[-4.8323,39.0515],[-4.8328,39.0462],[-4.8387,39.0448],[-4.8425,39.0476],[-4.8492,39.0455],[-4.8526,39.0388],[-4.861,39.0318],[-4.8674,39.034],[-4.8751,39.032],[-4.8856,39.0336],[-4.8985,39.0399],[-4.9028,39.041],[-4.9128,39.0478],[-4.9309,39.0538],[-4.9351,39.0564],[-4.9486,39.0562],[-4.9625,39.0587],[-4.9595,39.046],[-4.9516,39.0314],[-4.9485,39.0222],[-4.9459,39.0103],[-4.9371,38.9969],[-4.9369,38.9853],[-4.9337,38.9756],[-4.9289,38.9687],[-4.9189,38.9578],[-4.9064,38.9634],[-4.8942,38.9603],[-4.8905,38.9571],[-4.8901,38.9522],[-4.8771,38.948],[-4.8736,38.9488],[-4.8614,38.9474],[-4.8519,38.9473],[-4.843,38.9451],[-4.8438,38.9402],[-4.8357,38.9402],[-4.8311,38.9356],[-4.8367,38.9306],[-4.8411,38.9202],[-4.841,38.9167],[-4.8454,38.9044],[-4.8442,38.8933],[-4.8473,38.8824],[-4.8501,38.8816],[-4.8657,38.8871],[-4.875,38.8865],[-4.8795,38.8879],[-4.8903,38.8866],[-4.8993,38.889],[-4.9149,38.8874],[-4.9192,38.8802],[-4.9243,38.8768],[-4.928,38.8699],[-4.9346,38.8648],[-4.9435,38.8544],[-4.9445,38.8471],[-4.9536,38.83],[-4.9546,38.8237],[-4.9587,38.8103],[-4.9577,38.8036],[-4.9609,38.7965],[-4.9607,38.7908],[-4.9633,38.7839],[-4.9687,38.7751],[-4.9728,38.7608],[-4.9834,38.7515],[-4.99,38.7398],[-5.0034,38.7331],[-5.0152,38.7356],[-5.0294,38.7332],[-5.0381,38.7335],[-5.0469,38.7291],[-5.0418,38.7287],[-5.0327,38.7254],[-5.0243,38.7261],[-5.0172,38.7189],[-5.008,38.7152],[-5.002,38.7082],[-5.0004,38.7012],[-5.0014,38.695],[-4.9694,38.6865],[-4.9552,38.6834],[-4.9442,38.6818],[-4.9238,38.682],[-4.9188,38.6861],[-4.8993,38.6866],[-4.8887,38.6854],[-4.8846,38.6878],[-4.877,38.6861],[-4.8689,38.6809],[-4.8709,38.6751],[-4.8676,38.6631],[-4.8671,38.6552],[-4.8682,38.6483],[-4.8641,38.6401],[-4.8673,38.6328],[-4.865,38.6221],[-4.8602,38.614],[-4.8515,38.6129],[-4.8352,38.6075],[-4.8301,38.6043],[-4.8227,38.5971],[-4.8163,38.5953],[-4.8004,38.5949],[-4.7901,38.5972],[-4.7793,38.5933],[-4.7685,38.5867],[-4.7552,38.5855],[-4.7474,38.5797],[-4.7385,38.5774],[-4.7193,38.571],[-4.7084,38.5724],[-4.7054,38.5707],[-4.7058,38.5657],[-4.7011,38.5624],[-4.7054,38.5565],[-4.7019,38.552],[-4.6941,38.549],[-4.6786,38.5466],[-4.666,38.5477],[-4.6583,38.5404],[-4.6503,38.5354],[-4.6399,38.5318],[-4.6333,38.5251],[-4.6243,38.5241],[-4.6204,38.5211],[-4.6215,38.5174],[-4.6188,38.5123],[-4.619,38.5082],[-4.6112,38.5002],[-4.609,38.495],[-4.5981,38.491],[-4.5941,38.4866],[-4.5882,38.4867],[-4.5844,38.4932],[-4.5757,38.4927],[-4.5718,38.4875],[-4.5658,38.4908],[-4.5639,38.4852],[-4.5595,38.4824],[-4.5574,38.4765],[-4.5492,38.478],[-4.5443,38.4816],[-4.5395,38.4799],[-4.5353,38.47],[-4.5259,38.4642],[-4.5207,38.4626],[-4.5127,38.4639],[-4.5056,38.4569],[-4.5044,38.4517],[-4.5002,38.445],[-4.4944,38.4404],[-4.4872,38.4396],[-4.4839,38.4336],[-4.4713,38.426],[-4.4642,38.4164],[-4.4626,38.411],[-4.4563,38.4065],[-4.4525,38.4007],[-4.4352,38.4022],[-4.4295,38.396],[-4.4206,38.3959],[-4.415,38.3929],[-4.4097,38.3849],[-4.4064,38.3831],[-4.395,38.3872],[-4.3881,38.3855],[-4.3841,38.3822],[-4.3686,38.3768],[-4.3591,38.3744],[-4.354,38.3717],[-4.3339,38.3653],[-4.3323,38.361],[-4.326,38.3632],[-4.3196,38.3615],[-4.3174,38.357],[-4.3109,38.357],[-4.3093,38.3527],[-4.3021,38.3502],[-4.2959,38.3501],[-4.2904,38.3476],[-4.2886,38.3435],[-4.2839,38.3441],[-4.2755,38.3487],[-4.2689,38.3472],[-4.2705,38.3577],[-4.2745,38.3722],[-4.2786,38.3771],[-4.2761,38.3843],[-4.2768,38.3902],[-4.2716,38.3932],[-4.2676,38.3984],[-4.253,38.4012],[-4.2474,38.3984],[-4.222,38.3972],[-4.1984,38.3911],[-4.1885,38.3898],[-4.1751,38.3844],[-4.1607,38.3827],[-4.1566,38.3813],[-4.1449,38.3864],[-4.1335,38.3844],[-4.1285,38.3795],[-4.1131,38.3797],[-4.1119,38.3823],[-4.1013,38.3806],[-4.0949,38.3806],[-4.0864,38.3767],[-4.078,38.3772],[-4.068,38.3797],[-4.0274,38.3751],[-4.0159,38.3723],[-4.0064,38.3681],[-4,38.3678],[-3.996,38.3699],[-3.9895,38.3698],[-3.9804,38.3677],[-3.9619,38.3661],[-3.9502,38.369],[-3.9432,38.3672],[-3.935,38.3687],[-3.9118,38.3693],[-3.906,38.3717],[-3.8964,38.3717],[-3.889,38.3743],[-3.8803,38.375],[-3.8742,38.377],[-3.8641,38.3764],[-3.8599,38.3733],[-3.8543,38.3751],[-3.8454,38.3818],[-3.8381,38.3858],[-3.8306,38.3929],[-3.8326,38.3997],[-3.8301,38.4128],[-3.8243,38.4163],[-3.8177,38.4159],[-3.8164,38.4192],[-3.8079,38.4218],[-3.8012,38.42],[-3.7856,38.4253],[-3.7649,38.4244],[-3.7391,38.4138],[-3.73,38.4244],[-3.7079,38.4154],[-3.6993,38.4129],[-3.6469,38.4042],[-3.6442,38.4019],[-3.6205,38.394],[-3.6145,38.3948],[-3.6029,38.3988],[-3.5982,38.3985],[-3.5858,38.4056],[-3.5857,38.4317],[-3.5864,38.434],[-3.5831,38.4515],[-3.5781,38.4504],[-3.5674,38.452],[-3.5599,38.45],[-3.5526,38.4465],[-3.5419,38.4454],[-3.5352,38.4394],[-3.5326,38.4341],[-3.5327,38.4263],[-3.535,38.4233],[-3.5333,38.4151],[-3.5243,38.4091],[-3.5167,38.4076],[-3.5059,38.408],[-3.4954,38.4036],[-3.4855,38.404],[-3.4776,38.4015],[-3.4726,38.398],[-3.4597,38.4002],[-3.4517,38.4003],[-3.4386,38.4043],[-3.4332,38.408],[-3.4248,38.4068],[-3.423,38.4109],[-3.4176,38.4149],[-3.4095,38.4241],[-3.4019,38.4239],[-3.3887,38.434],[-3.3767,38.4396],[-3.3761,38.443],[-3.3807,38.446],[-3.3771,38.4668],[-3.375,38.4752],[-3.355,38.4777],[-3.349,38.4777],[-3.3265,38.4821],[-3.3208,38.48],[-3.3098,38.4804],[-3.3045,38.4786],[-3.2968,38.4706],[-3.2885,38.4692],[-3.28,38.4604],[-3.2625,38.4594],[-3.2576,38.4573],[-3.2511,38.4581],[-3.2187,38.4528],[-3.2096,38.4528],[-3.1914,38.4502],[-3.18,38.4499],[-3.1499,38.4401],[-3.1383,38.4386],[-3.1302,38.4388],[-3.1272,38.4426],[-3.1181,38.4487],[-3.0944,38.4622],[-3.065,38.4782],[-3.0366,38.4475],[-3.031,38.4428],[-3.0054,38.4149],[-3.0013,38.4142],[-2.9971,38.4176],[-2.9968,38.4211],[-2.9922,38.4286],[-2.9945,38.4322],[-2.9934,38.4361],[-2.9963,38.4448],[-2.9926,38.4509],[-2.9892,38.4508],[-2.9769,38.4549],[-2.9688,38.4622],[-2.967,38.4684],[-2.9636,38.4715],[-2.9566,38.4686],[-2.948,38.4699],[-2.9384,38.4747],[-2.9296,38.4714],[-2.9112,38.468],[-2.9058,38.4699],[-2.9017,38.4644],[-2.8965,38.4624],[-2.8898,38.4559],[-2.8801,38.4568],[-2.8792,38.4636],[-2.8702,38.4651],[-2.869,38.47],[-2.8548,38.4738],[-2.8548,38.4776],[-2.8499,38.4804],[-2.8445,38.481],[-2.8394,38.484],[-2.8359,38.4828],[-2.8341,38.4773],[-2.8299,38.4786],[-2.8327,38.4852],[-2.825,38.4878],[-2.8175,38.4938],[-2.8096,38.4953],[-2.8082,38.5011],[-2.7988,38.5043],[-2.7954,38.5013],[-2.7916,38.5033],[-2.7938,38.5078],[-2.7789,38.5107],[-2.78,38.5156],[-2.7708,38.5231],[-2.7742,38.5265],[-2.7668,38.533],[-2.7621,38.5328],[-2.7562,38.5295],[-2.7538,38.5259],[-2.7467,38.5253],[-2.739,38.5222],[-2.7333,38.5146],[-2.7076,38.5048],[-2.7025,38.5011],[-2.6797,38.4969],[-2.6727,38.4966],[-2.6433,38.5075],[-2.6362,38.5075],[-2.6249,38.5113],[-2.6169,38.5127],[-2.5997,38.5129],[-2.5937,38.5113],[-2.5875,38.5074],[-2.5851,38.5035],[-2.5801,38.5035],[-2.5702,38.4948],[-2.5666,38.4905],[-2.5726,38.4877],[-2.5757,38.4829],[-2.5766,38.4758],[-2.5733,38.4683],[-2.5674,38.4607],[-2.567,38.4535],[-2.5704,38.4475],[-2.569,38.4419],[-2.577,38.4343],[-2.5754,38.4317],[-2.5768,38.4231],[-2.5715,38.4139],[-2.5613,38.412],[-2.5582,38.4063],[-2.5501,38.4031],[-2.5461,38.4054],[-2.5349,38.4063],[-2.5204,38.4041],[-2.5143,38.3999],[-2.5088,38.4005],[-2.4834,38.3979],[-2.4816,38.3931],[-2.4879,38.3819],[-2.4924,38.3713],[-2.4858,38.3537],[-2.479,38.3488],[-2.481,38.3245],[-2.4848,38.3202],[-2.4842,38.3159],[-2.4851,38.3018],[-2.4815,38.2949],[-2.4737,38.2924],[-2.4461,38.2877],[-2.4408,38.2851],[-2.4391,38.2738],[-2.4368,38.2725],[-2.4355,38.2654],[-2.4365,38.2599],[-2.4397,38.2589],[-2.4443,38.2514],[-2.4426,38.248],[-2.4429,38.2313],[-2.4498,38.2207],[-2.4536,38.219],[-2.4531,38.2107],[-2.4471,38.2076],[-2.4457,38.1998],[-2.4475,38.1908],[-2.4469,38.1843],[-2.4555,38.18],[-2.4632,38.1731],[-2.4685,38.1728],[-2.4685,38.165],[-2.473,38.1601],[-2.4737,38.1564],[-2.4797,38.1536],[-2.4887,38.1457],[-2.4884,38.1441],[-2.4986,38.1317],[-2.5085,38.129],[-2.5119,38.1233],[-2.5165,38.1198],[-2.5154,38.1168],[-2.5209,38.1073],[-2.526,38.1033],[-2.5378,38.0973],[-2.5394,38.0929],[-2.5429,38.0917],[-2.5513,38.0841],[-2.5468,38.0793],[-2.5393,38.0757],[-2.5303,38.0738],[-2.5217,38.0698],[-2.5044,38.0683],[-2.496,38.062],[-2.4807,38.0531],[-2.4716,38.0564],[-2.4626,38.0503],[-2.4585,38.0508],[-2.4378,38.0442],[-2.4317,38.0432],[-2.4234,38.0337],[-2.4138,38.0323],[-2.4033,38.0329],[-2.3929,38.0309],[-2.3809,38.0253],[-2.3731,38.0233],[-2.3586,38.0225],[-2.3524,38.0245],[-2.3412,38.0259],[-2.3442,38.0298],[-2.3419,38.0384],[-2.3376,38.0492],[-2.3359,38.0501],[-2.3296,38.0619],[-2.3303,38.0654],[-2.3256,38.0702],[-2.3113,38.0807],[-2.3063,38.0814],[-2.2954,38.0866],[-2.2865,38.0934],[-2.2839,38.0971],[-2.279,38.0998],[-2.274,38.1054],[-2.2657,38.1088],[-2.2604,38.1162],[-2.2613,38.1177],[-2.2509,38.1297],[-2.2513,38.1384],[-2.2484,38.1416],[-2.2457,38.1488],[-2.2367,38.1585],[-2.2304,38.1626],[-2.2225,38.1798],[-2.2234,38.1826],[-2.2184,38.1924],[-2.2159,38.1946],[-2.2133,38.2021],[-2.2058,38.2069],[-2.1953,38.2114],[-2.187,38.2139],[-2.1747,38.2239],[-2.1598,38.2284],[-2.1419,38.2307],[-2.1296,38.2344],[-2.1216,38.2353],[-2.1129,38.2377],[-2.1034,38.2459],[-2.0824,38.2657],[-2.0758,38.2828],[-2.0633,38.2975],[-2.0486,38.3057],[-2.038,38.3014],[-2.0306,38.2996],[-2.0213,38.3007],[-2.0137,38.2935],[-2.0105,38.2922],[-2.0007,38.2839],[-1.9826,38.2812],[-1.9687,38.2846],[-1.9644,38.2874],[-1.9478,38.2893],[-1.9207,38.2956],[-1.9075,38.2977],[-1.8948,38.3017],[-1.8864,38.3074],[-1.8702,38.3164],[-1.8576,38.3291],[-1.851,38.3334],[-1.8392,38.3346],[-1.8315,38.3332],[-1.8227,38.3354],[-1.8112,38.3513],[-1.792,38.3532],[-1.7841,38.3559],[-1.7941,38.3636],[-1.7909,38.3688],[-1.7851,38.3654],[-1.7814,38.3686],[-1.7765,38.3655],[-1.7694,38.3664],[-1.7706,38.3789],[-1.7654,38.379],[-1.7561,38.3727],[-1.7523,38.3736],[-1.7523,38.378],[-1.7461,38.3806],[-1.7354,38.3755],[-1.7237,38.368],[-1.7181,38.367],[-1.7133,38.3721],[-1.7066,38.3709],[-1.704,38.3747],[-1.6979,38.3712],[-1.6978,38.3685],[-1.6909,38.3679],[-1.6856,38.3618],[-1.6815,38.3595],[-1.6855,38.3531],[-1.6815,38.3494],[-1.6847,38.3469],[-1.692,38.347],[-1.6918,38.3387],[-1.6872,38.3361],[-1.6855,38.3286],[-1.6816,38.325],[-1.6748,38.3235],[-1.6691,38.3147],[-1.6654,38.3111],[-1.6264,38.309],[-1.6126,38.3116],[-1.6115,38.3129],[-1.6006,38.3139],[-1.5954,38.3116],[-1.5828,38.3134],[-1.5586,38.3251],[-1.5485,38.3322],[-1.542,38.3426],[-1.5195,38.3536],[-1.5162,38.3573],[-1.5059,38.3594],[-1.4942,38.367],[-1.4882,38.3732],[-1.4786,38.3763],[-1.478,38.3855],[-1.4756,38.3983],[-1.4748,38.409],[-1.4777,38.4213],[-1.4765,38.4472],[-1.4788,38.4638],[-1.48,38.4668],[-1.4799,38.4799],[-1.4816,38.4893],[-1.4835,38.4934],[-1.4909,38.5162],[-1.4988,38.5321],[-1.4963,38.5409],[-1.4878,38.5632],[-1.4672,38.5757],[-1.4521,38.5815],[-1.4478,38.6148],[-1.4433,38.637],[-1.4476,38.6496],[-1.4282,38.6681],[-1.4217,38.6771],[-1.4022,38.6908],[-1.3958,38.6925],[-1.3836,38.6993],[-1.3665,38.704],[-1.3473,38.6813],[-1.3431,38.6774],[-1.3293,38.6821],[-1.3282,38.6851],[-1.3202,38.6892],[-1.3127,38.6953],[-1.3066,38.6967],[-1.2838,38.7072],[-1.275,38.7152],[-1.2626,38.7304],[-1.2497,38.7386],[-1.2288,38.7447],[-1.2088,38.747],[-1.1895,38.7522],[-1.1836,38.7551],[-1.1768,38.7528],[-1.1592,38.7487],[-1.1196,38.7377],[-1.1169,38.7325],[-1.1158,38.7114],[-1.101,38.7014],[-1.0844,38.6889],[-1.0729,38.6826],[-1.0589,38.672],[-1.0429,38.6613],[-1.034,38.6566],[-1.0261,38.6557],[-1.0091,38.6583],[-0.9915,38.6551],[-0.9703,38.6558],[-0.9625,38.6569],[-0.9399,38.6722],[-0.93,38.6799],[-0.9158,38.696],[-0.9275,38.7068],[-0.9277,38.7131],[-0.9351,38.7236],[-0.938,38.7259],[-0.9399,38.7322],[-0.9459,38.7367],[-0.9468,38.7413],[-0.9557,38.7579],[-0.9614,38.7748],[-0.95,38.7761],[-0.9289,38.7838],[-0.929,38.7868],[-0.9338,38.794],[-0.9328,38.8113],[-0.9278,38.8157],[-0.9249,38.8234],[-0.9312,38.8298],[-0.9323,38.8416],[-0.9357,38.8559],[-0.9307,38.8636],[-0.9326,38.8679],[-0.9319,38.8797],[-0.9276,38.8849],[-0.9245,38.8918],[-0.9409,38.8996],[-0.9467,38.9083],[-0.9505,38.9115],[-0.9534,38.9195],[-0.9586,38.9282],[-0.9575,38.9331],[-0.9594,38.9446],[-0.9773,38.9428],[-0.9878,38.9477],[-0.9988,38.9494],[-1.0071,38.9461],[-1.013,38.9394],[-1.0264,38.9357],[-1.0363,38.9343],[-1.0426,38.9368],[-1.0542,38.9345],[-1.0699,38.934],[-1.0922,38.9312],[-1.1059,38.9285],[-1.1299,38.9294],[-1.1383,38.9276],[-1.1467,38.9294],[-1.1562,38.9449],[-1.1609,38.9548],[-1.1748,38.9677],[-1.1869,38.9804],[-1.1933,38.9882],[-1.2018,38.993],[-1.2086,39.0051],[-1.2265,39.0247],[-1.2395,39.0306],[-1.252,39.0395],[-1.2593,39.0413],[-1.2639,39.0451],[-1.2668,39.051],[-1.2638,39.0683],[-1.2657,39.0755],[-1.2558,39.084],[-1.2557,39.1062],[-1.2405,39.1137],[-1.2308,39.1374],[-1.227,39.1517],[-1.2105,39.1622],[-1.2029,39.1701],[-1.1945,39.1804],[-1.192,39.1947],[-1.1875,39.2031],[-1.1808,39.2118],[-1.1764,39.2302],[-1.1758,39.2385],[-1.1769,39.2467],[-1.176,39.2655],[-1.1745,39.2684],[-1.1748,39.2793],[-1.1673,39.2925],[-1.1619,39.3056],[-1.1646,39.3101],[-1.1696,39.3133],[-1.1836,39.3141],[-1.1925,39.3165],[-1.1962,39.3139],[-1.2019,39.3177],[-1.2022,39.3211],[-1.2064,39.326],[-1.2097,39.3263],[-1.2154,39.3191],[-1.2236,39.3161],[-1.2286,39.3195],[-1.2392,39.3223],[-1.2524,39.3231],[-1.2553,39.3272],[-1.2638,39.3298],[-1.2677,39.3282],[-1.2787,39.3324],[-1.2819,39.3283],[-1.2856,39.3318],[-1.2927,39.334],[-1.2968,39.3301],[-1.3016,39.3331],[-1.2988,39.3369],[-1.3076,39.3392],[-1.3119,39.3427],[-1.3187,39.3422],[-1.3228,39.3386],[-1.3282,39.3412],[-1.3363,39.3338],[-1.3386,39.3376],[-1.3439,39.3403],[-1.3514,39.3396],[-1.356,39.3431],[-1.3659,39.3551],[-1.373,39.3556],[-1.3843,39.3537],[-1.3819,39.3592],[-1.3831,39.3655],[-1.3884,39.3677],[-1.394,39.3672],[-1.3989,39.364],[-1.4062,39.3657],[-1.4079,39.3697],[-1.3988,39.3696],[-1.3959,39.373],[-1.4015,39.3766],[-1.4063,39.3718],[-1.4127,39.3804],[-1.422,39.3818],[-1.425,39.3788],[-1.4224,39.3743],[-1.4225,39.3649],[-1.4283,39.3629],[-1.4315,39.3661],[-1.428,39.3706],[-1.428,39.3752],[-1.4317,39.3774],[-1.4428,39.367],[-1.4449,39.3617],[-1.4553,39.3625],[-1.4486,39.3663],[-1.4515,39.3723],[-1.4485,39.3787],[-1.4565,39.3801],[-1.4633,39.3795],[-1.4674,39.383],[-1.4612,39.3871],[-1.4561,39.3831],[-1.4534,39.386],[-1.4538,39.3933],[-1.4518,39.3979],[-1.454,39.4003],[-1.4617,39.4003],[-1.4672,39.3903],[-1.4735,39.3914],[-1.4768,39.3948],[-1.4746,39.3987],[-1.4662,39.4015],[-1.47,39.4078],[-1.4765,39.408],[-1.4818,39.4014],[-1.4869,39.4003],[-1.4898,39.4068],[-1.4872,39.4126],[-1.4886,39.4171],[-1.482,39.4202],[-1.4847,39.4231],[-1.4941,39.4196],[-1.4966,39.4153],[-1.5055,39.4184],[-1.4978,39.4293],[-1.506,39.4284],[-1.5089,39.4333],[-1.513,39.4345],[-1.514,39.4284],[-1.5215,39.4324],[-1.5201,39.4396],[-1.5245,39.4431],[-1.5182,39.448],[-1.5267,39.4506],[-1.5289,39.4553],[-1.5237,39.4579],[-1.518,39.456],[-1.513,39.459],[-1.513,39.4712],[-1.5083,39.4778],[-1.511,39.4857],[-1.511,39.4965],[-1.505,39.4918],[-1.5006,39.4953],[-1.4992,39.5001],[-1.5072,39.5079],[-1.5072,39.5129],[-1.5016,39.5149],[-1.5068,39.5204],[-1.5037,39.5274],[-1.506,39.5315],[-1.501,39.5344],[-1.5061,39.5404],[-1.5026,39.5456],[-1.5104,39.5455],[-1.5178,39.5514],[-1.5036,39.5519],[-1.5013,39.5598],[-1.5044,39.5639],[-1.4835,39.5692],[-1.4768,39.5691],[-1.4621,39.5766],[-1.453,39.5915],[-1.4457,39.6112],[-1.4365,39.6288],[-1.4179,39.6549],[-1.404,39.666],[-1.3987,39.669],[-1.385,39.6788],[-1.3685,39.6896],[-1.3583,39.6858],[-1.3427,39.6816],[-1.3258,39.6731],[-1.3128,39.6705],[-1.292,39.6725],[-1.2796,39.6779],[-1.2721,39.686],[-1.262,39.6989],[-1.2714,39.7135],[-1.2722,39.7185],[-1.271,39.7312],[-1.2751,39.7352],[-1.2754,39.7386],[-1.267,39.749],[-1.2608,39.7583],[-1.2492,39.7725],[-1.2341,39.7828],[-1.2281,39.7914],[-1.2212,39.8032],[-1.215,39.8088],[-1.2169,39.8144],[-1.2117,39.8203],[-1.2109,39.8382],[-1.2061,39.8486],[-1.202,39.8536],[-1.2,39.8594],[-1.1998,39.8929],[-1.1982,39.9088],[-1.1959,39.9135],[-1.2005,39.9229],[-1.209,39.9282],[-1.2097,39.9345],[-1.2068,39.9402],[-1.2082,39.9438],[-1.204,39.9493],[-1.1916,39.9526],[-1.1528,39.9644],[-1.1424,39.9718],[-1.1474,39.9886],[-1.1633,39.9998],[-1.1652,40.0101],[-1.1729,40.0108],[-1.1917,40.0023],[-1.1995,40.0034],[-1.2071,40.0018],[-1.2166,40.0016],[-1.2367,39.9981],[-1.2468,39.9952],[-1.2572,39.9963],[-1.2642,39.9985],[-1.2748,40.0037],[-1.2864,40.0082],[-1.308,40.0105],[-1.3283,40.0134],[-1.3358,40.0167],[-1.3501,40.0151],[-1.359,40.0123],[-1.3643,40.0122],[-1.3769,40.0165],[-1.3813,40.0272],[-1.3831,40.039],[-1.3937,40.0531],[-1.3984,40.0632],[-1.4041,40.0714],[-1.4131,40.0812],[-1.4142,40.0882],[-1.4203,40.0935],[-1.4076,40.1014],[-1.4102,40.1045],[-1.4195,40.108],[-1.4293,40.1136],[-1.4428,40.118],[-1.4562,40.131],[-1.4572,40.1351],[-1.4489,40.1453],[-1.4424,40.1576],[-1.4427,40.1668],[-1.4397,40.1931],[-1.44,40.1968],[-1.4744,40.185],[-1.4981,40.1977],[-1.4999,40.1974],[-1.5109,40.2037],[-1.5222,40.202],[-1.5315,40.1929],[-1.5405,40.1914],[-1.567,40.2123],[-1.5715,40.2137],[-1.5932,40.2365],[-1.6023,40.2412],[-1.6087,40.2428],[-1.6293,40.2596],[-1.6368,40.2639],[-1.6451,40.2729],[-1.659,40.282],[-1.6656,40.2945],[-1.6799,40.3008],[-1.6897,40.3093],[-1.7004,40.3071],[-1.7106,40.2921],[-1.7099,40.2808],[-1.7143,40.2768],[-1.7212,40.2787],[-1.7269,40.2882],[-1.7298,40.2993],[-1.7292,40.3032],[-1.7206,40.3133],[-1.7202,40.3185],[-1.7068,40.3136],[-1.6972,40.3166],[-1.6982,40.3217],[-1.7069,40.3262],[-1.718,40.3371],[-1.7198,40.3404],[-1.7411,40.3493],[-1.7423,40.3528],[-1.7645,40.3764],[-1.7676,40.3831],[-1.7728,40.3864],[-1.7778,40.3919],[-1.7897,40.3921],[-1.7895,40.3974],[-1.8008,40.3981],[-1.8053,40.3998],[-1.8006,40.4142],[-1.7934,40.4179],[-1.7854,40.4132],[-1.7831,40.4198],[-1.777,40.4298],[-1.7684,40.4378],[-1.7652,40.4433],[-1.7486,40.4629],[-1.735,40.472],[-1.7257,40.4748],[-1.7093,40.4815],[-1.7005,40.4831],[-1.6925,40.4868],[-1.695,40.4928],[-1.6955,40.5113],[-1.6969,40.5141],[-1.6971,40.5229],[-1.7014,40.5325],[-1.7016,40.5411],[-1.6896,40.5665],[-1.6933,40.5776],[-1.6858,40.5799],[-1.6781,40.591],[-1.6743,40.5922],[-1.6665,40.582],[-1.6537,40.582],[-1.6433,40.5801],[-1.6342,40.5798],[-1.6297,40.5761],[-1.6023,40.5646],[-1.5987,40.5621],[-1.5872,40.5694],[-1.5829,40.5695],[-1.5557,40.586],[-1.5497,40.5931],[-1.5455,40.5952],[-1.553,40.6024],[-1.556,40.6077],[-1.5649,40.6147],[-1.5596,40.6214],[-1.5548,40.6304],[-1.5547,40.6357],[-1.5491,40.6472],[-1.539,40.6581],[-1.5389,40.6704],[-1.5403,40.6813],[-1.5356,40.687],[-1.5406,40.6939],[-1.5514,40.7055],[-1.5541,40.7156],[-1.5589,40.7193],[-1.5607,40.7381],[-1.562,40.7398],[-1.5553,40.7501],[-1.5399,40.7607],[-1.543,40.7684],[-1.5421,40.7771],[-1.5393,40.7808],[-1.5392,40.7926],[-1.5423,40.8112],[-1.5447,40.8162],[-1.5534,40.8235],[-1.554,40.8267],[-1.5593,40.8308],[-1.5705,40.8301],[-1.5888,40.845],[-1.5937,40.8533],[-1.6031,40.8595],[-1.6077,40.8656],[-1.6112,40.8676],[-1.6203,40.8795],[-1.626,40.8987],[-1.6156,40.9081],[-1.6104,40.9168],[-1.6079,40.9276],[-1.6119,40.9376],[-1.6174,40.9437],[-1.6284,40.9486],[-1.635,40.9527],[-1.642,40.9597],[-1.6541,40.969],[-1.6571,40.9694],[-1.661,40.9783],[-1.6664,40.9817],[-1.6748,40.984],[-1.6792,40.9893],[-1.6918,40.9956],[-1.7001,41.0023],[-1.7166,41.0136],[-1.7246,41.0212],[-1.7298,41.024],[-1.7377,41.0313],[-1.7454,41.0326],[-1.7485,41.0364],[-1.7486,41.0413],[-1.7594,41.0482],[-1.7578,41.0551],[-1.7712,41.0666],[-1.7853,41.0728],[-1.7947,41.0788],[-1.8026,41.0892],[-1.814,41.093],[-1.8165,41.0953],[-1.8242,41.0945],[-1.841,41.1007],[-1.8557,41.1025],[-1.8693,41.1079],[-1.8728,41.1116],[-1.8756,41.1192],[-1.8791,41.1238],[-1.8889,41.1308],[-1.8906,41.1333],[-1.901,41.1354],[-1.9057,41.1341],[-1.9217,41.1343],[-1.9324,41.1386],[-1.9392,41.1473],[-1.9392,41.1525],[-1.9468,41.1599],[-1.9483,41.1668],[-1.959,41.1725],[-1.9828,41.1651],[-1.9878,41.1611],[-2.0084,41.1564],[-2.0295,41.1563],[-2.0476,41.1527],[-2.0517,41.1468],[-2.0506,41.1259],[-2.0592,41.1198],[-2.0627,41.1131],[-2.0604,41.1052],[-2.0637,41.1035],[-2.0656,41.0958],[-2.0575,41.0847],[-2.0482,41.0784],[-2.0564,41.0697],[-2.0642,41.0701],[-2.0717,41.0725],[-2.0787,41.0774],[-2.0767,41.0819],[-2.0815,41.0864],[-2.0897,41.0911],[-2.0975,41.0924],[-2.1094,41.0976],[-2.1174,41.1029],[-2.1207,41.1079],[-2.1283,41.1139],[-2.1302,41.1175],[-2.1359,41.1167],[-2.1434,41.1026],[-2.1615,41.0978],[-2.1673,41.0954],[-2.1757,41.0866],[-2.1753,41.0838],[-2.1986,41.0893],[-2.213,41.0913],[-2.2226,41.0934],[-2.2321,41.097],[-2.2635,41.0675],[-2.2664,41.0681],[-2.2756,41.0655],[-2.284,41.0651],[-2.2936,41.0713],[-2.3022,41.0654],[-2.3156,41.0616],[-2.3234,41.0565],[-2.3307,41.0667],[-2.3492,41.0774],[-2.3553,41.0865],[-2.3726,41.0791],[-2.3813,41.077],[-2.3831,41.0741],[-2.396,41.0647],[-2.4021,41.0617],[-2.4205,41.0602],[-2.4298,41.0659],[-2.4297,41.0723],[-2.4382,41.0708],[-2.4423,41.0773],[-2.4632,41.0774],[-2.4695,41.0781],[-2.4694,41.0898],[-2.4744,41.098],[-2.4776,41.1092],[-2.4823,41.1163],[-2.4855,41.1179],[-2.4933,41.1171],[-2.5089,41.1189],[-2.5116,41.1315],[-2.5174,41.137],[-2.5175,41.1481],[-2.5256,41.1549],[-2.5356,41.1614],[-2.5394,41.1587],[-2.5396,41.1536],[-2.5425,41.1507],[-2.5507,41.1477],[-2.5683,41.1446],[-2.5756,41.1395],[-2.5829,41.1418],[-2.5949,41.1499],[-2.596,41.1535],[-2.5931,41.1571],[-2.5849,41.1614],[-2.5811,41.1668],[-2.5772,41.1778],[-2.5843,41.1822],[-2.6026,41.1887],[-2.6193,41.1833],[-2.6221,41.188],[-2.62,41.1954],[-2.6058,41.1936],[-2.6009,41.1948],[-2.5918,41.2031],[-2.5876,41.2131],[-2.5884,41.2231],[-2.5923,41.2244],[-2.617,41.2194],[-2.6239,41.2237],[-2.6292,41.2152],[-2.6362,41.2238],[-2.6347,41.2319],[-2.6451,41.2379],[-2.646,41.2402],[-2.6548,41.2407],[-2.6685,41.2371],[-2.6736,41.2394],[-2.6846,41.2413],[-2.6923,41.2437],[-2.7095,41.252],[-2.7136,41.2597],[-2.7168,41.2757],[-2.7301,41.2717],[-2.7474,41.2733],[-2.7593,41.2733],[-2.7654,41.2709],[-2.7714,41.265],[-2.7757,41.2587],[-2.778,41.252],[-2.7832,41.2539],[-2.794,41.2543],[-2.8035,41.2565],[-2.812,41.2558],[-2.8196,41.2573],[-2.8325,41.2636],[-2.8552,41.2705],[-2.8665,41.2748],[-2.8637,41.2813],[-2.8659,41.2918],[-2.873,41.2985],[-2.8676,41.3129],[-2.869,41.3171],[-2.8755,41.3214],[-2.8827,41.3218],[-2.8884,41.3252],[-2.8979,41.3248],[-2.9067,41.3276],[-2.9103,41.3216],[-2.9225,41.3193],[-2.9341,41.3134],[-2.9412,41.3139],[-2.9401,41.306],[-2.9441,41.2975],[-2.9473,41.2941],[-2.9535,41.2919],[-2.9661,41.2932],[-2.9975,41.2868],[-3.006,41.2844],[-3.0114,41.2854],[-3.018,41.2891],[-3.031,41.283],[-3.0536,41.2769],[-3.0607,41.2765],[-3.0619,41.2734],[-3.0797,41.2794],[-3.0835,41.2797],[-3.0939,41.284],[-3.1002,41.2801],[-3.1087,41.2879],[-3.1212,41.2895],[-3.125,41.2909],[-3.13,41.2882],[-3.1413,41.2922],[-3.1484,41.292],[-3.1649,41.2954],[-3.1709,41.299],[-3.1775,41.2995],[-3.1885,41.3039],[-3.1921,41.3027],[-3.1998,41.3044],[-3.2074,41.3042],[-3.2151,41.2984],[-3.2262,41.2981],[-3.2389,41.2879],[-3.2399,41.283],[-3.2379,41.2794],[-3.2412,41.276],[-3.2489,41.2644],[-3.2543,41.2584],[-3.2635,41.2577],[-3.2743,41.2603],[-3.2734,41.2651],[-3.2758,41.275],[-3.2791,41.274],[-3.2836,41.2681],[-3.2891,41.2639],[-3.2905,41.2578],[-3.3028,41.2577],[-3.3064,41.2606],[-3.3129,41.2617],[-3.3178,41.2605],[-3.3251,41.2613],[-3.3299,41.2588],[-3.3304,41.2555],[-3.3364,41.253],[-3.3457,41.256],[-3.3555,41.256],[-3.3694,41.2604],[-3.3942,41.257],[-3.4008,41.2588],[-3.4004,41.2499],[-3.398,41.2433],[-3.4061,41.2346],[-3.4027,41.2274],[-3.4043,41.2188],[-3.4025,41.2136],[-3.4079,41.212],[-3.4201,41.2164],[-3.4251,41.2142],[-3.4339,41.2156],[-3.4442,41.2153],[-3.449,41.2067],[-3.4559,41.1994],[-3.4594,41.1912],[-3.467,41.1882],[-3.47,41.1837],[-3.4782,41.1808],[-3.4887,41.1797],[-3.4931,41.1772],[-3.4993,41.1788],[-3.5082,41.1677],[-3.5123,41.1673],[-3.5191,41.1628],[-3.5271,41.1662],[-3.5397,41.165],[-3.5367,41.1606],[-3.5376,41.1553],[-3.5411,41.1497],[-3.5329,41.147],[-3.529,41.1406],[-3.526,41.1391],[-3.5165,41.1388],[-3.5106,41.1373],[-3.5016,41.1264],[-3.4995,41.1198],[-3.4953,41.1158],[-3.4928,41.1069],[-3.489,41.104],[-3.4919,41.1002],[-3.4882,41.094],[-3.478,41.094],[-3.4699,41.0922],[-3.4568,41.0872],[-3.4529,41.0827],[-3.4456,41.081],[-3.4361,41.0837],[-3.4292,41.0842],[-3.4251,41.0732],[-3.4262,41.0654],[-3.4311,41.0623],[-3.4313,41.0583],[-3.4356,41.0536],[-3.4348,41.0493],[-3.4382,41.0468],[-3.4389,41.0427],[-3.4312,41.0417],[-3.4261,41.0316],[-3.4132,41.0186],[-3.3973,41.0063],[-3.3945,41.0003],[-3.4009,40.9955],[-3.4183,40.9876],[-3.4164,40.9848],[-3.4185,40.9795],[-3.4162,40.9758],[-3.422,40.9666],[-3.4262,40.9625],[-3.432,40.9495],[-3.436,40.9461],[-3.4354,40.9376],[-3.4382,40.9315],[-3.4424,40.9295],[-3.4489,40.9225],[-3.4484,40.9187],[-3.4513,40.9129],[-3.4456,40.9103],[-3.4446,40.9063],[-3.4505,40.9054],[-3.4568,40.9083],[-3.4606,40.9054],[-3.4562,40.8992],[-3.449,40.8948],[-3.4452,40.896],[-3.4396,40.8911],[-3.4448,40.8868],[-3.4419,40.8833],[-3.4404,40.8756],[-3.4461,40.8767],[-3.4577,40.8723],[-3.4724,40.8643],[-3.4711,40.8603],[-3.4659,40.8572],[-3.4705,40.8517],[-3.4758,40.8499],[-3.4706,40.8451],[-3.4706,40.8418],[-3.4783,40.8389],[-3.4768,40.8254],[-3.4821,40.8195],[-3.4821,40.8155],[-3.4912,40.8081],[-3.4915,40.799],[-3.4954,40.7967],[-3.5027,40.7971],[-3.5027,40.791],[-3.4876,40.7859],[-3.4678,40.7843],[-3.4602,40.7814],[-3.45,40.7717],[-3.4443,40.7616],[-3.4438,40.7547],[-3.447,40.7414],[-3.4513,40.7381],[-3.4487,40.733],[-3.4419,40.7377],[-3.4345,40.7322],[-3.4372,40.7229],[-3.4429,40.7193],[-3.4528,40.7091],[-3.4561,40.7039],[-3.4601,40.7035],[-3.4624,40.6931],[-3.4685,40.6899],[-3.4563,40.6879],[-3.4484,40.682],[-3.4478,40.6775],[-3.4424,40.6781],[-3.4417,40.6742],[-3.4359,40.6753],[-3.4267,40.6724],[-3.4256,40.6824],[-3.4191,40.6803],[-3.4153,40.6718],[-3.4047,40.6696],[-3.4049,40.6767],[-3.3999,40.6914],[-3.3934,40.6925],[-3.3855,40.684],[-3.3747,40.6801],[-3.3715,40.6724],[-3.3723,40.6691],[-3.3676,40.6643],[-3.3677,40.6605],[-3.3623,40.6537],[-3.3663,40.648],[-3.3622,40.6458],[-3.3451,40.6417],[-3.3468,40.6381],[-3.3389,40.6363],[-3.3357,40.6399],[-3.3272,40.6406],[-3.3224,40.6438],[-3.3213,40.6481],[-3.3174,40.6514],[-3.3139,40.6497],[-3.3207,40.6441],[-3.3237,40.6384],[-3.3237,40.6297],[-3.3358,40.6247],[-3.3254,40.6178],[-3.3216,40.6117],[-3.3252,40.6101],[-3.3314,40.6039],[-3.3303,40.5974],[-3.3212,40.5897],[-3.3161,40.5841],[-3.3083,40.5791],[-3.3039,40.5785],[-3.2926,40.573],[-3.2871,40.5721],[-3.2841,40.569],[-3.2831,40.5636],[-3.2884,40.5586],[-3.2831,40.551],[-3.2971,40.5375],[-3.2893,40.5316],[-3.2843,40.5352],[-3.2755,40.5336],[-3.2729,40.5365],[-3.2589,40.54],[-3.2564,40.5418],[-3.2469,40.542],[-3.2433,40.5371],[-3.2354,40.5328],[-3.2271,40.5362],[-3.2268,40.532],[-3.2229,40.526],[-3.2069,40.5193],[-3.2,40.5144],[-3.1989,40.503],[-3.201,40.4998],[-3.1992,40.4882],[-3.1953,40.4786],[-3.199,40.4701],[-3.2002,40.4638],[-3.1988,40.4588],[-3.2005,40.4463],[-3.1986,40.4423],[-3.1773,40.4392],[-3.1726,40.4363],[-3.169,40.4388],[-3.1555,40.4394],[-3.1509,40.431],[-3.1513,40.4271],[-3.1478,40.4236],[-3.1474,40.4196],[-3.1421,40.4125],[-3.1306,40.4052],[-3.1341,40.3997],[-3.1354,40.3901],[-3.1433,40.3875],[-3.1407,40.3778],[-3.1383,40.3755],[-3.1501,40.3731],[-3.1519,40.3685],[-3.149,40.3601],[-3.1434,40.3581],[-3.1438,40.3529],[-3.1524,40.3437],[-3.1514,40.3352],[-3.1545,40.3315],[-3.1623,40.3274],[-3.176,40.3161],[-3.1806,40.3133],[-3.1828,40.3083],[-3.1802,40.3021],[-3.1815,40.2977],[-3.1814,40.2885],[-3.1867,40.279],[-3.1842,40.2697],[-3.1928,40.2593],[-3.1948,40.2551],[-3.1944,40.248],[-3.1816,40.2423],[-3.1784,40.2362],[-3.1732,40.2368],[-3.1705,40.2437],[-3.1615,40.2553],[-3.1556,40.2594],[-3.1537,40.2637],[-3.1435,40.2664],[-3.1282,40.2788],[-3.1127,40.2855],[-3.1077,40.2806],[-3.1015,40.2781],[-3.096,40.2691],[-3.0997,40.2614],[-3.0915,40.2502],[-3.0866,40.2453],[-3.0898,40.2388],[-3.0869,40.2338],[-3.0809,40.2294],[-3.0794,40.2237],[-3.0825,40.2145],[-3.0795,40.2084],[-3.0816,40.2039],[-3.0882,40.2003],[-3.0846,40.1984],[-3.0867,40.1924],[-3.0815,40.1793],[-3.0771,40.1725],[-3.0778,40.1662],[-3.0705,40.1619],[-3.0678,40.1579],[-3.0717,40.156],[-3.0832,40.1596],[-3.0852,40.1636],[-3.0894,40.1629],[-3.0966,40.1557],[-3.0968,40.1424],[-3.0727,40.1299],[-3.0743,40.1284],[-3.0677,40.1198],[-3.0581,40.114],[-3.0542,40.1052],[-3.053,40.0994],[-3.0607,40.0906],[-3.0726,40.0831],[-3.0888,40.0706],[-3.0922,40.0689],[-3.1027,40.0673],[-3.1182,40.0614],[-3.1407,40.0632],[-3.1496,40.066],[-3.1616,40.0649],[-3.1629,40.0709],[-3.1616,40.0747],[-3.1632,40.0837],[-3.168,40.0851],[-3.1698,40.0906],[-3.1775,40.0921],[-3.1806,40.0901],[-3.1892,40.0774],[-3.2018,40.0663],[-3.2105,40.0617],[-3.229,40.056],[-3.2436,40.0534],[-3.2457,40.0572],[-3.2565,40.0565],[-3.2573,40.0507],[-3.2663,40.0532],[-3.2742,40.0527],[-3.2762,40.0473],[-3.2832,40.0491],[-3.2832,40.0515],[-3.29,40.0527],[-3.2965,40.0516],[-3.3025,40.0533],[-3.3081,40.0607],[-3.3118,40.0683],[-3.3191,40.0742],[-3.3277,40.0791],[-3.3344,40.0811],[-3.3462,40.0802],[-3.349,40.0781],[-3.3605,40.0755],[-3.3777,40.0748],[-3.3791,40.0662],[-3.3747,40.0596],[-3.3743,40.055],[-3.3769,40.05],[-3.385,40.0519],[-3.3942,40.0454],[-3.3917,40.0413],[-3.3939,40.0356],[-3.4023,40.0343],[-3.41,40.0381],[-3.4099,40.0418],[-3.417,40.0446],[-3.426,40.0466],[-3.4293,40.0389],[-3.4479,40.0385],[-3.4486,40.0443],[-3.4468,40.0478],[-3.4539,40.0502],[-3.4556,40.0464],[-3.4601,40.0454],[-3.4701,40.0407],[-3.4724,40.0457],[-3.4823,40.046],[-3.489,40.0418],[-3.4903,40.0474],[-3.4961,40.0474],[-3.4992,40.045],[-3.5051,40.0472],[-3.5077,40.0444],[-3.5153,40.0433],[-3.5169,40.0372],[-3.5221,40.0261],[-3.5197,40.0211],[-3.5306,40.0181],[-3.5512,40.0181],[-3.5747,40.0157],[-3.5752,40.0137],[-3.59,40.0132],[-3.5946,40.0017],[-3.6104,39.9983],[-3.6143,39.9949],[-3.6225,39.9911],[-3.6292,39.9927],[-3.638,39.9884],[-3.6336,39.9735],[-3.6314,39.9696],[-3.6345,39.9659],[-3.6591,39.9659],[-3.6776,39.9608],[-3.6834,39.9555],[-3.6976,39.9467],[-3.7111,39.9547],[-3.7169,39.9508],[-3.7306,39.9444],[-3.7439,39.9408],[-3.7485,39.9294],[-3.7594,39.9191],[-3.7788,39.9109],[-3.7898,39.8991],[-3.8064,39.8874],[-3.8149,39.8857],[-3.8251,39.8923],[-3.8297,39.8973],[-3.8345,39.8999],[-3.8449,39.9026],[-3.8598,39.9025],[-3.8689,39.9052],[-3.8754,39.9107],[-3.8674,39.917],[-3.8755,39.9269],[-3.8744,39.9296],[-3.8683,39.9318],[-3.8587,39.9334],[-3.8528,39.9394],[-3.84,39.942],[-3.8359,39.9317],[-3.8301,39.9334],[-3.8293,39.9405],[-3.8244,39.9473],[-3.8177,39.9467],[-3.8103,39.9538],[-3.8017,39.952],[-3.8012,39.9473],[-3.7941,39.9475],[-3.7864,39.9447],[-3.7822,39.948],[-3.7868,39.9539],[-3.7785,39.957],[-3.7721,39.9611],[-3.7672,39.9617],[-3.7632,39.9671],[-3.758,39.9583],[-3.7702,39.954],[-3.7707,39.9506],[-3.7666,39.9473],[-3.7545,39.9504],[-3.7511,39.9545],[-3.7527,39.9591],[-3.7589,39.9689],[-3.7531,39.9674],[-3.7466,39.9624],[-3.7353,39.9619],[-3.7279,39.9645],[-3.7234,39.9697],[-3.7289,39.9723],[-3.7313,39.9694],[-3.7372,39.9684],[-3.7413,39.9708],[-3.7468,39.9795],[-3.7439,39.9824],[-3.7352,39.9806],[-3.7358,39.984],[-3.7253,39.9884],[-3.7234,39.9923],[-3.7241,39.9972],[-3.7217,40.0011],[-3.7146,40.0045],[-3.713,40.0087],[-3.708,40.0139],[-3.6999,40.0195],[-3.6868,40.0217],[-3.6866,40.0177],[-3.6791,40.0165],[-3.6768,40.0209],[-3.6677,40.0278],[-3.6682,40.032],[-3.6635,40.0366],[-3.6574,40.0366],[-3.6556,40.0329],[-3.6489,40.0342],[-3.6492,40.0388],[-3.6444,40.0418],[-3.6403,40.0402],[-3.6356,40.0436],[-3.6398,40.0469],[-3.6397,40.05],[-3.6311,40.0537],[-3.6231,40.0541],[-3.6195,40.0577],[-3.6242,40.0606],[-3.6166,40.0688],[-3.6282,40.0754],[-3.629,40.0783],[-3.6233,40.0812],[-3.6192,40.0798],[-3.6104,40.0819],[-3.6037,40.0937],[-3.6084,40.0952],[-3.6147,40.0929],[-3.6161,40.0965],[-3.613,40.1032],[-3.6076,40.109],[-3.6212,40.1152],[-3.641,40.1205],[-3.6481,40.1244],[-3.6563,40.1253],[-3.6606,40.1284],[-3.6658,40.1353],[-3.6673,40.1433],[-3.6779,40.1392],[-3.6837,40.1323],[-3.6915,40.1328],[-3.7029,40.1371],[-3.7198,40.1471],[-3.7222,40.1477],[-3.7299,40.1439],[-3.7398,40.1352],[-3.7463,40.1322],[-3.7539,40.134],[-3.7714,40.1398],[-3.7775,40.1462],[-3.7791,40.1563],[-3.7846,40.1628],[-3.7925,40.1682],[-3.8,40.1754],[-3.8068,40.1772],[-3.8104,40.169],[-3.8173,40.1713],[-3.8342,40.1614],[-3.8408,40.1627],[-3.8528,40.1692],[-3.8514,40.1775],[-3.8666,40.1881],[-3.8761,40.1911],[-3.8777,40.1887],[-3.8854,40.1895],[-3.8942,40.1887],[-3.9023,40.1908],[-3.9103,40.1898],[-3.9162,40.1916],[-3.9224,40.1984],[-3.9313,40.204],[-3.9386,40.2026],[-3.9428,40.1961],[-3.9475,40.1941],[-3.9563,40.1991],[-3.9538,40.2063],[-3.9562,40.2115],[-3.9621,40.2123],[-3.9769,40.2119],[-3.991,40.2095],[-4.0014,40.2177],[-4.0062,40.2182],[-4.0143,40.2246],[-4.0221,40.2336],[-4.0262,40.2356],[-4.026,40.2496],[-4.0419,40.2497],[-4.0521,40.2515],[-4.0625,40.2577],[-4.0729,40.2655],[-4.0805,40.2669],[-4.0857,40.256],[-4.0952,40.2478],[-4.1006,40.2461],[-4.1043,40.2418],[-4.1112,40.2443],[-4.1197,40.2436],[-4.1275,40.246],[-4.1315,40.249],[-4.1437,40.2448],[-4.1507,40.2492],[-4.1449,40.2585],[-4.144,40.2646],[-4.1557,40.2689],[-4.1633,40.2699],[-4.167,40.2727],[-4.1752,40.289],[-4.1795,40.2934],[-4.1909,40.2974],[-4.1971,40.2941],[-4.199,40.2902],[-4.2038,40.2873],[-4.2047,40.2833],[-4.2033,40.2742],[-4.2047,40.269],[-4.2143,40.2697],[-4.2176,40.2729],[-4.2263,40.2699],[-4.2283,40.2749],[-4.2352,40.2739],[-4.2462,40.2742],[-4.2514,40.2698],[-4.2537,40.2629],[-4.2594,40.2586],[-4.262,40.2476],[-4.267,40.2431],[-4.2697,40.236],[-4.275,40.2319],[-4.2867,40.2279],[-4.2912,40.2215],[-4.2952,40.2189],[-4.3061,40.2218],[-4.3096,40.2279],[-4.3061,40.2328],[-4.3112,40.2345],[-4.3204,40.2276],[-4.3231,40.2271],[-4.3265,40.2335],[-4.3333,40.2382],[-4.3417,40.2405],[-4.3482,40.238],[-4.348,40.2439],[-4.3453,40.2529],[-4.3504,40.2623],[-4.3569,40.2703],[-4.3584,40.2767],[-4.3572,40.2879],[-4.3583,40.2947],[-4.3564,40.3086],[-4.368,40.3138],[-4.3736,40.3138],[-4.3762,40.3169],[-4.3813,40.3125],[-4.3816,40.3073],[-4.387,40.3015],[-4.383,40.2992],[-4.3847,40.2948],[-4.3845,40.2883],[-4.3926,40.2869],[-4.4006,40.2819],[-4.4077,40.2737],[-4.4152,40.27],[-4.42,40.2651],[-4.4305,40.2591],[-4.4352,40.2591],[-4.4364,40.2551],[-4.4345,40.2443],[-4.4387,40.2372],[-4.4475,40.2336],[-4.4545,40.2325],[-4.4724,40.2314],[-4.4975,40.2216],[-4.5098,40.2192],[-4.5169,40.2147],[-4.517,40.2052],[-4.5199,40.2022],[-4.5354,40.1993],[-4.5583,40.2028],[-4.575,40.2067],[-4.5727,40.2127],[-4.5791,40.2172],[-4.5843,40.217],[-4.5926,40.2114],[-4.6003,40.2082],[-4.6137,40.2012],[-4.6298,40.2018],[-4.636,40.2004],[-4.6399,40.197],[-4.6543,40.198],[-4.6581,40.1994],[-4.6628,40.2059],[-4.6739,40.2095],[-4.6798,40.2071],[-4.6865,40.2108],[-4.6862,40.2185],[-4.6892,40.2259],[-4.6892,40.2319],[-4.6866,40.2358],[-4.6937,40.2411],[-4.6872,40.2496],[-4.6952,40.2551],[-4.7018,40.2572],[-4.7026,40.2636],[-4.6976,40.2642],[-4.6949,40.2733],[-4.6981,40.2822],[-4.7137,40.2808],[-4.7121,40.276],[-4.7275,40.2735],[-4.7322,40.2709],[-4.7426,40.2753],[-4.7533,40.2641],[-4.7612,40.2609],[-4.7781,40.2656],[-4.7833,40.2702],[-4.8035,40.2753],[-4.8077,40.271],[-4.8072,40.2676],[-4.8113,40.264],[-4.81,40.2594],[-4.818,40.2556],[-4.8133,40.2495],[-4.8077,40.2353],[-4.8217,40.2303],[-4.8215,40.2224],[-4.8317,40.2164],[-4.8403,40.21],[-4.8538,40.2077],[-4.8571,40.2041],[-4.8627,40.2051],[-4.8753,40.1978],[-4.8783,40.1903],[-4.8859,40.1906],[-4.8967,40.1851],[-4.9026,40.1801],[-4.9137,40.1736],[-4.9247,40.17],[-4.9237,40.165],[-4.9181,40.1553],[-4.9225,40.1415],[-4.9255,40.136],[-4.9434,40.1333],[-4.9523,40.1341],[-4.9593,40.1305],[-4.9589,40.1261],[-4.9613,40.1216],[-4.9793,40.1174],[-4.9814,40.1157],[-4.9892,40.1159],[-5.0058,40.1097],[-5.0133,40.1111],[-5.0077,40.1217],[-5.0067,40.1299],[-5.0136,40.1435],[-5.017,40.1458],[-5.0185,40.1591],[-5.0339,40.1567],[-5.0421,40.1511],[-5.0506,40.1516],[-5.0561,40.149],[-5.0615,40.1513],[-5.0697,40.1492],[-5.0738,40.1438],[-5.0783,40.1411],[-5.0777,40.1362],[-5.0855,40.135],[-5.0854,40.1282],[-5.0878,40.1243],[-5.0936,40.1268],[-5.1011,40.1272],[-5.1054,40.1187],[-5.128,40.102],[-5.14,40.0971],[-5.1402,40.093],[-5.1492,40.0908],[-5.1536,40.0928],[-5.1649,40.0891],[-5.1737,40.0849],[-5.1845,40.0881],[-5.1923,40.0835],[-5.2011,40.0826],[-5.2067,40.0856],[-5.2114,40.0917],[-5.2104,40.1053],[-5.2153,40.1078],[-5.2264,40.1074],[-5.2505,40.1087],[-5.2607,40.1079],[-5.2672,40.1111],[-5.2788,40.1092],[-5.2978,40.1098],[-5.3024,40.1072],[-5.3125,40.1069],[-5.3201,40.1079],[-5.3288,40.1134],[-5.336,40.1158]]],[[[-3.3821,40.6305],[-3.3744,40.6261],[-3.3694,40.6279],[-3.3689,40.6317],[-3.3636,40.634],[-3.3656,40.6381],[-3.3706,40.6391],[-3.3723,40.6356],[-3.3803,40.6329],[-3.3821,40.6305]]]]},"properties":{"CodINE":"08","NAMEUNIT":"Castilla-La Mancha"}},
{"type":"Feature","geometry":{"type":"MultiPolygon","coordinates":[[[[0.5147,40.523],[0.5177,40.5322],[0.5222,40.5394],[0.5234,40.5442],[0.5328,40.5541],[0.5379,40.5672],[0.5448,40.5722],[0.5484,40.5731],[0.5534,40.5793],[0.5606,40.5845],[0.563,40.5883],[0.5846,40.6063],[0.5888,40.6115],[0.6048,40.6232],[0.6115,40.6234],[0.6265,40.6218],[0.6357,40.6226],[0.6522,40.6252],[0.654,40.6267],[0.6632,40.6265],[0.6799,40.6337],[0.696,40.6371],[0.7052,40.6379],[0.7081,40.6364],[0.7143,40.6389],[0.7271,40.6392],[0.7444,40.6364],[0.7411,40.6287],[0.7353,40.6208],[0.7172,40.6005],[0.711,40.5922],[0.7037,40.5898],[0.6835,40.589],[0.6738,40.5932],[0.6603,40.5915],[0.6564,40.589],[0.6532,40.5814],[0.6529,40.5758],[0.6481,40.5729],[0.6346,40.5763],[0.63,40.5816],[0.6165,40.5856],[0.6154,40.5779],[0.6055,40.5774],[0.6017,40.5754],[0.5954,40.5778],[0.5948,40.5737],[0.5976,40.5676],[0.6039,40.5606],[0.6158,40.5541],[0.6237,40.5526],[0.6365,40.5528],[0.6486,40.5545],[0.6614,40.5573],[0.6803,40.5645],[0.691,40.5714],[0.7025,40.5809],[0.7103,40.5888],[0.7293,40.6124],[0.7477,40.6328],[0.7574,40.6406],[0.77,40.6466],[0.7803,40.6504],[0.8474,40.6798],[0.8617,40.6898],[0.8661,40.6949],[0.8754,40.7169],[0.8724,40.7289],[0.8675,40.7292],[0.8611,40.737],[0.8558,40.7374],[0.8437,40.7308],[0.8364,40.731],[0.8265,40.735],[0.8203,40.7398],[0.8073,40.7536],[0.7958,40.7634],[0.7816,40.7807],[0.7749,40.7874],[0.7677,40.7918],[0.7561,40.7942],[0.7326,40.7926],[0.7295,40.7903],[0.7679,40.7787],[0.7831,40.7727],[0.7808,40.7683],[0.7769,40.7686],[0.7713,40.7634],[0.7547,40.763],[0.7348,40.7677],[0.7288,40.7703],[0.7228,40.7772],[0.713,40.7834],[0.704,40.7927],[0.6997,40.8009],[0.7008,40.8045],[0.7115,40.8121],[0.7194,40.8136],[0.7217,40.8159],[0.7322,40.8187],[0.7342,40.8232],[0.7413,40.8233],[0.7415,40.8293],[0.7451,40.8389],[0.7522,40.8463],[0.7586,40.8476],[0.7638,40.8508],[0.7699,40.8577],[0.7794,40.8604],[0.7911,40.8659],[0.7958,40.8713],[0.8025,40.8825],[0.8126,40.8902],[0.8169,40.892],[0.8203,40.8976],[0.8251,40.9014],[0.8268,40.9083],[0.8363,40.9154],[0.8372,40.9189],[0.8426,40.9212],[0.8579,40.9356],[0.859,40.9422],[0.8622,40.9471],[0.8754,40.952],[0.8808,40.9597],[0.8859,40.9621],[0.8989,40.9758],[0.9043,40.9774],[0.9149,40.9871],[0.924,40.9883],[0.9327,40.9918],[0.9383,41.0035],[0.9534,41.0177],[0.9666,41.0283],[0.9709,41.0294],[0.9802,41.0368],[0.9915,41.0426],[1.0037,41.0431],[1.0122,41.0492],[1.0178,41.0517],[1.0231,41.0517],[1.0301,41.0564],[1.046,41.063],[1.0526,41.0646],[1.0587,41.064],[1.0733,41.0659],[1.0816,41.0636],[1.0953,41.0681],[1.1192,41.0741],[1.1284,41.0749],[1.1434,41.0719],[1.1517,41.0657],[1.1582,41.0638],[1.1612,41.0605],[1.1611,41.0557],[1.1702,41.0546],[1.1817,41.0651],[1.1793,41.0696],[1.1907,41.0866],[1.1989,41.094],[1.2088,41.0872],[1.2116,41.0887],[1.2048,41.0957],[1.2079,41.0973],[1.2161,41.0902],[1.2193,41.0925],[1.2126,41.0991],[1.2204,41.099],[1.2227,41.0961],[1.23,41.1009],[1.2414,41.1053],[1.2434,41.1098],[1.2489,41.1089],[1.245,41.1041],[1.2337,41.0998],[1.232,41.0948],[1.2457,41.1001],[1.248,41.1049],[1.2555,41.1117],[1.2619,41.1141],[1.2704,41.1131],[1.2791,41.1204],[1.2979,41.1278],[1.3054,41.129],[1.3194,41.1296],[1.3387,41.1279],[1.3416,41.1255],[1.349,41.1282],[1.3525,41.1271],[1.3616,41.13],[1.37,41.1311],[1.3812,41.1343],[1.3907,41.1316],[1.3986,41.1336],[1.4065,41.1403],[1.4376,41.1543],[1.4543,41.1606],[1.4649,41.1655],[1.4714,41.1661],[1.4869,41.171],[1.5174,41.1788],[1.5275,41.1795],[1.5397,41.1828],[1.5888,41.1883],[1.6052,41.188],[1.6148,41.1904],[1.6302,41.1922],[1.6489,41.1961],[1.6586,41.1964],[1.6733,41.1982],[1.6836,41.2021],[1.6893,41.2054],[1.6987,41.2081],[1.7072,41.2074],[1.7155,41.2115],[1.7253,41.2124],[1.7282,41.2149],[1.7523,41.2196],[1.7605,41.2188],[1.7782,41.2238],[1.7867,41.2244],[1.8012,41.2322],[1.8152,41.236],[1.8216,41.2345],[1.8304,41.236],[1.8528,41.2343],[1.8666,41.2391],[1.8703,41.2429],[1.8825,41.2469],[1.8984,41.2503],[1.9034,41.2538],[1.9282,41.2609],[1.9408,41.2634],[1.9623,41.2642],[1.9974,41.2641],[2.0176,41.2655],[2.0483,41.2705],[2.0741,41.2765],[2.0994,41.2845],[2.1143,41.2904],[2.1226,41.2951],[2.1302,41.2973],[2.1427,41.2993],[2.144,41.3042],[2.1549,41.3152],[2.1507,41.3175],[2.1543,41.3279],[2.1597,41.3283],[2.1653,41.3412],[2.1591,41.3432],[2.1563,41.3418],[2.1488,41.33],[2.1459,41.331],[2.1533,41.3427],[2.1632,41.3484],[2.1669,41.3471],[2.1731,41.3565],[2.1699,41.3586],[2.176,41.3653],[2.178,41.3741],[2.1823,41.3795],[2.1864,41.3797],[2.1894,41.3708],[2.1927,41.3787],[2.1983,41.3869],[2.2055,41.3917],[2.2179,41.4042],[2.2254,41.4073],[2.2318,41.4161],[2.2346,41.4222],[2.2442,41.4378],[2.2519,41.4472],[2.2666,41.4592],[2.2781,41.4647],[2.2992,41.4733],[2.3161,41.4778],[2.317,41.4765],[2.3296,41.4809],[2.3409,41.4835],[2.3801,41.4952],[2.3864,41.4987],[2.4042,41.5066],[2.4171,41.5158],[2.427,41.5208],[2.4395,41.5284],[2.4431,41.5292],[2.4509,41.5363],[2.4703,41.5467],[2.4954,41.5532],[2.5065,41.5593],[2.5092,41.5596],[2.5323,41.5689],[2.5477,41.5759],[2.5699,41.5819],[2.619,41.5983],[2.6333,41.604],[2.6404,41.6052],[2.6528,41.6097],[2.6608,41.6116],[2.7005,41.6234],[2.7109,41.6279],[2.7189,41.6294],[2.7262,41.6346],[2.7461,41.6428],[2.7573,41.6456],[2.7742,41.6474],[2.7776,41.6499],[2.7852,41.6646],[2.7915,41.6722],[2.7975,41.6755],[2.8009,41.674],[2.8076,41.679],[2.8157,41.6822],[2.82,41.689],[2.8297,41.6914],[2.833,41.694],[2.8406,41.693],[2.8461,41.6971],[2.8555,41.7001],[2.8662,41.6989],[2.8735,41.7017],[2.8777,41.7009],[2.8811,41.704],[2.8901,41.7035],[2.9002,41.7056],[2.9012,41.7094],[2.9055,41.7105],[2.9118,41.7081],[2.9201,41.7128],[2.9239,41.712],[2.9339,41.7149],[2.9349,41.7204],[2.9476,41.7278],[2.948,41.7308],[2.9547,41.7324],[2.958,41.7403],[2.965,41.7449],[2.9718,41.7535],[2.9768,41.7573],[2.9852,41.7607],[2.9924,41.7612],[3.0073,41.7708],[3.0149,41.773],[3.0304,41.7741],[3.0293,41.7791],[3.0376,41.7801],[3.0411,41.7784],[3.0463,41.7819],[3.0455,41.7882],[3.0492,41.7903],[3.0586,41.7903],[3.0608,41.797],[3.0653,41.8001],[3.0684,41.8137],[3.0716,41.8195],[3.0836,41.8261],[3.0881,41.8319],[3.0926,41.8336],[3.0945,41.8387],[3.1049,41.8463],[3.115,41.8487],[3.124,41.8476],[3.1321,41.8421],[3.1324,41.8463],[3.1448,41.8495],[3.1438,41.8578],[3.15,41.8585],[3.1548,41.8625],[3.1612,41.8605],[3.17,41.863],[3.1759,41.8665],[3.1795,41.8756],[3.1785,41.8793],[3.1831,41.8819],[3.184,41.8881],[3.1912,41.8886],[3.1968,41.8936],[3.2029,41.8916],[3.2056,41.9],[3.2091,41.9015],[3.208,41.913],[3.2102,41.9169],[3.2163,41.9181],[3.2167,41.9244],[3.2196,41.9319],[3.2166,41.9379],[3.2179,41.9425],[3.226,41.9455],[3.2335,41.9504],[3.2294,41.9547],[3.2321,41.9594],[3.2294,41.9645],[3.2313,41.9691],[3.2267,41.9702],[3.2215,41.9744],[3.2107,41.9733],[3.2112,41.9765],[3.2029,41.9887],[3.1973,42.0056],[3.1949,42.0204],[3.1946,42.0274],[3.196,42.0392],[3.2012,42.0534],[3.2116,42.054],[3.2126,42.0611],[3.2099,42.062],[3.2086,42.0698],[3.1989,42.0777],[3.197,42.0833],[3.1878,42.0981],[3.1837,42.1035],[3.1719,42.1031],[3.1768,42.1112],[3.1693,42.115],[3.1627,42.1156],[3.1501,42.1196],[3.1428,42.1153],[3.1381,42.1158],[3.1367,42.1267],[3.1257,42.127],[3.1237,42.1332],[3.1181,42.1415],[3.1159,42.1492],[3.113,42.1655],[3.1114,42.1858],[3.1117,42.2059],[3.1194,42.2268],[3.128,42.2392],[3.1359,42.2483],[3.1517,42.2601],[3.1626,42.2642],[3.1702,42.2645],[3.1811,42.2571],[3.1823,42.2455],[3.1978,42.2462],[3.2003,42.2422],[3.2078,42.2405],[3.2189,42.2323],[3.2208,42.2366],[3.2278,42.2397],[3.2268,42.2491],[3.2298,42.2515],[3.2368,42.2477],[3.2393,42.251],[3.2443,42.2494],[3.2495,42.2406],[3.2655,42.2389],[3.2633,42.2442],[3.2542,42.2443],[3.2564,42.249],[3.266,42.2536],[3.2794,42.2543],[3.2879,42.2661],[3.287,42.2712],[3.2769,42.2799],[3.2762,42.2871],[3.2797,42.2889],[3.2876,42.2825],[3.2953,42.2829],[3.2981,42.2861],[3.2921,42.2949],[3.293,42.3018],[3.3028,42.3081],[3.3037,42.3111],[3.3122,42.3126],[3.3126,42.3176],[3.32,42.3167],[3.3223,42.3195],[3.3165,42.3232],[3.3056,42.3271],[3.3007,42.3261],[3.2944,42.3298],[3.289,42.3294],[3.2793,42.333],[3.2807,42.3359],[3.2621,42.3407],[3.2604,42.3351],[3.2554,42.3353],[3.2502,42.3326],[3.2395,42.3376],[3.2368,42.3435],[3.2386,42.3484],[3.2283,42.3512],[3.2227,42.3483],[3.2176,42.3499],[3.2105,42.3448],[3.2019,42.3452],[3.204,42.3396],[3.202,42.336],[3.1965,42.335],[3.1854,42.3439],[3.1859,42.3518],[3.1827,42.3512],[3.1712,42.3577],[3.1629,42.3605],[3.1635,42.365],[3.1675,42.367],[3.1643,42.3736],[3.1552,42.3789],[3.1597,42.385],[3.167,42.3896],[3.1639,42.3913],[3.158,42.3895],[3.153,42.3941],[3.165,42.4007],[3.1631,42.4042],[3.1557,42.4061],[3.1619,42.4112],[3.1703,42.4159],[3.1693,42.4238],[3.1637,42.4272],[3.1727,42.4347],[3.1638,42.4361],[3.1574,42.4342],[3.1535,42.4357],[3.1446,42.4331],[3.1334,42.4359],[3.1238,42.4353],[3.1209,42.4382],[3.1078,42.4339],[3.1027,42.4266],[3.0988,42.4251],[3.0852,42.4258],[3.0778,42.4312],[3.0763,42.4354],[3.07,42.4358],[3.0669,42.4427],[3.0581,42.4458],[3.0511,42.4548],[3.0472,42.4568],[3.0403,42.4735],[3.0314,42.4747],[3.0168,42.4694],[3.0136,42.4665],[3.0001,42.473],[2.9888,42.4742],[2.9826,42.4718],[2.9805,42.4673],[2.9672,42.4655],[2.9589,42.4745],[2.9453,42.4799],[2.9318,42.4747],[2.9249,42.4638],[2.9246,42.4586],[2.9184,42.4562],[2.9108,42.4577],[2.9041,42.4571],[2.8992,42.46],[2.8889,42.462],[2.8818,42.4607],[2.8745,42.4665],[2.8703,42.4677],[2.8634,42.4637],[2.864,42.459],[2.8614,42.4553],[2.8529,42.4549],[2.8396,42.4593],[2.8324,42.452],[2.8322,42.4457],[2.8273,42.4393],[2.8187,42.4405],[2.8111,42.433],[2.8045,42.4304],[2.7993,42.4185],[2.7841,42.4177],[2.7783,42.4124],[2.7705,42.4116],[2.7598,42.4186],[2.7553,42.426],[2.7329,42.4241],[2.7165,42.4212],[2.7031,42.4114],[2.697,42.4104],[2.6932,42.4064],[2.6792,42.4065],[2.6713,42.4024],[2.6735,42.4],[2.6714,42.3877],[2.6658,42.3856],[2.654,42.3886],[2.6523,42.3846],[2.6608,42.3781],[2.6628,42.3722],[2.6609,42.366],[2.6648,42.3627],[2.6697,42.362],[2.6759,42.3544],[2.6755,42.3423],[2.6716,42.3407],[2.6548,42.3414],[2.6546,42.3432],[2.6428,42.3447],[2.6348,42.3439],[2.6333,42.3463],[2.619,42.3455],[2.6012,42.3492],[2.5993,42.352],[2.5899,42.3538],[2.5867,42.3573],[2.5769,42.3581],[2.5618,42.3552],[2.5538,42.3529],[2.5534,42.3476],[2.5485,42.3393],[2.5446,42.339],[2.5417,42.3336],[2.5261,42.3334],[2.5112,42.3379],[2.5002,42.3432],[2.4921,42.3427],[2.4834,42.3398],[2.477,42.3446],[2.4718,42.3536],[2.4662,42.3607],[2.4568,42.3635],[2.4542,42.3699],[2.4483,42.3691],[2.4425,42.371],[2.4334,42.3776],[2.4348,42.3912],[2.431,42.3943],[2.4148,42.3918],[2.4045,42.3931],[2.3913,42.397],[2.3875,42.4003],[2.3793,42.4014],[2.372,42.4006],[2.3612,42.4028],[2.3486,42.4071],[2.3456,42.4093],[2.3439,42.4169],[2.3309,42.4157],[2.3249,42.4175],[2.3183,42.4224],[2.3189,42.4251],[2.3126,42.4285],[2.3069,42.429],[2.2982,42.4232],[2.291,42.4229],[2.2858,42.4274],[2.2709,42.4343],[2.2675,42.4336],[2.2569,42.4387],[2.2523,42.4368],[2.2462,42.4289],[2.2357,42.4264],[2.2243,42.4259],[2.2193,42.423],[2.2148,42.423],[2.2067,42.4174],[2.1998,42.4168],[2.1929,42.4186],[2.1805,42.4182],[2.1701,42.4231],[2.1483,42.4204],[2.143,42.4166],[2.1287,42.4125],[2.1242,42.4078],[2.1212,42.397],[2.1148,42.3946],[2.1145,42.3893],[2.1168,42.3833],[2.1055,42.3803],[2.0994,42.3769],[2.0894,42.3738],[2.0872,42.37],[2.0869,42.3639],[2.0728,42.3655],[2.0705,42.363],[2.0589,42.3588],[2.0415,42.3574],[2.0349,42.3578],[2.0236,42.3558],[2.0161,42.3471],[2.0122,42.3532],[2.0066,42.3534],[1.9983,42.3563],[1.9966,42.3592],[1.9899,42.3599],[1.9858,42.3622],[1.9792,42.3714],[1.9715,42.3742],[1.9647,42.382],[1.9649,42.3876],[1.9612,42.3908],[1.9601,42.3958],[1.9615,42.4012],[1.9549,42.4115],[1.9586,42.4234],[1.9527,42.4267],[1.9435,42.4287],[1.9405,42.4332],[1.9428,42.4404],[1.9367,42.4544],[1.9328,42.455],[1.9234,42.4484],[1.9157,42.4462],[1.8986,42.4502],[1.8956,42.4475],[1.8836,42.4509],[1.8818,42.459],[1.8672,42.4656],[1.8629,42.4663],[1.8598,42.4625],[1.8475,42.4679],[1.8434,42.4772],[1.8347,42.4818],[1.8267,42.4839],[1.8235,42.4865],[1.817,42.4831],[1.8049,42.4902],[1.7919,42.4855],[1.7629,42.4875],[1.7531,42.4913],[1.7462,42.4955],[1.7307,42.4925],[1.7256,42.5044],[1.7114,42.4923],[1.7036,42.4898],[1.6903,42.4949],[1.6828,42.494],[1.6762,42.4968],[1.67,42.5042],[1.6622,42.4936],[1.6616,42.4846],[1.6625,42.4744],[1.657,42.4682],[1.6493,42.4671],[1.6467,42.4686],[1.6402,42.4664],[1.6362,42.4681],[1.631,42.4645],[1.6226,42.4657],[1.6066,42.4644],[1.6002,42.4668],[1.5907,42.4642],[1.5857,42.4604],[1.5808,42.45],[1.5742,42.4522],[1.567,42.459],[1.56,42.4579],[1.5562,42.4541],[1.5602,42.449],[1.5529,42.4434],[1.5543,42.4405],[1.5524,42.4328],[1.5395,42.433],[1.5282,42.432],[1.5175,42.4288],[1.5116,42.4291],[1.498,42.4332],[1.4847,42.4328],[1.4753,42.4353],[1.4524,42.437],[1.4444,42.4414],[1.4462,42.4481],[1.4419,42.4516],[1.4412,42.4555],[1.4475,42.4601],[1.4406,42.4636],[1.4412,42.4754],[1.4335,42.4818],[1.419,42.4828],[1.4256,42.4932],[1.4433,42.4952],[1.4521,42.4999],[1.4569,42.5039],[1.4684,42.51],[1.4637,42.5183],[1.4579,42.5254],[1.4551,42.5265],[1.4524,42.5324],[1.4525,42.5386],[1.4392,42.5435],[1.4303,42.5392],[1.4259,42.5393],[1.4169,42.5355],[1.4146,42.5404],[1.4189,42.5441],[1.4227,42.5553],[1.4263,42.5586],[1.4418,42.5645],[1.4449,42.568],[1.4434,42.5719],[1.4321,42.5754],[1.4265,42.5828],[1.4303,42.5878],[1.4405,42.5944],[1.4431,42.6026],[1.4387,42.6031],[1.4335,42.6068],[1.4289,42.6143],[1.4306,42.6174],[1.4204,42.625],[1.4158,42.6389],[1.4171,42.6419],[1.4136,42.6477],[1.4137,42.6556],[1.4032,42.6589],[1.4013,42.6648],[1.3969,42.6681],[1.3874,42.6687],[1.3896,42.6734],[1.3871,42.6775],[1.3898,42.6851],[1.3851,42.6906],[1.3773,42.6945],[1.3619,42.6973],[1.3539,42.6997],[1.3509,42.703],[1.3525,42.7112],[1.3578,42.7151],[1.3573,42.7197],[1.3437,42.7189],[1.3374,42.7208],[1.3328,42.7247],[1.3257,42.7243],[1.3169,42.7189],[1.3101,42.718],[1.2967,42.7195],[1.291,42.7186],[1.2782,42.7141],[1.276,42.7182],[1.2669,42.716],[1.2527,42.7145],[1.2504,42.72],[1.2408,42.7249],[1.2345,42.7251],[1.2291,42.7278],[1.2162,42.72],[1.2058,42.7205],[1.2015,42.7178],[1.1878,42.7159],[1.1777,42.7126],[1.173,42.7081],[1.1661,42.7089],[1.1521,42.7171],[1.1512,42.7197],[1.1332,42.7283],[1.1351,42.7357],[1.1302,42.7392],[1.1297,42.7457],[1.1326,42.7505],[1.1194,42.7634],[1.1094,42.7657],[1.1064,42.7726],[1.095,42.7746],[1.0876,42.7783],[1.0834,42.7847],[1.0774,42.7882],[1.0734,42.7826],[1.0647,42.7833],[1.0438,42.7811],[1.0437,42.7851],[1.039,42.7868],[1.017,42.787],[1.0056,42.7908],[0.9945,42.7871],[0.9831,42.7869],[0.9776,42.7913],[0.9782,42.7944],[0.9681,42.7996],[0.9659,42.8037],[0.9586,42.8041],[0.9477,42.8016],[0.9386,42.7961],[0.9309,42.7888],[0.9264,42.7893],[0.9173,42.7937],[0.9164,42.7959],[0.9072,42.7971],[0.9066,42.8006],[0.8995,42.8037],[0.8852,42.8132],[0.8709,42.8157],[0.861,42.8212],[0.8555,42.8268],[0.8441,42.8292],[0.8333,42.8283],[0.8222,42.8324],[0.8209,42.8344],[0.8108,42.8387],[0.8009,42.8407],[0.7955,42.8399],[0.7866,42.8359],[0.7799,42.8359],[0.7628,42.8404],[0.7615,42.8428],[0.7421,42.8479],[0.7359,42.8488],[0.7346,42.8542],[0.7267,42.8575],[0.7084,42.8614],[0.6998,42.8574],[0.6917,42.8552],[0.678,42.8553],[0.6789,42.8488],[0.6622,42.8412],[0.6591,42.8378],[0.6619,42.8292],[0.6695,42.8247],[0.6704,42.8216],[0.665,42.8154],[0.6708,42.8047],[0.6694,42.8018],[0.6598,42.7983],[0.6539,42.7917],[0.6505,42.7851],[0.6457,42.7834],[0.6516,42.7777],[0.6668,42.7754],[0.6644,42.7714],[0.6506,42.7652],[0.649,42.7584],[0.6458,42.7556],[0.6473,42.7514],[0.6594,42.7522],[0.6635,42.7498],[0.6638,42.7423],[0.6707,42.7306],[0.6767,42.7282],[0.6802,42.7233],[0.6731,42.718],[0.678,42.7119],[0.6825,42.7089],[0.6741,42.6994],[0.6762,42.6909],[0.6677,42.6893],[0.6601,42.6909],[0.6601,42.6878],[0.6675,42.6818],[0.6735,42.679],[0.6759,42.671],[0.6802,42.6663],[0.688,42.6636],[0.6925,42.659],[0.6983,42.6455],[0.7013,42.6426],[0.6995,42.6368],[0.7008,42.6323],[0.6986,42.6288],[0.7083,42.6208],[0.721,42.6187],[0.7376,42.6125],[0.7449,42.6152],[0.7676,42.6112],[0.7679,42.6093],[0.7595,42.5868],[0.7604,42.5815],[0.7577,42.5775],[0.7591,42.5743],[0.7551,42.5643],[0.7482,42.5571],[0.7496,42.5532],[0.7427,42.5483],[0.742,42.5421],[0.7458,42.5395],[0.7437,42.5356],[0.7347,42.5403],[0.7266,42.5334],[0.7222,42.5263],[0.7234,42.5177],[0.7199,42.5128],[0.729,42.5125],[0.7393,42.5062],[0.7331,42.5044],[0.7298,42.4976],[0.7269,42.498],[0.7134,42.4872],[0.7079,42.492],[0.7005,42.4955],[0.7006,42.491],[0.6978,42.4863],[0.6899,42.4868],[0.6899,42.4837],[0.6942,42.4764],[0.709,42.4592],[0.7065,42.4493],[0.7107,42.4394],[0.7113,42.4352],[0.7192,42.429],[0.7258,42.4272],[0.7358,42.414],[0.7345,42.4079],[0.7283,42.4079],[0.7259,42.4052],[0.7343,42.4007],[0.7391,42.3961],[0.7404,42.3916],[0.7461,42.3848],[0.7431,42.3791],[0.7353,42.3762],[0.7343,42.3715],[0.7255,42.3702],[0.7233,42.3656],[0.7279,42.3634],[0.7368,42.362],[0.7461,42.3569],[0.7586,42.3572],[0.7655,42.3562],[0.7713,42.3506],[0.7633,42.3477],[0.7592,42.3484],[0.748,42.342],[0.7448,42.3376],[0.7407,42.3371],[0.7437,42.3263],[0.7491,42.3268],[0.7549,42.325],[0.7592,42.3259],[0.7646,42.3225],[0.7551,42.3134],[0.7566,42.3093],[0.7448,42.3012],[0.743,42.2897],[0.7439,42.2857],[0.7386,42.2815],[0.7397,42.2703],[0.7342,42.2512],[0.728,42.2462],[0.7241,42.2387],[0.7255,42.2364],[0.7194,42.2282],[0.7148,42.2247],[0.7168,42.2196],[0.7131,42.2144],[0.714,42.2097],[0.708,42.2037],[0.7096,42.1987],[0.7063,42.1926],[0.7026,42.1903],[0.7034,42.1856],[0.7014,42.1782],[0.6981,42.1718],[0.7011,42.1692],[0.7089,42.1665],[0.7138,42.1628],[0.7033,42.1577],[0.6955,42.1514],[0.6967,42.1421],[0.6971,42.1279],[0.7027,42.1216],[0.6998,42.1121],[0.6996,42.1051],[0.6951,42.101],[0.6944,42.0976],[0.6849,42.0919],[0.6836,42.0838],[0.679,42.0735],[0.6738,42.0682],[0.6698,42.0615],[0.6691,42.0496],[0.6722,42.0475],[0.6662,42.0413],[0.6567,42.0397],[0.6575,42.0314],[0.6518,42.0262],[0.6602,42.0095],[0.6582,42.0026],[0.6538,41.999],[0.6471,41.9967],[0.6459,41.9875],[0.6424,41.986],[0.6387,41.9946],[0.6353,41.9928],[0.6245,41.9921],[0.6168,41.9872],[0.6186,41.9838],[0.6148,41.9816],[0.611,41.9761],[0.6104,41.9679],[0.6004,41.9618],[0.5919,41.9694],[0.5863,41.9671],[0.5853,41.9622],[0.5776,41.9581],[0.5752,41.953],[0.5677,41.9468],[0.5619,41.9382],[0.5624,41.9327],[0.5757,41.9307],[0.577,41.9292],[0.6029,41.9223],[0.6031,41.9181],[0.5954,41.9184],[0.5952,41.9152],[0.601,41.9085],[0.596,41.8914],[0.5921,41.8844],[0.6083,41.8785],[0.6075,41.8718],[0.6036,41.8691],[0.5988,41.8692],[0.5843,41.8638],[0.5799,41.8636],[0.5814,41.8577],[0.5801,41.8509],[0.5577,41.8539],[0.5538,41.8514],[0.5515,41.8441],[0.5534,41.8402],[0.5513,41.8313],[0.5423,41.8201],[0.5251,41.8225],[0.5195,41.8209],[0.5155,41.8224],[0.5105,41.8206],[0.5021,41.8144],[0.4989,41.807],[0.4952,41.8045],[0.4891,41.8052],[0.4832,41.8015],[0.4818,41.7977],[0.4738,41.7872],[0.4719,41.7736],[0.4697,41.7656],[0.4645,41.7633],[0.448,41.7647],[0.4383,41.7613],[0.4304,41.7615],[0.42,41.7596],[0.408,41.7592],[0.3991,41.7564],[0.3994,41.7516],[0.3949,41.7375],[0.3954,41.732],[0.3847,41.7403],[0.3728,41.7239],[0.3692,41.7247],[0.3687,41.7142],[0.36,41.7092],[0.342,41.6965],[0.341,41.6937],[0.3288,41.682],[0.3259,41.6747],[0.3262,41.6622],[0.3329,41.6596],[0.3362,41.6541],[0.3494,41.6362],[0.3554,41.6343],[0.3538,41.6295],[0.3458,41.6219],[0.3496,41.5995],[0.392,41.5953],[0.402,41.5927],[0.4285,41.6024],[0.4333,41.5941],[0.4359,41.5849],[0.4301,41.5779],[0.4329,41.569],[0.4303,41.5652],[0.4391,41.556],[0.4448,41.5478],[0.4462,41.5429],[0.4348,41.5341],[0.4268,41.5223],[0.4174,41.5164],[0.4082,41.5024],[0.3975,41.4907],[0.3871,41.4866],[0.3708,41.4846],[0.3669,41.486],[0.3509,41.487],[0.3466,41.4881],[0.3397,41.4833],[0.3395,41.479],[0.3437,41.4703],[0.3428,41.4635],[0.3449,41.4603],[0.3526,41.4559],[0.3554,41.4525],[0.3475,41.4408],[0.3478,41.4267],[0.3418,41.4138],[0.3351,41.4065],[0.32,41.3942],[0.352,41.374],[0.3583,41.372],[0.3627,41.3649],[0.3704,41.357],[0.374,41.3515],[0.3728,41.3476],[0.3671,41.3436],[0.3598,41.3413],[0.357,41.3367],[0.3502,41.3317],[0.3485,41.3281],[0.3517,41.3243],[0.3646,41.3213],[0.3699,41.3158],[0.3687,41.3074],[0.3656,41.304],[0.3699,41.296],[0.3767,41.2876],[0.3856,41.2786],[0.3796,41.2706],[0.377,41.2607],[0.378,41.2528],[0.3735,41.2487],[0.3738,41.2452],[0.3783,41.241],[0.3797,41.2363],[0.3646,41.2387],[0.3634,41.2361],[0.3638,41.227],[0.3576,41.2256],[0.3466,41.2284],[0.3403,41.2311],[0.3322,41.223],[0.3224,41.2252],[0.3184,41.2201],[0.3172,41.2097],[0.3138,41.2051],[0.3095,41.1943],[0.3082,41.1864],[0.3056,41.1847],[0.3064,41.1788],[0.305,41.1715],[0.3005,41.1666],[0.3033,41.1644],[0.292,41.1564],[0.273,41.1488],[0.2605,41.1492],[0.256,41.1467],[0.2552,41.1416],[0.2503,41.1379],[0.2523,41.1351],[0.2499,41.1301],[0.2379,41.1298],[0.2198,41.1342],[0.2186,41.1307],[0.2033,41.1284],[0.2004,41.1242],[0.2093,41.1169],[0.2004,41.1022],[0.2014,41.0842],[0.2082,41.0828],[0.2155,41.0844],[0.2195,41.0833],[0.2192,41.0793],[0.2153,41.0777],[0.2218,41.0723],[0.2174,41.0668],[0.2197,41.0601],[0.2289,41.0588],[0.2307,41.0548],[0.2284,41.0515],[0.2193,41.0489],[0.2185,41.0428],[0.2233,41.042],[0.226,41.0463],[0.2306,41.0477],[0.2338,41.0431],[0.2298,41.04],[0.2327,41.0347],[0.2415,41.0343],[0.2503,41.0378],[0.2526,41.0326],[0.2658,41.0252],[0.2719,41.0259],[0.2791,41.0211],[0.2722,41.0193],[0.2619,41.0193],[0.2587,41.0154],[0.2644,41.0103],[0.2722,41.0087],[0.2746,41.0047],[0.2688,41.0011],[0.2689,40.9978],[0.2728,40.9928],[0.2811,40.9872],[0.2823,40.9822],[0.281,40.9762],[0.2834,40.9728],[0.2893,40.9743],[0.2934,40.9711],[0.2842,40.9647],[0.2854,40.9614],[0.2809,40.9512],[0.276,40.951],[0.272,40.9451],[0.2743,40.9366],[0.2673,40.929],[0.2605,40.9285],[0.253,40.918],[0.2543,40.9124],[0.2504,40.9115],[0.2493,40.9072],[0.2537,40.9046],[0.2492,40.9012],[0.2503,40.8955],[0.2458,40.8924],[0.2457,40.8868],[0.2386,40.8845],[0.2407,40.882],[0.2505,40.8789],[0.2555,40.8732],[0.2544,40.8662],[0.2513,40.862],[0.2513,40.8567],[0.2591,40.8455],[0.2598,40.8386],[0.2671,40.8329],[0.2682,40.8302],[0.2774,40.8236],[0.2729,40.8172],[0.2642,40.812],[0.2586,40.8045],[0.2578,40.8002],[0.2498,40.7985],[0.2444,40.7921],[0.2336,40.787],[0.2328,40.7794],[0.2351,40.7769],[0.2308,40.7738],[0.2297,40.7673],[0.2253,40.7655],[0.2121,40.7676],[0.209,40.7634],[0.2014,40.7576],[0.1958,40.7581],[0.1906,40.7517],[0.1778,40.7549],[0.1741,40.7481],[0.1747,40.7412],[0.1668,40.7452],[0.1641,40.74],[0.1705,40.7329],[0.1822,40.7281],[0.1907,40.731],[0.197,40.7249],[0.2062,40.7268],[0.2152,40.7319],[0.2255,40.7318],[0.2246,40.7256],[0.2273,40.7158],[0.2396,40.7009],[0.2433,40.7001],[0.2515,40.7049],[0.2625,40.7059],[0.2706,40.7028],[0.2767,40.6942],[0.2813,40.6936],[0.2923,40.6872],[0.2923,40.6847],[0.2824,40.6721],[0.2752,40.6701],[0.2677,40.6582],[0.2694,40.6479],[0.2656,40.6452],[0.2706,40.6398],[0.2761,40.6367],[0.279,40.6298],[0.2919,40.6232],[0.2981,40.6259],[0.3,40.6233],[0.3158,40.614],[0.3446,40.6076],[0.3538,40.6079],[0.3602,40.606],[0.3892,40.6066],[0.3951,40.6025],[0.402,40.6024],[0.4053,40.598],[0.4046,40.5948],[0.4151,40.5896],[0.4202,40.5855],[0.4307,40.5797],[0.4411,40.5793],[0.4375,40.5693],[0.4334,40.5654],[0.4361,40.5588],[0.4358,40.5498],[0.4386,40.5467],[0.4462,40.5449],[0.4474,40.5423],[0.4553,40.5408],[0.4604,40.5375],[0.481,40.5322],[0.487,40.5292],[0.4995,40.5276],[0.5147,40.523]]],[[[1.9721,42.4845],[1.9705,42.4805],[1.9631,42.4787],[1.958,42.4643],[1.9566,42.4579],[1.9598,42.4533],[1.9692,42.4519],[1.9839,42.4467],[2.003,42.447],[2.0128,42.4484],[2.0144,42.4518],[2.0105,42.4559],[2.0065,42.4566],[1.9918,42.4626],[1.9921,42.4656],[1.9874,42.4696],[1.9863,42.4755],[1.9894,42.4774],[1.9927,42.4843],[1.9984,42.4853],[1.9896,42.4937],[1.9785,42.4946],[1.9781,42.486],[1.9721,42.4845]]]]},"properties":{"CodINE":"09","NAMEUNIT":"Cataluña/Catalunya"}},
{"type":"Feature","geometry":{"type":"MultiPolygon","coordinates":[[[[-0.7623,37.8466],[-0.762,37.8627],[-0.7608,37.8661],[-0.7543,37.8726],[-0.7535,37.8823],[-0.7504,37.8976],[-0.741,37.9091],[-0.7362,37.9089],[-0.7324,37.9126],[-0.7279,37.9136],[-0.7222,37.9104],[-0.7195,37.9121],[-0.7222,37.9206],[-0.721,37.9274],[-0.7176,37.9372],[-0.71,37.9419],[-0.7054,37.9412],[-0.7036,37.955],[-0.7009,37.9625],[-0.6965,37.9697],[-0.6903,37.9745],[-0.6858,37.9757],[-0.6795,37.9728],[-0.6642,37.978],[-0.6604,37.9833],[-0.6573,37.9831],[-0.6545,37.9881],[-0.6555,37.9916],[-0.6474,38.0043],[-0.6523,38.0088],[-0.6528,38.0254],[-0.6509,38.0527],[-0.6474,38.0767],[-0.6461,38.0908],[-0.644,38.1025],[-0.6413,38.1118],[-0.6382,38.132],[-0.6331,38.1451],[-0.6202,38.1629],[-0.6156,38.1716],[-0.6107,38.1772],[-0.5974,38.1869],[-0.5791,38.1909],[-0.5617,38.1911],[-0.552,38.1892],[-0.5377,38.1883],[-0.5241,38.1914],[-0.5172,38.1946],[-0.5097,38.2025],[-0.5071,38.2126],[-0.5074,38.2184],[-0.5104,38.2246],[-0.5133,38.2347],[-0.5187,38.2676],[-0.52,38.2912],[-0.5167,38.3109],[-0.5106,38.3259],[-0.5054,38.3328],[-0.4977,38.3326],[-0.4855,38.3378],[-0.4851,38.3418],[-0.4771,38.3447],[-0.4741,38.348],[-0.4662,38.3507],[-0.4627,38.3544],[-0.4514,38.3587],[-0.4462,38.3627],[-0.4342,38.3599],[-0.4338,38.3559],[-0.4261,38.3536],[-0.4043,38.3524],[-0.409,38.3589],[-0.4092,38.3702],[-0.4079,38.3857],[-0.4054,38.3985],[-0.4011,38.4111],[-0.3907,38.4163],[-0.3911,38.4211],[-0.3889,38.4278],[-0.3841,38.4315],[-0.3816,38.4362],[-0.375,38.443],[-0.3563,38.4489],[-0.3538,38.4522],[-0.3489,38.4535],[-0.3271,38.4673],[-0.3194,38.4711],[-0.3137,38.4757],[-0.3023,38.4822],[-0.2862,38.4887],[-0.2723,38.4917],[-0.2674,38.4948],[-0.2597,38.4958],[-0.2492,38.4991],[-0.2445,38.4986],[-0.2327,38.5015],[-0.2229,38.5083],[-0.2135,38.5087],[-0.2102,38.5112],[-0.1981,38.5149],[-0.1917,38.5159],[-0.1875,38.5143],[-0.1822,38.5159],[-0.172,38.5162],[-0.1676,38.524],[-0.1621,38.5271],[-0.1538,38.5343],[-0.1438,38.5363],[-0.1355,38.5361],[-0.1316,38.5342],[-0.1228,38.5352],[-0.1108,38.5339],[-0.1089,38.5289],[-0.0967,38.524],[-0.0862,38.5333],[-0.0762,38.5375],[-0.0699,38.5425],[-0.0643,38.5506],[-0.0576,38.553],[-0.056,38.5582],[-0.0487,38.5636],[-0.0504,38.5661],[-0.0615,38.5699],[-0.0642,38.5729],[-0.0617,38.582],[-0.0564,38.5901],[-0.0445,38.6015],[-0.0415,38.6032],[-0.0315,38.6163],[-0.0242,38.6202],[-0.016,38.6266],[-0.0065,38.6303],[0.0083,38.6303],[0.0107,38.6319],[0.0283,38.6259],[0.0304,38.6308],[0.0356,38.6364],[0.0459,38.6408],[0.0564,38.6415],[0.071,38.639],[0.0714,38.6333],[0.0771,38.6359],[0.0733,38.6435],[0.0778,38.6533],[0.0881,38.6644],[0.094,38.6695],[0.1018,38.6741],[0.1155,38.6749],[0.121,38.6819],[0.1253,38.685],[0.1369,38.6872],[0.1472,38.6871],[0.1471,38.6803],[0.1522,38.6822],[0.1547,38.6864],[0.1574,38.6983],[0.1648,38.7045],[0.1675,38.7106],[0.1764,38.7134],[0.1886,38.723],[0.1993,38.7255],[0.1963,38.7291],[0.2066,38.7326],[0.2126,38.7317],[0.2144,38.7287],[0.2258,38.7324],[0.2306,38.7316],[0.234,38.7394],[0.2329,38.7456],[0.2257,38.7448],[0.2219,38.7591],[0.2161,38.7616],[0.2091,38.7608],[0.1937,38.7728],[0.1839,38.7855],[0.182,38.7934],[0.185,38.7985],[0.191,38.8001],[0.1968,38.7997],[0.1991,38.8021],[0.1913,38.808],[0.1793,38.8128],[0.174,38.8136],[0.1681,38.8177],[0.1607,38.8208],[0.1554,38.8273],[0.1507,38.8279],[0.1477,38.8312],[0.1335,38.8344],[0.1251,38.8332],[0.1096,38.8454],[0.0989,38.8521],[0.0889,38.8557],[0.0782,38.8566],[0.0548,38.8631],[0.0485,38.8634],[0.0429,38.86],[0.0323,38.8606],[0.0199,38.8651],[0.0156,38.8637],[-0.0135,38.8714],[-0.0246,38.8774],[-0.0461,38.8928],[-0.0742,38.9142],[-0.1071,38.9421],[-0.1353,38.9701],[-0.143,38.9785],[-0.1522,38.9909],[-0.1496,38.9921],[-0.1557,38.9982],[-0.1805,39.0299],[-0.1974,39.0552],[-0.2099,39.0783],[-0.2289,39.1211],[-0.2314,39.1251],[-0.2386,39.1432],[-0.2409,39.1671],[-0.2383,39.1767],[-0.2349,39.1799],[-0.2248,39.1805],[-0.2189,39.182],[-0.2235,39.1915],[-0.2337,39.2084],[-0.2422,39.2211],[-0.256,39.2446],[-0.261,39.2555],[-0.2888,39.3023],[-0.3049,39.3345],[-0.312,39.3508],[-0.3211,39.3735],[-0.3259,39.3884],[-0.332,39.4099],[-0.3337,39.4181],[-0.3293,39.4278],[-0.3157,39.423],[-0.3126,39.4233],[-0.3092,39.4297],[-0.3149,39.4302],[-0.3303,39.4352],[-0.328,39.4401],[-0.3201,39.4383],[-0.3186,39.4441],[-0.3251,39.4463],[-0.3265,39.4556],[-0.3231,39.4583],[-0.3145,39.4462],[-0.305,39.4445],[-0.302,39.4493],[-0.3096,39.4509],[-0.3109,39.4531],[-0.3085,39.4599],[-0.3149,39.4573],[-0.3199,39.463],[-0.3228,39.4763],[-0.3236,39.4923],[-0.3232,39.5001],[-0.316,39.5234],[-0.3078,39.5356],[-0.2961,39.5495],[-0.2853,39.5588],[-0.2761,39.573],[-0.2723,39.5826],[-0.2712,39.5896],[-0.2682,39.5959],[-0.2663,39.6039],[-0.2612,39.6128],[-0.2553,39.6202],[-0.2468,39.6285],[-0.237,39.6366],[-0.2301,39.6387],[-0.2276,39.6348],[-0.2156,39.6292],[-0.2122,39.6335],[-0.224,39.6395],[-0.2198,39.6456],[-0.2134,39.6426],[-0.2136,39.6476],[-0.2194,39.6504],[-0.2158,39.6552],[-0.2099,39.6527],[-0.2079,39.6631],[-0.2018,39.6761],[-0.1982,39.6975],[-0.1889,39.7215],[-0.1814,39.7345],[-0.1682,39.7518],[-0.154,39.7684],[-0.1436,39.7822],[-0.1414,39.7865],[-0.1367,39.7893],[-0.1295,39.7999],[-0.1208,39.8148],[-0.1175,39.8173],[-0.106,39.8308],[-0.102,39.834],[-0.0979,39.8416],[-0.0864,39.8564],[-0.0792,39.8619],[-0.0707,39.8644],[-0.0664,39.8606],[-0.0579,39.8732],[-0.0441,39.8844],[-0.0328,39.8952],[-0.0239,39.9016],[-0.0129,39.9067],[-0.0057,39.9154],[0.0007,39.9352],[0.0026,39.937],[0.0022,39.9463],[0.0047,39.95],[0.014,39.9479],[0.0148,39.9588],[0.0103,39.9598],[0.014,39.9699],[0.0172,39.9744],[0.0235,39.9717],[0.0284,39.9671],[0.0266,39.9604],[0.0293,39.9598],[0.0323,39.9687],[0.0245,39.9779],[0.0269,39.9882],[0.0355,40.0109],[0.041,40.0167],[0.0466,40.0308],[0.0534,40.0382],[0.0645,40.0434],[0.085,40.0568],[0.0986,40.056],[0.109,40.0577],[0.1153,40.0616],[0.1207,40.0622],[0.1334,40.0736],[0.1335,40.0774],[0.1385,40.082],[0.1476,40.0829],[0.1466,40.0871],[0.1498,40.1009],[0.1535,40.1066],[0.1584,40.1193],[0.1655,40.1331],[0.1822,40.16],[0.1905,40.1704],[0.2022,40.1817],[0.21,40.1841],[0.2184,40.1904],[0.231,40.198],[0.2437,40.2015],[0.2546,40.2031],[0.2637,40.2083],[0.2716,40.2272],[0.2756,40.2393],[0.2791,40.2448],[0.2829,40.2458],[0.2872,40.2525],[0.296,40.2585],[0.3057,40.2613],[0.3128,40.2698],[0.3177,40.2709],[0.3298,40.2795],[0.3353,40.2917],[0.3453,40.2958],[0.3508,40.3003],[0.354,40.3123],[0.3629,40.3199],[0.3646,40.3241],[0.3755,40.3329],[0.3852,40.339],[0.3882,40.3425],[0.392,40.3515],[0.397,40.3535],[0.4036,40.363],[0.4099,40.3847],[0.4186,40.4015],[0.4238,40.4065],[0.4322,40.4122],[0.4363,40.4172],[0.4411,40.4287],[0.4502,40.4408],[0.4532,40.4421],[0.4664,40.4601],[0.4771,40.4674],[0.4835,40.4739],[0.4881,40.4841],[0.4939,40.4894],[0.4989,40.498],[0.5061,40.5057],[0.5056,40.508],[0.5125,40.5172],[0.5147,40.523],[0.4995,40.5276],[0.487,40.5292],[0.481,40.5322],[0.4604,40.5375],[0.4553,40.5408],[0.4474,40.5423],[0.4462,40.5449],[0.4386,40.5467],[0.4358,40.5498],[0.4361,40.5588],[0.4334,40.5654],[0.4375,40.5693],[0.4411,40.5793],[0.4307,40.5797],[0.4202,40.5855],[0.4151,40.5896],[0.4046,40.5948],[0.4053,40.598],[0.402,40.6024],[0.3951,40.6025],[0.3892,40.6066],[0.3602,40.606],[0.3538,40.6079],[0.3446,40.6076],[0.3158,40.614],[0.3,40.6233],[0.2981,40.6259],[0.2919,40.6232],[0.279,40.6298],[0.2761,40.6367],[0.2706,40.6398],[0.2656,40.6452],[0.2694,40.6479],[0.2677,40.6582],[0.2752,40.6701],[0.2824,40.6721],[0.2923,40.6847],[0.2923,40.6872],[0.2813,40.6936],[0.2767,40.6942],[0.2706,40.7028],[0.2625,40.7059],[0.2515,40.7049],[0.2433,40.7001],[0.2396,40.7009],[0.2273,40.7158],[0.2246,40.7256],[0.2255,40.7318],[0.2152,40.7319],[0.2062,40.7268],[0.197,40.7249],[0.1907,40.731],[0.1822,40.7281],[0.1705,40.7329],[0.1647,40.7277],[0.1618,40.7226],[0.1439,40.7183],[0.1238,40.7208],[0.1125,40.7271],[0.0727,40.7143],[0.0422,40.691],[0.0372,40.6933],[0.0264,40.695],[0.0268,40.7004],[0.0242,40.7023],[0.0245,40.7073],[0.0284,40.7132],[0.0161,40.7233],[0.0152,40.7286],[-0.0029,40.7307],[-0.0092,40.7299],[-0.0177,40.7312],[-0.0226,40.7302],[-0.032,40.7224],[-0.0489,40.7273],[-0.0647,40.7274],[-0.0799,40.7333],[-0.0859,40.7379],[-0.0929,40.7392],[-0.096,40.7418],[-0.1038,40.7426],[-0.1103,40.7448],[-0.1129,40.7483],[-0.1268,40.7533],[-0.1331,40.758],[-0.1356,40.7635],[-0.1422,40.7671],[-0.1472,40.7751],[-0.1447,40.7824],[-0.1453,40.7859],[-0.165,40.7886],[-0.1705,40.7863],[-0.1826,40.7848],[-0.1972,40.7845],[-0.2013,40.7798],[-0.2008,40.7772],[-0.2105,40.7674],[-0.2128,40.7583],[-0.224,40.7542],[-0.227,40.748],[-0.2267,40.7441],[-0.2305,40.7385],[-0.2321,40.7273],[-0.2374,40.7234],[-0.2394,40.7175],[-0.2355,40.709],[-0.2336,40.7086],[-0.2375,40.6979],[-0.236,40.6911],[-0.2504,40.6908],[-0.2636,40.6841],[-0.2677,40.684],[-0.2794,40.6799],[-0.2813,40.6774],[-0.2903,40.6723],[-0.2936,40.674],[-0.2991,40.6676],[-0.3073,40.662],[-0.3166,40.6633],[-0.3204,40.6684],[-0.3221,40.6777],[-0.3288,40.6803],[-0.3464,40.6793],[-0.3562,40.6777],[-0.359,40.6756],[-0.3705,40.6723],[-0.3738,40.6682],[-0.378,40.6675],[-0.3815,40.6616],[-0.3794,40.657],[-0.371,40.6511],[-0.3712,40.6435],[-0.3764,40.6364],[-0.3797,40.6235],[-0.3776,40.6189],[-0.3705,40.6136],[-0.3603,40.6155],[-0.344,40.6112],[-0.3433,40.6065],[-0.3377,40.6073],[-0.3291,40.6056],[-0.3221,40.6028],[-0.3185,40.6074],[-0.3116,40.6115],[-0.2945,40.6122],[-0.2924,40.6044],[-0.295,40.6001],[-0.2935,40.5915],[-0.2953,40.581],[-0.2991,40.5784],[-0.2991,40.5732],[-0.295,40.5704],[-0.2961,40.5605],[-0.2905,40.5521],[-0.2926,40.5466],[-0.2901,40.544],[-0.2917,40.5395],[-0.2975,40.5313],[-0.3016,40.5174],[-0.2977,40.5058],[-0.2906,40.5076],[-0.2848,40.5072],[-0.2776,40.5015],[-0.2745,40.4966],[-0.2753,40.493],[-0.2796,40.4882],[-0.2778,40.4825],[-0.2714,40.4785],[-0.282,40.4738],[-0.2848,40.4707],[-0.2954,40.4704],[-0.2934,40.4671],[-0.3091,40.4657],[-0.3225,40.4601],[-0.3306,40.4597],[-0.3371,40.4565],[-0.3389,40.4489],[-0.3429,40.4466],[-0.3444,40.4415],[-0.3412,40.4382],[-0.3328,40.4255],[-0.3279,40.4217],[-0.3167,40.4172],[-0.3072,40.4092],[-0.3015,40.3977],[-0.2854,40.3865],[-0.2803,40.374],[-0.2839,40.369],[-0.2897,40.368],[-0.299,40.3615],[-0.3041,40.3627],[-0.3087,40.3576],[-0.3144,40.3583],[-0.3189,40.355],[-0.324,40.3479],[-0.3316,40.3448],[-0.3322,40.3418],[-0.3406,40.34],[-0.3431,40.3343],[-0.3414,40.3281],[-0.3468,40.3254],[-0.3486,40.3204],[-0.3582,40.3129],[-0.3647,40.3137],[-0.3699,40.3102],[-0.3676,40.307],[-0.372,40.3042],[-0.3765,40.305],[-0.379,40.31],[-0.3914,40.3022],[-0.39,40.2999],[-0.3996,40.2962],[-0.3882,40.2855],[-0.3829,40.2785],[-0.3847,40.2689],[-0.384,40.2645],[-0.3885,40.2616],[-0.4281,40.2438],[-0.4347,40.2424],[-0.4518,40.2353],[-0.4616,40.2344],[-0.4714,40.2384],[-0.4773,40.2353],[-0.4866,40.2342],[-0.4945,40.2287],[-0.5016,40.2332],[-0.5106,40.2318],[-0.5259,40.2373],[-0.5312,40.2408],[-0.5442,40.2517],[-0.5479,40.2443],[-0.5576,40.2127],[-0.5591,40.2101],[-0.5579,40.2008],[-0.561,40.1974],[-0.5637,40.1886],[-0.5722,40.1815],[-0.5713,40.1759],[-0.574,40.173],[-0.5697,40.1628],[-0.5709,40.1552],[-0.579,40.1479],[-0.5797,40.1388],[-0.587,40.1314],[-0.5905,40.1336],[-0.5968,40.1323],[-0.5981,40.129],[-0.604,40.1267],[-0.6074,40.128],[-0.6275,40.1046],[-0.6287,40.1021],[-0.6184,40.0821],[-0.6142,40.0714],[-0.6187,40.0684],[-0.6232,40.0696],[-0.6229,40.0749],[-0.6272,40.0762],[-0.6366,40.0675],[-0.6462,40.0675],[-0.6508,40.0624],[-0.6641,40.0514],[-0.6836,40.0442],[-0.7029,40.0466],[-0.7091,40.0447],[-0.7189,40.0387],[-0.7315,40.0416],[-0.7481,40.0384],[-0.7536,40.0466],[-0.7623,40.0413],[-0.7629,40.0303],[-0.7654,40.0268],[-0.7648,40.0225],[-0.7678,40.0092],[-0.7754,40.0031],[-0.7795,39.9979],[-0.7902,39.9898],[-0.8001,39.9913],[-0.8085,39.988],[-0.8096,39.9856],[-0.817,39.9822],[-0.8243,39.9823],[-0.8348,39.9793],[-0.8378,39.9768],[-0.8381,39.9723],[-0.8414,39.9691],[-0.8361,39.9628],[-0.8392,39.9555],[-0.8442,39.954],[-0.8463,39.9477],[-0.8398,39.9421],[-0.8368,39.9333],[-0.8376,39.9236],[-0.8334,39.9177],[-0.8329,39.911],[-0.83,39.9068],[-0.8179,39.8988],[-0.8133,39.8982],[-0.8046,39.8921],[-0.8019,39.8851],[-0.7977,39.8811],[-0.807,39.8779],[-0.8143,39.8738],[-0.8281,39.8714],[-0.839,39.8624],[-0.8487,39.8572],[-0.8565,39.8555],[-0.858,39.8505],[-0.8674,39.8468],[-0.874,39.8483],[-0.8793,39.8523],[-0.8886,39.8521],[-0.9102,39.8681],[-0.9126,39.8742],[-0.9086,39.8805],[-0.9081,39.886],[-0.9002,39.8918],[-0.9026,39.8968],[-0.9076,39.9004],[-0.9121,39.9101],[-0.9138,39.918],[-0.9076,39.928],[-0.9027,39.9318],[-0.9049,39.9404],[-0.9103,39.9492],[-0.9172,39.9549],[-0.916,39.9587],[-0.9205,39.9644],[-0.9242,39.9598],[-0.9319,39.9561],[-0.9353,39.9602],[-0.9455,39.9634],[-0.9492,39.9673],[-0.9532,39.9673],[-0.9673,39.974],[-0.9779,39.9761],[-0.9879,39.9813],[-0.9991,39.9801],[-1.0025,39.9818],[-1.0257,39.9746],[-1.0446,39.9785],[-1.0576,39.9805],[-1.0728,39.9795],[-1.0859,39.9763],[-1.0921,39.9678],[-1.1005,39.9734],[-1.105,39.975],[-1.1098,39.969],[-1.1127,39.9731],[-1.1269,39.963],[-1.1299,39.9696],[-1.137,39.9721],[-1.1424,39.9718],[-1.1528,39.9644],[-1.1916,39.9526],[-1.204,39.9493],[-1.2082,39.9438],[-1.2068,39.9402],[-1.2097,39.9345],[-1.209,39.9282],[-1.2005,39.9229],[-1.1959,39.9135],[-1.1982,39.9088],[-1.1998,39.8929],[-1.2,39.8594],[-1.202,39.8536],[-1.2061,39.8486],[-1.2109,39.8382],[-1.2117,39.8203],[-1.2169,39.8144],[-1.215,39.8088],[-1.2212,39.8032],[-1.2281,39.7914],[-1.2341,39.7828],[-1.2492,39.7725],[-1.2608,39.7583],[-1.267,39.749],[-1.2754,39.7386],[-1.2751,39.7352],[-1.271,39.7312],[-1.2722,39.7185],[-1.2714,39.7135],[-1.262,39.6989],[-1.2721,39.686],[-1.2796,39.6779],[-1.292,39.6725],[-1.3128,39.6705],[-1.3258,39.6731],[-1.3427,39.6816],[-1.3583,39.6858],[-1.3685,39.6896],[-1.385,39.6788],[-1.3987,39.669],[-1.404,39.666],[-1.4179,39.6549],[-1.4365,39.6288],[-1.4457,39.6112],[-1.453,39.5915],[-1.4621,39.5766],[-1.4768,39.5691],[-1.4835,39.5692],[-1.5044,39.5639],[-1.5013,39.5598],[-1.5036,39.5519],[-1.5178,39.5514],[-1.5104,39.5455],[-1.5026,39.5456],[-1.5061,39.5404],[-1.501,39.5344],[-1.506,39.5315],[-1.5037,39.5274],[-1.5068,39.5204],[-1.5016,39.5149],[-1.5072,39.5129],[-1.5072,39.5079],[-1.4992,39.5001],[-1.5006,39.4953],[-1.505,39.4918],[-1.511,39.4965],[-1.511,39.4857],[-1.5083,39.4778],[-1.513,39.4712],[-1.513,39.459],[-1.518,39.456],[-1.5237,39.4579],[-1.5289,39.4553],[-1.5267,39.4506],[-1.5182,39.448],[-1.5245,39.4431],[-1.5201,39.4396],[-1.5215,39.4324],[-1.514,39.4284],[-1.513,39.4345],[-1.5089,39.4333],[-1.506,39.4284],[-1.4978,39.4293],[-1.5055,39.4184],[-1.4966,39.4153],[-1.4941,39.4196],[-1.4847,39.4231],[-1.482,39.4202],[-1.4886,39.4171],[-1.4872,39.4126],[-1.4898,39.4068],[-1.4869,39.4003],[-1.4818,39.4014],[-1.4765,39.408],[-1.47,39.4078],[-1.4662,39.4015],[-1.4746,39.3987],[-1.4768,39.3948],[-1.4735,39.3914],[-1.4672,39.3903],[-1.4617,39.4003],[-1.454,39.4003],[-1.4518,39.3979],[-1.4538,39.3933],[-1.4534,39.386],[-1.4561,39.3831],[-1.4612,39.3871],[-1.4674,39.383],[-1.4633,39.3795],[-1.4565,39.3801],[-1.4485,39.3787],[-1.4515,39.3723],[-1.4486,39.3663],[-1.4553,39.3625],[-1.4449,39.3617],[-1.4428,39.367],[-1.4317,39.3774],[-1.428,39.3752],[-1.428,39.3706],[-1.4315,39.3661],[-1.4283,39.3629],[-1.4225,39.3649],[-1.4224,39.3743],[-1.425,39.3788],[-1.422,39.3818],[-1.4127,39.3804],[-1.4063,39.3718],[-1.4015,39.3766],[-1.3959,39.373],[-1.3988,39.3696],[-1.4079,39.3697],[-1.4062,39.3657],[-1.3989,39.364],[-1.394,39.3672],[-1.3884,39.3677],[-1.3831,39.3655],[-1.3819,39.3592],[-1.3843,39.3537],[-1.373,39.3556],[-1.3659,39.3551],[-1.356,39.3431],[-1.3514,39.3396],[-1.3439,39.3403],[-1.3386,39.3376],[-1.3363,39.3338],[-1.3282,39.3412],[-1.3228,39.3386],[-1.3187,39.3422],[-1.3119,39.3427],[-1.3076,39.3392],[-1.2988,39.3369],[-1.3016,39.3331],[-1.2968,39.3301],[-1.2927,39.334],[-1.2856,39.3318],[-1.2819,39.3283],[-1.2787,39.3324],[-1.2677,39.3282],[-1.2638,39.3298],[-1.2553,39.3272],[-1.2524,39.3231],[-1.2392,39.3223],[-1.2286,39.3195],[-1.2236,39.3161],[-1.2154,39.3191],[-1.2097,39.3263],[-1.2064,39.326],[-1.2022,39.3211],[-1.2019,39.3177],[-1.1962,39.3139],[-1.1925,39.3165],[-1.1836,39.3141],[-1.1696,39.3133],[-1.1646,39.3101],[-1.1619,39.3056],[-1.1673,39.2925],[-1.1748,39.2793],[-1.1745,39.2684],[-1.176,39.2655],[-1.1769,39.2467],[-1.1758,39.2385],[-1.1764,39.2302],[-1.1808,39.2118],[-1.1875,39.2031],[-1.192,39.1947],[-1.1945,39.1804],[-1.2029,39.1701],[-1.2105,39.1622],[-1.227,39.1517],[-1.2308,39.1374],[-1.2405,39.1137],[-1.2557,39.1062],[-1.2558,39.084],[-1.2657,39.0755],[-1.2638,39.0683],[-1.2668,39.051],[-1.2639,39.0451],[-1.2593,39.0413],[-1.252,39.0395],[-1.2395,39.0306],[-1.2265,39.0247],[-1.2086,39.0051],[-1.2018,38.993],[-1.1933,38.9882],[-1.1869,38.9804],[-1.1748,38.9677],[-1.1609,38.9548],[-1.1562,38.9449],[-1.1467,38.9294],[-1.1383,38.9276],[-1.1299,38.9294],[-1.1059,38.9285],[-1.0922,38.9312],[-1.0699,38.934],[-1.0542,38.9345],[-1.0426,38.9368],[-1.0363,38.9343],[-1.0264,38.9357],[-1.013,38.9394],[-1.0071,38.9461],[-0.9988,38.9494],[-0.9878,38.9477],[-0.9773,38.9428],[-0.9594,38.9446],[-0.9575,38.9331],[-0.9586,38.9282],[-0.9534,38.9195],[-0.9505,38.9115],[-0.9467,38.9083],[-0.9409,38.8996],[-0.9245,38.8918],[-0.9276,38.8849],[-0.9319,38.8797],[-0.9326,38.8679],[-0.9307,38.8636],[-0.9357,38.8559],[-0.9323,38.8416],[-0.9312,38.8298],[-0.9249,38.8234],[-0.9278,38.8157],[-0.9328,38.8113],[-0.9338,38.794],[-0.929,38.7868],[-0.9289,38.7838],[-0.95,38.7761],[-0.9614,38.7748],[-0.9557,38.7579],[-0.9468,38.7413],[-0.9459,38.7367],[-0.9399,38.7322],[-0.938,38.7259],[-0.9351,38.7236],[-0.9277,38.7131],[-0.9275,38.7068],[-0.9158,38.696],[-0.93,38.6799],[-0.9399,38.6722],[-0.9625,38.6569],[-0.9703,38.6558],[-0.9915,38.6551],[-1.0091,38.6583],[-1.0261,38.6557],[-1.024,38.6401],[-1.016,38.6351],[-1.012,38.6062],[-1.0062,38.5866],[-1.0015,38.5726],[-1.0092,38.5587],[-1.0159,38.5371],[-1.026,38.5228],[-1.0205,38.5111],[-1.0177,38.5025],[-1.014,38.4967],[-1.0345,38.4745],[-1.0594,38.4558],[-1.082,38.4412],[-1.0941,38.438],[-1.0772,38.4315],[-1.0854,38.4292],[-1.088,38.4017],[-1.0867,38.3979],[-1.0878,38.3886],[-1.0881,38.3678],[-1.0843,38.3462],[-1.0586,38.3455],[-1.0282,38.3385],[-1.0109,38.3315],[-0.989,38.3207],[-0.9847,38.3073],[-0.9716,38.2902],[-0.9677,38.2757],[-0.968,38.2558],[-0.9777,38.2383],[-0.9874,38.2066],[-0.9889,38.1993],[-0.9938,38.1906],[-0.9989,38.1841],[-1.0049,38.1722],[-1.0091,38.1666],[-1.0271,38.1463],[-1.0367,38.1377],[-1.0307,38.1157],[-1.0303,38.0971],[-1.0266,38.0902],[-1.0226,38.0757],[-1.0175,38.0677],[-1.0073,38.0551],[-0.9984,38.0517],[-0.9809,38.0296],[-0.9657,38.0127],[-0.9584,37.9999],[-0.9485,37.9854],[-0.9354,37.9694],[-0.9212,37.9442],[-0.9002,37.9231],[-0.8572,37.8852],[-0.8542,37.8843],[-0.8371,37.8692],[-0.8294,37.864],[-0.8038,37.8593],[-0.7978,37.8531],[-0.7876,37.8467],[-0.7812,37.8447],[-0.7701,37.8441],[-0.7623,37.8466]]],[[[-1.4489,40.1453],[-1.4572,40.1351],[-1.4562,40.131],[-1.4428,40.118],[-1.4293,40.1136],[-1.4195,40.108],[-1.4102,40.1045],[-1.4076,40.1014],[-1.4203,40.0935],[-1.4142,40.0882],[-1.4131,40.0812],[-1.4041,40.0714],[-1.3984,40.0632],[-1.3937,40.0531],[-1.3831,40.039],[-1.3813,40.0272],[-1.3769,40.0165],[-1.3643,40.0122],[-1.359,40.0123],[-1.3501,40.0151],[-1.3358,40.0167],[-1.3283,40.0134],[-1.308,40.0105],[-1.2864,40.0082],[-1.2748,40.0037],[-1.2642,39.9985],[-1.2572,39.9963],[-1.2468,39.9952],[-1.2367,39.9981],[-1.2166,40.0016],[-1.2071,40.0018],[-1.1995,40.0034],[-1.1917,40.0023],[-1.1729,40.0108],[-1.1652,40.0101],[-1.1534,40.0126],[-1.1463,40.0167],[-1.1362,40.0151],[-1.1167,40.0238],[-1.1035,40.0281],[-1.0979,40.0327],[-1.0842,40.0362],[-1.0766,40.0478],[-1.0717,40.0516],[-1.0721,40.0605],[-1.0752,40.0621],[-1.0812,40.0698],[-1.0881,40.076],[-1.1119,40.0928],[-1.1179,40.0929],[-1.1234,40.0958],[-1.1336,40.0977],[-1.1356,40.1041],[-1.144,40.1086],[-1.148,40.1145],[-1.1578,40.1153],[-1.1738,40.1131],[-1.1861,40.1126],[-1.1915,40.1107],[-1.2073,40.1101],[-1.2227,40.1158],[-1.2371,40.1136],[-1.2455,40.1167],[-1.2502,40.1226],[-1.2457,40.1292],[-1.2488,40.1356],[-1.2462,40.1386],[-1.2455,40.1471],[-1.2524,40.1433],[-1.2683,40.1566],[-1.2765,40.1622],[-1.2765,40.1669],[-1.2843,40.1715],[-1.287,40.1819],[-1.2967,40.1992],[-1.2931,40.2069],[-1.2965,40.2107],[-1.3008,40.2064],[-1.311,40.2039],[-1.317,40.1991],[-1.318,40.1944],[-1.323,40.1849],[-1.3226,40.1716],[-1.3173,40.1641],[-1.3195,40.1562],[-1.3166,40.1497],[-1.3197,40.1464],[-1.3361,40.1422],[-1.3399,40.1389],[-1.3474,40.1355],[-1.3546,40.1295],[-1.3617,40.1296],[-1.3645,40.1334],[-1.3637,40.1386],[-1.3713,40.1386],[-1.3777,40.1402],[-1.3849,40.1382],[-1.3913,40.1345],[-1.3972,40.1352],[-1.4046,40.1392],[-1.4217,40.1423],[-1.4333,40.1395],[-1.4489,40.1453]]]]},"properties":{"CodINE":"10","NAMEUNIT":"Comunitat Valenciana"}},
{"type":"Feature","geometry":{"type":"Polygon","coordinates":[[[-6.9317,38.2083],[-6.9233,38.2006],[-6.9135,38.1998],[-6.9015,38.2013],[-6.8925,38.1954],[-6.8833,38.1935],[-6.8717,38.1866],[-6.8581,38.1799],[-6.8484,38.1772],[-6.8224,38.1738],[-6.8114,38.1761],[-6.8057,38.1787],[-6.7951,38.1785],[-6.7928,38.1729],[-6.7943,38.1599],[-6.7989,38.1552],[-6.7995,38.1438],[-6.8085,38.1355],[-6.8158,38.1201],[-6.8091,38.1117],[-6.8053,38.1115],[-6.8,38.1148],[-6.7975,38.1111],[-6.7892,38.1092],[-6.7833,38.1119],[-6.7788,38.1095],[-6.7743,38.1127],[-6.7701,38.1121],[-6.7721,38.1033],[-6.7664,38.1059],[-6.7584,38.0929],[-6.7542,38.0949],[-6.7477,38.0915],[-6.7422,38.0933],[-6.7332,38.09],[-6.7343,38.0948],[-6.729,38.0998],[-6.7242,38.0969],[-6.7207,38.1004],[-6.717,38.0999],[-6.7158,38.0929],[-6.7075,38.0964],[-6.6958,38.0947],[-6.6865,38.0978],[-6.6804,38.0975],[-6.6604,38.0924],[-6.653,38.0965],[-6.6493,38.09],[-6.6466,38.091],[-6.6435,38.0966],[-6.6319,38.0966],[-6.6279,38.0984],[-6.6221,38.097],[-6.6125,38.0859],[-6.6074,38.0834],[-6.6042,38.0773],[-6.5995,38.0749],[-6.5943,38.0669],[-6.5884,38.062],[-6.5874,38.0591],[-6.5805,38.0528],[-6.5845,38.0442],[-6.5838,38.0342],[-6.5872,38.0268],[-6.5823,38.0208],[-6.5722,38.0202],[-6.5715,38.0241],[-6.5652,38.027],[-6.5555,38.0266],[-6.5457,38.0281],[-6.5282,38.0222],[-6.4947,38.019],[-6.4956,38.0152],[-6.4917,38.0095],[-6.484,38.008],[-6.4807,38.0095],[-6.4659,38.0108],[-6.4647,38.0138],[-6.4726,38.0165],[-6.4739,38.0244],[-6.4659,38.0353],[-6.4609,38.0357],[-6.4523,38.0429],[-6.4476,38.0437],[-6.4436,38.047],[-6.4524,38.056],[-6.4443,38.0596],[-6.4362,38.0575],[-6.4186,38.0592],[-6.4139,38.0586],[-6.4023,38.0525],[-6.3901,38.0484],[-6.3846,38.0481],[-6.373,38.0497],[-6.3672,38.0489],[-6.363,38.0431],[-6.3582,38.0282],[-6.3591,38.0167],[-6.3549,38.0098],[-6.347,38.0028],[-6.3405,37.9998],[-6.3293,37.9983],[-6.3217,37.9934],[-6.3199,37.9903],[-6.3091,37.9852],[-6.3034,37.9782],[-6.2905,37.977],[-6.2807,37.9737],[-6.2663,37.9735],[-6.252,37.9714],[-6.2462,37.9659],[-6.246,37.9631],[-6.2392,37.9589],[-6.2332,37.9579],[-6.2274,37.9598],[-6.2215,37.9595],[-6.2148,37.9615],[-6.2061,37.9594],[-6.2012,37.9619],[-6.1943,37.9551],[-6.1962,37.9491],[-6.1844,37.9444],[-6.1802,37.941],[-6.1762,37.9471],[-6.1647,37.9557],[-6.1517,37.959],[-6.1488,37.962],[-6.1494,37.9657],[-6.1417,37.9664],[-6.1369,37.972],[-6.1298,37.9731],[-6.1187,37.9805],[-6.1049,37.9827],[-6.0944,37.9816],[-6.0898,37.9847],[-6.0816,37.9857],[-6.0779,37.9846],[-6.0618,37.9914],[-6.0572,37.9914],[-6.0517,37.9968],[-6.0461,37.9973],[-6.0379,37.9952],[-6.0307,37.9976],[-6.0242,37.9933],[-6.0171,37.9911],[-6.0131,37.9934],[-6.0063,37.9914],[-5.9947,37.998],[-5.9869,37.998],[-5.9793,37.9994],[-5.9609,37.9997],[-5.9558,37.9984],[-5.9537,37.9953],[-5.9451,38.007],[-5.9446,38.0113],[-5.9406,38.0149],[-5.9365,38.0244],[-5.9371,38.0275],[-5.9329,38.0323],[-5.937,38.0405],[-5.934,38.0472],[-5.9275,38.0504],[-5.9197,38.0497],[-5.9179,38.0564],[-5.9108,38.0628],[-5.908,38.0682],[-5.9108,38.0782],[-5.9232,38.0861],[-5.9283,38.0877],[-5.9264,38.105],[-5.9228,38.1073],[-5.9142,38.1176],[-5.9129,38.1227],[-5.9073,38.124],[-5.8953,38.1305],[-5.8864,38.1324],[-5.8807,38.1323],[-5.8782,38.1388],[-5.8787,38.1463],[-5.8768,38.1483],[-5.8776,38.1551],[-5.8743,38.1586],[-5.866,38.1607],[-5.8566,38.1615],[-5.8558,38.1684],[-5.8515,38.1719],[-5.8465,38.1714],[-5.8379,38.1744],[-5.824,38.1699],[-5.8198,38.1746],[-5.8112,38.1782],[-5.8026,38.178],[-5.8003,38.1746],[-5.7912,38.1779],[-5.783,38.1851],[-5.7753,38.1852],[-5.771,38.1832],[-5.7611,38.1828],[-5.7592,38.1807],[-5.7496,38.1878],[-5.7444,38.1901],[-5.742,38.1938],[-5.7326,38.195],[-5.7282,38.1974],[-5.7232,38.1924],[-5.7147,38.189],[-5.7085,38.1883],[-5.7051,38.1851],[-5.698,38.185],[-5.6979,38.1797],[-5.6886,38.1819],[-5.6875,38.1796],[-5.6888,38.1712],[-5.6861,38.1616],[-5.695,38.1711],[-5.705,38.1664],[-5.7056,38.1636],[-5.6949,38.1514],[-5.6953,38.1497],[-5.7044,38.1434],[-5.709,38.1422],[-5.7148,38.1342],[-5.7198,38.1366],[-5.7308,38.1371],[-5.7388,38.1328],[-5.7407,38.1265],[-5.7355,38.1157],[-5.7341,38.1095],[-5.7341,38.0982],[-5.736,38.0936],[-5.7329,38.0875],[-5.7196,38.0851],[-5.7104,38.081],[-5.6936,38.0837],[-5.6846,38.0909],[-5.6694,38.1018],[-5.667,38.1091],[-5.6605,38.1135],[-5.646,38.1252],[-5.6443,38.1293],[-5.6334,38.1381],[-5.6208,38.1368],[-5.6055,38.1339],[-5.5848,38.1317],[-5.5856,38.1404],[-5.5779,38.1482],[-5.574,38.1507],[-5.5673,38.148],[-5.5619,38.1507],[-5.5568,38.1502],[-5.5485,38.1612],[-5.5397,38.1607],[-5.5358,38.1687],[-5.54,38.1696],[-5.5414,38.1739],[-5.5397,38.1776],[-5.5437,38.1849],[-5.5403,38.185],[-5.5392,38.1932],[-5.5373,38.1965],[-5.5387,38.2006],[-5.5204,38.2076],[-5.5233,38.2122],[-5.5243,38.2226],[-5.5221,38.2322],[-5.5238,38.2492],[-5.53,38.2552],[-5.526,38.2641],[-5.5318,38.27],[-5.5376,38.273],[-5.5375,38.2795],[-5.5414,38.2784],[-5.5445,38.2831],[-5.5446,38.2934],[-5.5528,38.3045],[-5.5512,38.311],[-5.5555,38.3177],[-5.5677,38.3235],[-5.5756,38.3291],[-5.5732,38.3315],[-5.5715,38.3384],[-5.5723,38.3419],[-5.5673,38.3513],[-5.5687,38.3566],[-5.5669,38.3625],[-5.5609,38.3646],[-5.5665,38.3683],[-5.5632,38.372],[-5.5668,38.3772],[-5.573,38.3784],[-5.5774,38.3822],[-5.5851,38.3858],[-5.5843,38.401],[-5.5812,38.4045],[-5.5727,38.4233],[-5.573,38.4269],[-5.5681,38.4334],[-5.5613,38.4361],[-5.5535,38.445],[-5.5309,38.4546],[-5.5223,38.4598],[-5.5188,38.4634],[-5.512,38.4636],[-5.5069,38.4574],[-5.5004,38.4593],[-5.4949,38.4591],[-5.4913,38.4664],[-5.4837,38.4667],[-5.4805,38.4742],[-5.4813,38.4778],[-5.4782,38.4847],[-5.4693,38.4845],[-5.4579,38.4952],[-5.4569,38.4994],[-5.4508,38.498],[-5.4448,38.5049],[-5.435,38.5042],[-5.4294,38.5133],[-5.425,38.5148],[-5.4202,38.5124],[-5.418,38.5182],[-5.4135,38.5241],[-5.416,38.5302],[-5.4046,38.5355],[-5.4066,38.5439],[-5.3997,38.5466],[-5.3962,38.5459],[-5.3905,38.54],[-5.3842,38.5394],[-5.3837,38.5437],[-5.3915,38.5489],[-5.3908,38.5549],[-5.3834,38.5574],[-5.3898,38.5622],[-5.386,38.5668],[-5.3757,38.5683],[-5.3697,38.5777],[-5.3717,38.5836],[-5.369,38.5849],[-5.3566,38.5855],[-5.3459,38.5831],[-5.3357,38.5785],[-5.3289,38.5783],[-5.3238,38.5806],[-5.3121,38.5771],[-5.3077,38.578],[-5.3069,38.5862],[-5.3109,38.5902],[-5.3093,38.5944],[-5.3006,38.599],[-5.2922,38.6108],[-5.2871,38.613],[-5.2803,38.6122],[-5.2734,38.6156],[-5.2699,38.6216],[-5.2544,38.6257],[-5.2547,38.6323],[-5.2445,38.6334],[-5.2375,38.6377],[-5.2366,38.6423],[-5.2294,38.6471],[-5.2223,38.6492],[-5.2238,38.6567],[-5.2187,38.655],[-5.2168,38.6485],[-5.2116,38.6524],[-5.2123,38.656],[-5.2088,38.6674],[-5.2042,38.6661],[-5.2019,38.6583],[-5.1974,38.6574],[-5.1985,38.6645],[-5.1952,38.6671],[-5.1918,38.6616],[-5.1842,38.6597],[-5.1794,38.6647],[-5.1811,38.6677],[-5.1865,38.6698],[-5.184,38.6756],[-5.168,38.6773],[-5.1673,38.6805],[-5.1731,38.6879],[-5.1754,38.7003],[-5.1813,38.7066],[-5.1803,38.7123],[-5.1836,38.7184],[-5.1761,38.7183],[-5.1702,38.7166],[-5.1694,38.7131],[-5.1528,38.7163],[-5.1425,38.7138],[-5.1324,38.7153],[-5.1184,38.716],[-5.112,38.7118],[-5.1008,38.7077],[-5.0925,38.709],[-5.0901,38.7115],[-5.0752,38.7169],[-5.0683,38.7176],[-5.0589,38.7243],[-5.0507,38.7263],[-5.0469,38.7291],[-5.0381,38.7335],[-5.0294,38.7332],[-5.0152,38.7356],[-5.0034,38.7331],[-4.99,38.7398],[-4.9834,38.7515],[-4.9728,38.7608],[-4.9687,38.7751],[-4.9633,38.7839],[-4.9607,38.7908],[-4.9609,38.7965],[-4.9577,38.8036],[-4.9587,38.8103],[-4.9546,38.8237],[-4.9536,38.83],[-4.9445,38.8471],[-4.9435,38.8544],[-4.9346,38.8648],[-4.928,38.8699],[-4.9243,38.8768],[-4.9192,38.8802],[-4.9149,38.8874],[-4.8993,38.889],[-4.8903,38.8866],[-4.8795,38.8879],[-4.875,38.8865],[-4.8657,38.8871],[-4.8501,38.8816],[-4.8473,38.8824],[-4.8442,38.8933],[-4.8454,38.9044],[-4.841,38.9167],[-4.8411,38.9202],[-4.8367,38.9306],[-4.8311,38.9356],[-4.8357,38.9402],[-4.8438,38.9402],[-4.843,38.9451],[-4.8519,38.9473],[-4.8614,38.9474],[-4.8736,38.9488],[-4.8771,38.948],[-4.8901,38.9522],[-4.8905,38.9571],[-4.8942,38.9603],[-4.9064,38.9634],[-4.9189,38.9578],[-4.9289,38.9687],[-4.9337,38.9756],[-4.9369,38.9853],[-4.9371,38.9969],[-4.9459,39.0103],[-4.9485,39.0222],[-4.9516,39.0314],[-4.9595,39.046],[-4.9625,39.0587],[-4.9486,39.0562],[-4.9351,39.0564],[-4.9309,39.0538],[-4.9128,39.0478],[-4.9028,39.041],[-4.8985,39.0399],[-4.8856,39.0336],[-4.8751,39.032],[-4.8674,39.034],[-4.861,39.0318],[-4.8526,39.0388],[-4.8492,39.0455],[-4.8425,39.0476],[-4.8387,39.0448],[-4.8328,39.0462],[-4.8323,39.0515],[-4.8268,39.0622],[-4.8269,39.0641],[-4.8355,39.0706],[-4.8505,39.0756],[-4.8592,39.0775],[-4.8737,39.0963],[-4.8744,39.1004],[-4.8697,39.1135],[-4.8572,39.1227],[-4.8557,39.1272],[-4.8581,39.1347],[-4.8536,39.1419],[-4.855,39.1473],[-4.8532,39.1524],[-4.8452,39.1614],[-4.8387,39.1639],[-4.834,39.1632],[-4.8306,39.166],[-4.8322,39.1751],[-4.8212,39.1809],[-4.8132,39.191],[-4.8103,39.1994],[-4.7736,39.1895],[-4.7425,39.1945],[-4.7144,39.1876],[-4.6765,39.1696],[-4.6753,39.1707],[-4.6555,39.1651],[-4.649,39.1649],[-4.6478,39.1696],[-4.6532,39.1749],[-4.6609,39.1773],[-4.6637,39.1801],[-4.6652,39.1861],[-4.6724,39.1873],[-4.6784,39.1921],[-4.6826,39.193],[-4.6879,39.2031],[-4.6999,39.2081],[-4.7082,39.2099],[-4.706,39.2148],[-4.7109,39.2271],[-4.7135,39.2443],[-4.7207,39.2464],[-4.7337,39.2525],[-4.7314,39.2552],[-4.7399,39.2806],[-4.7544,39.312],[-4.7611,39.3207],[-4.7344,39.3268],[-4.7147,39.3287],[-4.7071,39.328],[-4.7103,39.3461],[-4.7043,39.3644],[-4.6941,39.3738],[-4.6954,39.3767],[-4.6936,39.3824],[-4.687,39.3862],[-4.6865,39.3951],[-4.6738,39.4082],[-4.6697,39.4166],[-4.669,39.4239],[-4.6728,39.4261],[-4.6827,39.4389],[-4.6855,39.4408],[-4.6869,39.4497],[-4.6903,39.4518],[-4.7014,39.4431],[-4.7127,39.4357],[-4.7169,39.4346],[-4.7276,39.4284],[-4.7549,39.4164],[-4.7612,39.4101],[-4.7675,39.4019],[-4.7762,39.3968],[-4.7831,39.3988],[-4.7926,39.3983],[-4.7978,39.3967],[-4.8059,39.3975],[-4.8131,39.3945],[-4.8228,39.3928],[-4.832,39.3894],[-4.8428,39.3808],[-4.8487,39.3814],[-4.8529,39.3792],[-4.8572,39.3809],[-4.8616,39.3789],[-4.863,39.3754],[-4.8679,39.3753],[-4.8709,39.3683],[-4.8811,39.3729],[-4.8876,39.3705],[-4.9033,39.3757],[-4.9058,39.3798],[-4.9103,39.3787],[-4.9215,39.3875],[-4.9332,39.3893],[-4.9351,39.396],[-4.9491,39.3931],[-4.9637,39.4043],[-4.9731,39.4095],[-4.9783,39.4148],[-4.9981,39.4266],[-5.0005,39.43],[-5.0078,39.4344],[-5.0182,39.4457],[-5.0261,39.4528],[-5.0266,39.4549],[-5.0383,39.4684],[-5.0402,39.4728],[-5.0589,39.4894],[-5.0747,39.4869],[-5.0829,39.4901],[-5.0942,39.5008],[-5.1036,39.5088],[-5.1199,39.5197],[-5.1238,39.5216],[-5.1309,39.5293],[-5.1352,39.5361],[-5.1432,39.543],[-5.146,39.5493],[-5.1554,39.554],[-5.1613,39.5619],[-5.164,39.5626],[-5.1779,39.5725],[-5.1871,39.5799],[-5.1886,39.5825],[-5.2021,39.592],[-5.2066,39.5972],[-5.2052,39.5999],[-5.193,39.6076],[-5.1873,39.6156],[-5.183,39.6177],[-5.1771,39.6257],[-5.1726,39.6354],[-5.1682,39.6374],[-5.1615,39.6431],[-5.1641,39.6472],[-5.1617,39.6502],[-5.1624,39.6553],[-5.1582,39.6552],[-5.1514,39.6613],[-5.1488,39.6681],[-5.1564,39.6739],[-5.1543,39.6798],[-5.1519,39.696],[-5.1463,39.706],[-5.1378,39.715],[-5.1452,39.7265],[-5.1551,39.7359],[-5.1566,39.739],[-5.1626,39.7405],[-5.1681,39.7444],[-5.1738,39.7509],[-5.1744,39.7552],[-5.1644,39.7559],[-5.1585,39.7597],[-5.1611,39.7675],[-5.1608,39.7712],[-5.1659,39.7806],[-5.1675,39.7901],[-5.1671,39.7988],[-5.1786,39.7992],[-5.1863,39.7977],[-5.2018,39.7987],[-5.2079,39.7965],[-5.2111,39.7917],[-5.2173,39.7886],[-5.2317,39.7746],[-5.2378,39.7719],[-5.2443,39.7665],[-5.2447,39.7609],[-5.2497,39.7555],[-5.2572,39.7521],[-5.2669,39.7524],[-5.2765,39.7567],[-5.2853,39.7579],[-5.2959,39.761],[-5.3044,39.7595],[-5.3088,39.7604],[-5.3138,39.7663],[-5.3162,39.7721],[-5.3115,39.7875],[-5.3152,39.7887],[-5.3163,39.7975],[-5.314,39.803],[-5.3123,39.8149],[-5.3128,39.8231],[-5.3104,39.8313],[-5.3065,39.8363],[-5.2953,39.844],[-5.2902,39.852],[-5.2835,39.8572],[-5.284,39.8639],[-5.2921,39.8659],[-5.2943,39.8749],[-5.3101,39.8802],[-5.3109,39.8865],[-5.3175,39.8908],[-5.3265,39.892],[-5.3513,39.8892],[-5.3606,39.8894],[-5.3695,39.8884],[-5.3939,39.8791],[-5.4061,39.8777],[-5.4056,39.8814],[-5.4011,39.8857],[-5.3994,39.8969],[-5.3963,39.9067],[-5.3948,39.9184],[-5.3913,39.9267],[-5.3829,39.941],[-5.3803,39.9518],[-5.374,39.9663],[-5.3651,39.9829],[-5.3657,39.9928],[-5.3624,40.0128],[-5.3655,40.0367],[-5.368,40.0455],[-5.3736,40.0574],[-5.3727,40.0663],[-5.3697,40.0723],[-5.3672,40.0868],[-5.369,40.1001],[-5.3594,40.1084],[-5.3467,40.1111],[-5.3396,40.1154],[-5.336,40.1158],[-5.337,40.1242],[-5.3456,40.1292],[-5.3457,40.133],[-5.3568,40.1484],[-5.3562,40.1517],[-5.3602,40.1569],[-5.3673,40.1609],[-5.3654,40.1718],[-5.3647,40.1819],[-5.367,40.1892],[-5.3665,40.196],[-5.3679,40.1996],[-5.3641,40.2033],[-5.3695,40.2113],[-5.3697,40.2183],[-5.3587,40.2273],[-5.3584,40.2319],[-5.3526,40.2426],[-5.3513,40.2478],[-5.3434,40.2635],[-5.349,40.2652],[-5.3578,40.263],[-5.3611,40.2587],[-5.3658,40.2577],[-5.3787,40.2579],[-5.3926,40.251],[-5.3964,40.2503],[-5.4118,40.2553],[-5.425,40.2538],[-5.4298,40.2523],[-5.4361,40.2389],[-5.4398,40.2336],[-5.4505,40.2278],[-5.4681,40.2242],[-5.4692,40.2219],[-5.4709,40.2079],[-5.4869,40.2051],[-5.4991,40.1989],[-5.5,40.2008],[-5.5097,40.2019],[-5.5173,40.1974],[-5.531,40.1947],[-5.5365,40.1966],[-5.5411,40.1959],[-5.5493,40.1979],[-5.5519,40.2005],[-5.5636,40.2026],[-5.5679,40.2063],[-5.5794,40.2101],[-5.5944,40.2164],[-5.61,40.2155],[-5.6189,40.2239],[-5.6137,40.2333],[-5.6208,40.2408],[-5.624,40.2471],[-5.6367,40.2479],[-5.6489,40.2496],[-5.6601,40.2582],[-5.6565,40.2699],[-5.6754,40.2796],[-5.6887,40.2883],[-5.6927,40.2921],[-5.7003,40.2889],[-5.7052,40.2912],[-5.7229,40.2914],[-5.7376,40.2941],[-5.7444,40.2889],[-5.7579,40.2825],[-5.765,40.2808],[-5.7767,40.2824],[-5.7931,40.2867],[-5.7973,40.2928],[-5.8022,40.2965],[-5.7939,40.3],[-5.7893,40.3065],[-5.782,40.3125],[-5.7845,40.3235],[-5.79,40.3335],[-5.795,40.3512],[-5.7997,40.3537],[-5.807,40.3503],[-5.8165,40.3511],[-5.8235,40.3471],[-5.8249,40.3442],[-5.8403,40.3337],[-5.8471,40.328],[-5.8537,40.3315],[-5.8505,40.3368],[-5.855,40.3384],[-5.8578,40.3344],[-5.8676,40.3314],[-5.8766,40.3261],[-5.8842,40.3266],[-5.8937,40.3182],[-5.8923,40.3119],[-5.8961,40.3053],[-5.9019,40.2996],[-5.9036,40.2953],[-5.9128,40.287],[-5.917,40.2789],[-5.9208,40.2809],[-5.9378,40.2811],[-5.9417,40.2844],[-5.9537,40.2875],[-5.9649,40.2915],[-5.9685,40.2896],[-5.9824,40.2983],[-5.9921,40.299],[-6.0053,40.3054],[-6.0114,40.3133],[-6.0164,40.3165],[-6.0196,40.3226],[-6.0182,40.3336],[-6.016,40.3403],[-6.0277,40.3395],[-6.0366,40.3422],[-6.0468,40.3429],[-6.0522,40.3416],[-6.0677,40.3475],[-6.0723,40.3483],[-6.098,40.3562],[-6.0925,40.3617],[-6.0859,40.3608],[-6.0824,40.3632],[-6.0813,40.3731],[-6.0869,40.3765],[-6.0836,40.3802],[-6.0748,40.3822],[-6.0734,40.3878],[-6.0775,40.3906],[-6.0732,40.4004],[-6.0752,40.4034],[-6.0833,40.4032],[-6.0871,40.4086],[-6.1042,40.415],[-6.1158,40.4146],[-6.1192,40.4194],[-6.1295,40.4208],[-6.1251,40.4294],[-6.1193,40.4351],[-6.1161,40.4416],[-6.1202,40.4427],[-6.1323,40.4369],[-6.1404,40.4356],[-6.1475,40.4385],[-6.1559,40.4478],[-6.1525,40.4526],[-6.1577,40.457],[-6.1692,40.4581],[-6.1804,40.4622],[-6.1869,40.4668],[-6.1877,40.4713],[-6.1912,40.4722],[-6.1974,40.48],[-6.2014,40.4829],[-6.212,40.4827],[-6.2305,40.4866],[-6.2399,40.4859],[-6.2457,40.4811],[-6.248,40.4766],[-6.255,40.47],[-6.2638,40.4716],[-6.2684,40.4676],[-6.271,40.4609],[-6.2753,40.4585],[-6.2878,40.4576],[-6.2944,40.452],[-6.3175,40.4499],[-6.3224,40.4505],[-6.3264,40.4476],[-6.3334,40.4478],[-6.3446,40.4428],[-6.3459,40.4371],[-6.3559,40.4301],[-6.3651,40.4216],[-6.3658,40.4173],[-6.3615,40.4154],[-6.3627,40.4072],[-6.3752,40.4003],[-6.3832,40.4007],[-6.3912,40.399],[-6.4029,40.402],[-6.4078,40.402],[-6.4196,40.3989],[-6.425,40.3911],[-6.4396,40.3816],[-6.4411,40.378],[-6.4377,40.3733],[-6.4449,40.3714],[-6.4529,40.3709],[-6.4632,40.3728],[-6.4747,40.3701],[-6.4858,40.3632],[-6.4934,40.362],[-6.5232,40.352],[-6.5363,40.3472],[-6.5604,40.329],[-6.5602,40.3262],[-6.5647,40.3146],[-6.5567,40.3064],[-6.556,40.3042],[-6.5595,40.2952],[-6.5583,40.2902],[-6.5688,40.2828],[-6.5713,40.2792],[-6.5836,40.2745],[-6.587,40.2707],[-6.5974,40.2716],[-6.6148,40.2661],[-6.6252,40.2666],[-6.6346,40.2647],[-6.6424,40.268],[-6.6718,40.2632],[-6.6777,40.258],[-6.6778,40.251],[-6.6885,40.2466],[-6.6901,40.2427],[-6.698,40.2467],[-6.7032,40.2511],[-6.7094,40.2598],[-6.7103,40.2658],[-6.7182,40.2692],[-6.7267,40.265],[-6.7352,40.2572],[-6.7414,40.2562],[-6.7514,40.2502],[-6.7556,40.2463],[-6.7556,40.2389],[-6.7775,40.2454],[-6.7816,40.2491],[-6.8022,40.2496],[-6.8016,40.2427],[-6.8067,40.2415],[-6.8106,40.2444],[-6.8182,40.2438],[-6.8284,40.2476],[-6.8345,40.2476],[-6.8391,40.2514],[-6.8399,40.2556],[-6.8468,40.2544],[-6.8648,40.2704],[-6.868,40.2643],[-6.8763,40.26],[-6.8833,40.2584],[-6.8915,40.2597],[-6.9014,40.2569],[-6.9073,40.2539],[-6.9189,40.2557],[-6.9261,40.2583],[-6.9341,40.2572],[-6.9381,40.2587],[-6.9452,40.2566],[-6.9514,40.2576],[-6.9566,40.2467],[-6.9615,40.243],[-6.9625,40.2387],[-6.9668,40.2366],[-6.9731,40.2367],[-6.9791,40.2407],[-6.9876,40.2368],[-6.9985,40.2352],[-7.0089,40.2273],[-7.0154,40.2155],[-7.0185,40.207],[-7.0203,40.1959],[-7.0283,40.1909],[-7.0293,40.1838],[-7.0213,40.1805],[-7.0182,40.1757],[-7.0193,40.1655],[-7.0144,40.1578],[-7.0142,40.1507],[-7.0178,40.1481],[-7.0152,40.1357],[-7.009,40.1296],[-7.0117,40.1261],[-7.0067,40.1243],[-6.9995,40.119],[-6.9924,40.118],[-6.9867,40.1192],[-6.9815,40.117],[-6.9685,40.1149],[-6.9583,40.1115],[-6.9406,40.1121],[-6.9418,40.1035],[-6.9344,40.1033],[-6.9328,40.0969],[-6.9224,40.0875],[-6.9193,40.0819],[-6.919,40.0766],[-6.9159,40.0649],[-6.9116,40.0665],[-6.9019,40.0607],[-6.8932,40.0607],[-6.8931,40.0566],[-6.8967,40.0516],[-6.8894,40.0486],[-6.8807,40.0404],[-6.8817,40.0329],[-6.8748,40.0237],[-6.8758,40.0168],[-6.8674,40.0153],[-6.8643,40.0131],[-6.8671,40.0084],[-6.875,40.0052],[-6.8733,39.9984],[-6.8745,39.9942],[-6.8783,39.9908],[-6.8813,39.9844],[-6.8848,39.982],[-6.8853,39.9776],[-6.8798,39.9722],[-6.8874,39.9652],[-6.8883,39.9591],[-6.8856,39.955],[-6.8847,39.9468],[-6.886,39.9402],[-6.8909,39.9378],[-6.8927,39.9336],[-6.9019,39.9306],[-6.9071,39.924],[-6.9084,39.92],[-6.9011,39.9125],[-6.903,39.9052],[-6.9005,39.8996],[-6.9046,39.8957],[-6.9066,39.8894],[-6.9031,39.8874],[-6.9044,39.8783],[-6.9035,39.8713],[-6.908,39.8684],[-6.9092,39.8644],[-6.9138,39.8596],[-6.9245,39.8578],[-6.9331,39.8499],[-6.9363,39.8438],[-6.9346,39.8403],[-6.9409,39.834],[-6.9456,39.8344],[-6.948,39.8283],[-6.958,39.8244],[-6.966,39.8265],[-6.971,39.825],[-6.9768,39.8193],[-6.9805,39.8204],[-6.9869,39.8097],[-6.9888,39.7934],[-6.9843,39.7916],[-6.9821,39.7825],[-6.9784,39.7796],[-6.9767,39.7727],[-6.9837,39.7682],[-6.9876,39.7596],[-6.9863,39.7547],[-6.9896,39.7514],[-6.9926,39.7402],[-6.9908,39.7356],[-6.993,39.7325],[-6.9869,39.7277],[-6.9937,39.7211],[-6.9953,39.7168],[-6.9996,39.7134],[-6.9997,39.7102],[-7.0049,39.7017],[-7.0035,39.6968],[-7.0064,39.6927],[-7.0081,39.6837],[-7.0143,39.678],[-7.0152,39.671],[-7.0297,39.6679],[-7.0466,39.6628],[-7.053,39.6602],[-7.0647,39.6579],[-7.071,39.6578],[-7.0882,39.6632],[-7.098,39.663],[-7.1043,39.6645],[-7.1262,39.664],[-7.1456,39.653],[-7.1505,39.6529],[-7.1615,39.6556],[-7.1679,39.656],[-7.189,39.6603],[-7.2048,39.6624],[-7.2153,39.6604],[-7.2442,39.6668],[-7.2485,39.6673],[-7.2642,39.6659],[-7.2723,39.6635],[-7.2865,39.6616],[-7.2942,39.6554],[-7.3033,39.6542],[-7.3198,39.6488],[-7.331,39.6416],[-7.3359,39.6416],[-7.3521,39.6463],[-7.3618,39.6478],[-7.374,39.6512],[-7.3902,39.6505],[-7.4001,39.6467],[-7.429,39.6527],[-7.4371,39.6581],[-7.4528,39.6632],[-7.4771,39.6638],[-7.4812,39.6653],[-7.4929,39.6667],[-7.5125,39.6664],[-7.5359,39.6677],[-7.545,39.6635],[-7.5402,39.6612],[-7.5345,39.6613],[-7.5307,39.6571],[-7.5285,39.6504],[-7.5285,39.6445],[-7.5258,39.6423],[-7.5276,39.6332],[-7.5205,39.6247],[-7.5098,39.6182],[-7.5074,39.606],[-7.503,39.6002],[-7.5,39.599],[-7.4994,39.5899],[-7.4959,39.5864],[-7.487,39.5851],[-7.479,39.579],[-7.4714,39.5784],[-7.4611,39.5728],[-7.4588,39.566],[-7.4538,39.5636],[-7.4493,39.5572],[-7.4457,39.5487],[-7.4381,39.5404],[-7.4267,39.533],[-7.4213,39.5346],[-7.4188,39.5319],[-7.4098,39.5323],[-7.4059,39.5311],[-7.4005,39.5339],[-7.3917,39.5305],[-7.3887,39.5244],[-7.3903,39.5081],[-7.3862,39.4984],[-7.3781,39.4966],[-7.3813,39.4918],[-7.368,39.4885],[-7.3628,39.4824],[-7.3554,39.4841],[-7.3502,39.4876],[-7.3446,39.4793],[-7.3381,39.4793],[-7.3316,39.4761],[-7.3246,39.4759],[-7.3194,39.4707],[-7.3133,39.4668],[-7.3085,39.4667],[-7.3005,39.4627],[-7.2946,39.4559],[-7.3057,39.4456],[-7.3057,39.4376],[-7.3089,39.4316],[-7.3081,39.4282],[-7.3023,39.4222],[-7.3015,39.4164],[-7.3051,39.4103],[-7.3091,39.3991],[-7.3127,39.3996],[-7.3138,39.3936],[-7.3217,39.3863],[-7.3235,39.3819],[-7.3218,39.3783],[-7.3175,39.3779],[-7.3155,39.373],[-7.311,39.3686],[-7.3108,39.3624],[-7.3064,39.3559],[-7.3062,39.3514],[-7.3105,39.341],[-7.3083,39.3368],[-7.2987,39.33],[-7.2929,39.329],[-7.2882,39.323],[-7.2835,39.3214],[-7.269,39.3094],[-7.2707,39.3061],[-7.2674,39.3014],[-7.2568,39.2947],[-7.2404,39.283],[-7.2314,39.2784],[-7.2383,39.2693],[-7.2478,39.254],[-7.2457,39.2457],[-7.2421,39.2426],[-7.2418,39.2343],[-7.2446,39.2321],[-7.2452,39.2258],[-7.2401,39.2188],[-7.2414,39.2085],[-7.2318,39.2038],[-7.2213,39.193],[-7.2111,39.1896],[-7.2081,39.1873],[-7.2002,39.1857],[-7.1953,39.1874],[-7.1877,39.183],[-7.1772,39.1807],[-7.1669,39.1813],[-7.1494,39.1726],[-7.1402,39.1729],[-7.1346,39.1711],[-7.1321,39.1647],[-7.1332,39.1604],[-7.1403,39.1499],[-7.1368,39.1476],[-7.1374,39.1418],[-7.1418,39.1386],[-7.1435,39.1282],[-7.1495,39.1224],[-7.1476,39.115],[-7.1438,39.1093],[-7.1301,39.1055],[-7.1219,39.1042],[-7.1058,39.0993],[-7.1002,39.105],[-7.0803,39.1089],[-7.0677,39.1134],[-7.0647,39.113],[-7.0558,39.1155],[-7.053,39.1179],[-7.0334,39.1176],[-7.0153,39.1093],[-7.0053,39.1025],[-6.9959,39.0993],[-6.981,39.0878],[-6.9767,39.0799],[-6.9705,39.0728],[-6.9693,39.0676],[-6.9624,39.061],[-6.9594,39.0545],[-6.9646,39.0434],[-6.9679,39.0398],[-6.9513,39.024],[-6.9591,39.0179],[-6.9641,39.0123],[-6.9716,38.9981],[-6.9813,38.9857],[-6.9834,38.9808],[-6.9917,38.9728],[-6.9985,38.9633],[-7.0131,38.9494],[-7.0204,38.9402],[-7.0264,38.9247],[-7.0337,38.9183],[-7.0409,38.9148],[-7.052,38.9072],[-7.0429,38.9001],[-7.0393,38.8939],[-7.04,38.8846],[-7.0355,38.8837],[-7.0331,38.8775],[-7.0392,38.8707],[-7.0393,38.8648],[-7.0475,38.8623],[-7.0541,38.8576],[-7.0607,38.8581],[-7.0683,38.8538],[-7.0738,38.8481],[-7.082,38.8335],[-7.0845,38.8256],[-7.0892,38.8189],[-7.0949,38.8153],[-7.1024,38.8177],[-7.1143,38.8171],[-7.1285,38.8138],[-7.1417,38.8042],[-7.1455,38.8003],[-7.1548,38.7939],[-7.1577,38.785],[-7.1638,38.7787],[-7.1703,38.7758],[-7.1914,38.7685],[-7.1947,38.7654],[-7.199,38.756],[-7.2038,38.7503],[-7.2177,38.7432],[-7.2253,38.7375],[-7.2361,38.7367],[-7.2415,38.7352],[-7.2553,38.7259],[-7.2528,38.7198],[-7.2538,38.7168],[-7.2621,38.7079],[-7.2644,38.7037],[-7.2668,38.6901],[-7.2641,38.6838],[-7.2677,38.6716],[-7.2668,38.6578],[-7.2697,38.6388],[-7.2662,38.6296],[-7.2629,38.6278],[-7.2513,38.629],[-7.2452,38.6272],[-7.2458,38.6211],[-7.2562,38.6137],[-7.2603,38.6041],[-7.2605,38.5973],[-7.2638,38.5921],[-7.2636,38.5886],[-7.2687,38.5849],[-7.2735,38.5773],[-7.2817,38.5764],[-7.286,38.5738],[-7.287,38.5639],[-7.2924,38.5546],[-7.3027,38.5453],[-7.3036,38.542],[-7.3017,38.5331],[-7.3021,38.5272],[-7.3075,38.5191],[-7.313,38.515],[-7.3158,38.4952],[-7.3198,38.4894],[-7.3224,38.4776],[-7.3146,38.4746],[-7.3089,38.4807],[-7.2993,38.4835],[-7.2956,38.4778],[-7.3007,38.4665],[-7.308,38.4619],[-7.3138,38.4609],[-7.313,38.4547],[-7.3153,38.4493],[-7.3231,38.4458],[-7.3305,38.4443],[-7.3359,38.4355],[-7.3222,38.4402],[-7.3158,38.4393],[-7.313,38.4353],[-7.304,38.432],[-7.2994,38.4253],[-7.2937,38.4261],[-7.2801,38.4197],[-7.2804,38.415],[-7.2724,38.3971],[-7.2678,38.3911],[-7.2557,38.3794],[-7.2507,38.3728],[-7.2432,38.3652],[-7.2314,38.3559],[-7.2213,38.3447],[-7.2138,38.3402],[-7.2007,38.327],[-7.1987,38.3206],[-7.1916,38.3089],[-7.1826,38.296],[-7.1755,38.2887],[-7.1683,38.2829],[-7.1613,38.2794],[-7.156,38.279],[-7.1518,38.2722],[-7.1534,38.2703],[-7.1474,38.2664],[-7.1432,38.2619],[-7.1427,38.2555],[-7.1447,38.2501],[-7.143,38.2408],[-7.1397,38.2361],[-7.1291,38.2287],[-7.1218,38.2178],[-7.1177,38.2143],[-7.1172,38.2086],[-7.1133,38.2067],[-7.1137,38.2032],[-7.1105,38.1953],[-7.1075,38.1927],[-7.1061,38.1875],[-7.1025,38.1866],[-7.0996,38.1806],[-7.0893,38.1785],[-7.0843,38.1695],[-7.0779,38.175],[-7.0661,38.1793],[-7.0664,38.1866],[-7.0566,38.1859],[-7.0555,38.1828],[-7.0501,38.1798],[-7.0438,38.1871],[-7.0373,38.1864],[-7.0286,38.1826],[-7.0226,38.1854],[-7.0174,38.1915],[-7.0175,38.196],[-7.0101,38.1964],[-7.0112,38.2046],[-7.0011,38.2032],[-6.9954,38.2038],[-6.9839,38.21],[-6.9788,38.2079],[-6.9723,38.2023],[-6.9567,38.2168],[-6.9472,38.2171],[-6.9361,38.2204],[-6.9384,38.2076],[-6.9317,38.2083]]]},"properties":{"CodINE":"11","NAMEUNIT":"Extremadura"}},
{"type":"Feature","geometry":{"type":"MultiPolygon","coordinates":[[[[-7.0332,43.5447],[-7.0347,43.5494],[-7.0414,43.5542],[-7.0465,43.5533],[-7.0562,43.5587],[-7.0632,43.5582],[-7.0678,43.5536],[-7.0769,43.5541],[-7.0812,43.5568],[-7.0889,43.5546],[-7.1043,43.5584],[-7.1081,43.5607],[-7.116,43.5616],[-7.1195,43.555],[-7.128,43.5567],[-7.151,43.5553],[-7.158,43.5539],[-7.1732,43.5557],[-7.1771,43.5581],[-7.1772,43.5619],[-7.1936,43.5617],[-7.2237,43.5654],[-7.2345,43.5689],[-7.245,43.5668],[-7.2446,43.5593],[-7.2421,43.553],[-7.2558,43.5469],[-7.2615,43.5512],[-7.2526,43.5551],[-7.2576,43.5609],[-7.2566,43.566],[-7.246,43.5719],[-7.2479,43.5764],[-7.2546,43.5791],[-7.2632,43.5805],[-7.2734,43.5863],[-7.2851,43.5917],[-7.2928,43.593],[-7.2966,43.6016],[-7.3078,43.6087],[-7.3106,43.6166],[-7.3166,43.6193],[-7.3234,43.6273],[-7.3313,43.6267],[-7.3376,43.6313],[-7.3365,43.6382],[-7.3418,43.6392],[-7.3425,43.6435],[-7.3498,43.6485],[-7.3545,43.6544],[-7.3548,43.6604],[-7.3578,43.6646],[-7.3571,43.6712],[-7.3646,43.6724],[-7.3693,43.6766],[-7.3739,43.674],[-7.3883,43.6788],[-7.3958,43.6794],[-7.4001,43.6831],[-7.4042,43.6832],[-7.407,43.6878],[-7.4186,43.6924],[-7.4312,43.6931],[-7.4401,43.6949],[-7.4394,43.6982],[-7.4566,43.699],[-7.4642,43.7053],[-7.4698,43.7031],[-7.4788,43.7127],[-7.4697,43.7225],[-7.4724,43.7247],[-7.4863,43.7254],[-7.4925,43.7279],[-7.4989,43.7262],[-7.5043,43.7226],[-7.5095,43.7265],[-7.5152,43.7268],[-7.5243,43.7368],[-7.5346,43.7295],[-7.5464,43.7324],[-7.5511,43.7301],[-7.5571,43.73],[-7.5503,43.7237],[-7.5519,43.7169],[-7.5579,43.7116],[-7.5656,43.7097],[-7.5845,43.7118],[-7.586,43.7084],[-7.5806,43.7009],[-7.5806,43.6977],[-7.5763,43.693],[-7.5826,43.6879],[-7.5911,43.6865],[-7.597,43.6814],[-7.5945,43.6796],[-7.5957,43.6714],[-7.6089,43.6721],[-7.6144,43.6815],[-7.6129,43.6906],[-7.6066,43.6941],[-7.6045,43.7009],[-7.6112,43.6989],[-7.6146,43.7025],[-7.6085,43.7166],[-7.6141,43.7156],[-7.6297,43.7223],[-7.6266,43.7254],[-7.6304,43.7295],[-7.6314,43.7366],[-7.635,43.7389],[-7.6303,43.7429],[-7.6334,43.7508],[-7.6398,43.753],[-7.6491,43.7508],[-7.651,43.744],[-7.6678,43.7478],[-7.6731,43.7464],[-7.6753,43.741],[-7.6736,43.7356],[-7.6804,43.7335],[-7.6831,43.73],[-7.6932,43.7334],[-7.6924,43.7411],[-7.6864,43.7431],[-7.6916,43.7494],[-7.6891,43.7564],[-7.675,43.7621],[-7.6764,43.7702],[-7.6714,43.7723],[-7.664,43.7728],[-7.6617,43.7773],[-7.676,43.7866],[-7.6877,43.7883],[-7.6863,43.7847],[-7.6873,43.7765],[-7.6963,43.7724],[-7.7042,43.7708],[-7.7179,43.7642],[-7.717,43.7591],[-7.7243,43.7531],[-7.7238,43.7497],[-7.7318,43.7507],[-7.7351,43.747],[-7.745,43.7449],[-7.7502,43.7466],[-7.7573,43.7402],[-7.7702,43.7382],[-7.7753,43.7341],[-7.7966,43.7339],[-7.7983,43.7298],[-7.796,43.7246],[-7.805,43.7228],[-7.8068,43.7269],[-7.8109,43.727],[-7.8145,43.723],[-7.8094,43.719],[-7.8121,43.7145],[-7.8176,43.7123],[-7.8229,43.7156],[-7.828,43.714],[-7.8295,43.7094],[-7.826,43.7071],[-7.825,43.7009],[-7.8341,43.6972],[-7.8389,43.7032],[-7.8581,43.7037],[-7.868,43.6987],[-7.8609,43.6903],[-7.8544,43.681],[-7.8459,43.6769],[-7.8431,43.6725],[-7.8476,43.6681],[-7.8529,43.67],[-7.8651,43.6681],[-7.8656,43.6651],[-7.8729,43.6625],[-7.8824,43.664],[-7.8908,43.6671],[-7.8955,43.6663],[-7.9009,43.6683],[-7.8984,43.6719],[-7.8887,43.6775],[-7.8817,43.6768],[-7.8779,43.6721],[-7.8719,43.672],[-7.8708,43.6797],[-7.876,43.6819],[-7.886,43.6815],[-7.892,43.6847],[-7.8911,43.6899],[-7.8791,43.6886],[-7.882,43.6935],[-7.8794,43.701],[-7.8737,43.7064],[-7.8718,43.7111],[-7.8766,43.7131],[-7.8746,43.7176],[-7.8674,43.7156],[-7.8628,43.7107],[-7.8537,43.7081],[-7.8499,43.7176],[-7.8534,43.719],[-7.8558,43.7251],[-7.8624,43.7261],[-7.8697,43.7302],[-7.8708,43.7374],[-7.8646,43.7377],[-7.8663,43.7437],[-7.8619,43.7471],[-7.8647,43.7506],[-7.8627,43.7574],[-7.8596,43.7584],[-7.8593,43.7635],[-7.8682,43.7717],[-7.8806,43.7652],[-7.8939,43.7633],[-7.8997,43.765],[-7.9046,43.7689],[-7.9109,43.7607],[-7.9129,43.7557],[-7.9215,43.7471],[-7.9227,43.7432],[-7.9291,43.7396],[-7.9376,43.7424],[-7.9506,43.7418],[-7.9476,43.7333],[-7.9527,43.728],[-7.9632,43.7217],[-7.9772,43.7182],[-7.9775,43.7152],[-7.9937,43.7102],[-8.0004,43.7051],[-8.0071,43.705],[-8.0165,43.7122],[-8.0235,43.7117],[-8.0258,43.7092],[-8.0333,43.7144],[-8.0486,43.7117],[-8.0639,43.7042],[-8.0688,43.6886],[-8.0669,43.6825],[-8.0755,43.6808],[-8.0713,43.6756],[-8.0747,43.6732],[-8.0724,43.6646],[-8.0759,43.6604],[-8.0641,43.6579],[-8.0558,43.6598],[-8.052,43.6528],[-8.0539,43.6489],[-8.0621,43.649],[-8.0703,43.6511],[-8.0726,43.6447],[-8.0808,43.6461],[-8.083,43.653],[-8.0872,43.6543],[-8.0868,43.6614],[-8.0926,43.6629],[-8.0977,43.6564],[-8.1028,43.6529],[-8.1021,43.6486],[-8.1108,43.6479],[-8.11,43.6422],[-8.1183,43.6408],[-8.1247,43.6415],[-8.1271,43.6352],[-8.1342,43.6362],[-8.1413,43.6322],[-8.1429,43.6282],[-8.1501,43.6196],[-8.1555,43.6153],[-8.1655,43.6127],[-8.1731,43.6124],[-8.1812,43.615],[-8.1814,43.6222],[-8.1878,43.6215],[-8.1885,43.6157],[-8.1972,43.6114],[-8.1917,43.6058],[-8.1982,43.6043],[-8.2024,43.5966],[-8.2131,43.5941],[-8.2199,43.5866],[-8.2173,43.5818],[-8.2261,43.5762],[-8.2313,43.5746],[-8.2471,43.5651],[-8.2584,43.5603],[-8.2628,43.5568],[-8.2723,43.5548],[-8.2804,43.5583],[-8.2879,43.5563],[-8.295,43.5563],[-8.304,43.5601],[-8.3076,43.5684],[-8.3125,43.5692],[-8.3202,43.5664],[-8.326,43.5595],[-8.3232,43.5541],[-8.3169,43.5548],[-8.3126,43.5452],[-8.3045,43.5472],[-8.3035,43.5421],[-8.3001,43.5414],[-8.2965,43.536],[-8.2975,43.5313],[-8.3027,43.526],[-8.3095,43.5249],[-8.3119,43.5277],[-8.3241,43.5229],[-8.3285,43.5185],[-8.3281,43.5094],[-8.3309,43.5075],[-8.3203,43.5024],[-8.3196,43.4985],[-8.3226,43.4886],[-8.3275,43.4815],[-8.3348,43.479],[-8.3442,43.4698],[-8.3457,43.4618],[-8.337,43.4595],[-8.3345,43.4644],[-8.328,43.4651],[-8.3203,43.4678],[-8.317,43.4706],[-8.3129,43.4676],[-8.3088,43.4683],[-8.3044,43.4651],[-8.2996,43.4653],[-8.2968,43.4609],[-8.2821,43.464],[-8.2788,43.4684],[-8.2669,43.4678],[-8.2613,43.4735],[-8.2573,43.4896],[-8.2527,43.4896],[-8.2479,43.4932],[-8.2428,43.4902],[-8.2506,43.4845],[-8.2486,43.4762],[-8.2418,43.4772],[-8.2314,43.4814],[-8.2294,43.4784],[-8.2198,43.4772],[-8.2136,43.484],[-8.208,43.4819],[-8.2091,43.4777],[-8.2007,43.4773],[-8.1924,43.4904],[-8.1855,43.493],[-8.1759,43.4942],[-8.171,43.4999],[-8.174,43.5044],[-8.167,43.5076],[-8.1662,43.5126],[-8.1552,43.5102],[-8.1596,43.5073],[-8.1631,43.4941],[-8.169,43.4867],[-8.1696,43.4805],[-8.1738,43.4772],[-8.1816,43.4809],[-8.1862,43.4752],[-8.1819,43.472],[-8.1904,43.4701],[-8.1924,43.4641],[-8.1979,43.4635],[-8.202,43.4599],[-8.2164,43.4607],[-8.219,43.4578],[-8.2318,43.4561],[-8.2363,43.4624],[-8.2446,43.4603],[-8.2503,43.4615],[-8.2528,43.4654],[-8.2576,43.4619],[-8.2617,43.4623],[-8.2662,43.4559],[-8.2699,43.4565],[-8.2735,43.4634],[-8.2784,43.459],[-8.2842,43.4597],[-8.2919,43.4558],[-8.3038,43.4536],[-8.313,43.4532],[-8.3075,43.4464],[-8.316,43.4433],[-8.3085,43.4402],[-8.3033,43.4412],[-8.2982,43.4393],[-8.296,43.4353],[-8.2835,43.4376],[-8.2795,43.4365],[-8.2761,43.4317],[-8.266,43.4282],[-8.2563,43.4193],[-8.2548,43.4208],[-8.244,43.4175],[-8.2396,43.4195],[-8.2446,43.423],[-8.2382,43.4287],[-8.2275,43.4287],[-8.2129,43.4204],[-8.2032,43.4211],[-8.2035,43.424],[-8.1982,43.4266],[-8.1878,43.4246],[-8.1849,43.422],[-8.1757,43.421],[-8.1728,43.4176],[-8.1741,43.4129],[-8.178,43.4117],[-8.189,43.4133],[-8.1931,43.4109],[-8.2057,43.4092],[-8.2082,43.4045],[-8.213,43.4027],[-8.2124,43.397],[-8.2195,43.3928],[-8.2204,43.3851],[-8.2159,43.3785],[-8.2178,43.3678],[-8.2121,43.3664],[-8.2088,43.3627],[-8.211,43.3586],[-8.2165,43.3549],[-8.2099,43.3488],[-8.204,43.3364],[-8.2142,43.3393],[-8.2079,43.3294],[-8.2104,43.3273],[-8.2182,43.333],[-8.2241,43.3334],[-8.2299,43.3425],[-8.2408,43.343],[-8.244,43.3485],[-8.2511,43.3503],[-8.2527,43.3538],[-8.2499,43.3588],[-8.2511,43.3659],[-8.2599,43.3697],[-8.2617,43.3754],[-8.2672,43.3845],[-8.2774,43.3863],[-8.2836,43.386],[-8.2878,43.3831],[-8.2965,43.3852],[-8.299,43.3902],[-8.2972,43.3979],[-8.307,43.4045],[-8.3167,43.4014],[-8.3197,43.4033],[-8.3281,43.403],[-8.3379,43.3985],[-8.3507,43.3953],[-8.3467,43.3909],[-8.3526,43.3893],[-8.3555,43.3807],[-8.3426,43.3823],[-8.3381,43.3791],[-8.3387,43.3717],[-8.3442,43.3656],[-8.35,43.3552],[-8.3469,43.3532],[-8.3493,43.3463],[-8.3561,43.3435],[-8.3788,43.3399],[-8.3865,43.3478],[-8.3851,43.3538],[-8.3893,43.3573],[-8.3878,43.3614],[-8.3937,43.3637],[-8.3977,43.3598],[-8.4021,43.3597],[-8.404,43.3637],[-8.4017,43.3668],[-8.3877,43.3698],[-8.3926,43.3748],[-8.3944,43.3816],[-8.3917,43.385],[-8.3979,43.389],[-8.4094,43.3873],[-8.4105,43.3799],[-8.4036,43.3738],[-8.4069,43.37],[-8.4121,43.3689],[-8.4189,43.3726],[-8.4217,43.3774],[-8.4293,43.3776],[-8.4352,43.3811],[-8.4419,43.3808],[-8.4478,43.3765],[-8.4493,43.373],[-8.4576,43.3695],[-8.4602,43.3599],[-8.465,43.3602],[-8.4713,43.3579],[-8.4751,43.353],[-8.4883,43.3531],[-8.4874,43.3594],[-8.4915,43.3608],[-8.4998,43.3539],[-8.494,43.35],[-8.5103,43.328],[-8.5182,43.3276],[-8.5222,43.3231],[-8.5288,43.3207],[-8.5305,43.318],[-8.5456,43.3127],[-8.551,43.3121],[-8.566,43.3131],[-8.5698,43.3151],[-8.5817,43.318],[-8.5895,43.3155],[-8.5925,43.3214],[-8.6124,43.3158],[-8.6212,43.3172],[-8.6319,43.3127],[-8.635,43.3088],[-8.6573,43.3033],[-8.6693,43.3027],[-8.6858,43.2988],[-8.6957,43.2937],[-8.7052,43.2924],[-8.7067,43.2907],[-8.7175,43.2903],[-8.723,43.292],[-8.7263,43.2978],[-8.7386,43.2939],[-8.7476,43.2943],[-8.7635,43.3023],[-8.767,43.3006],[-8.776,43.3004],[-8.7881,43.3054],[-8.7893,43.3094],[-8.7952,43.3102],[-8.8036,43.3163],[-8.8062,43.3261],[-8.8141,43.3244],[-8.8188,43.3285],[-8.8285,43.3301],[-8.8294,43.3411],[-8.8324,43.3445],[-8.8426,43.3445],[-8.8469,43.3402],[-8.847,43.3332],[-8.8494,43.3273],[-8.8486,43.3195],[-8.8569,43.321],[-8.8738,43.3221],[-8.8735,43.3147],[-8.8794,43.3134],[-8.881,43.3178],[-8.8884,43.3206],[-8.8942,43.3188],[-8.9012,43.3216],[-8.912,43.3205],[-8.9134,43.3177],[-8.9108,43.3105],[-8.9067,43.3066],[-8.9112,43.3023],[-8.9061,43.2953],[-8.9158,43.2931],[-8.9178,43.2961],[-8.9288,43.2909],[-8.9329,43.2866],[-8.9379,43.2895],[-8.9556,43.2928],[-8.9596,43.292],[-8.9626,43.2867],[-8.974,43.2863],[-8.9779,43.2828],[-8.9844,43.282],[-8.986,43.2768],[-8.9913,43.2747],[-8.9837,43.2705],[-8.979,43.2636],[-8.9654,43.262],[-8.9572,43.2653],[-8.9524,43.2618],[-8.9527,43.2553],[-8.9497,43.2539],[-8.9525,43.2479],[-8.9472,43.2413],[-8.9424,43.2414],[-8.9418,43.2375],[-8.9374,43.2312],[-8.9398,43.2269],[-8.9448,43.2268],[-8.9524,43.2306],[-8.9551,43.2282],[-8.9665,43.2286],[-8.9715,43.2239],[-8.9808,43.2294],[-8.9861,43.2263],[-8.9868,43.2213],[-8.9915,43.2167],[-8.9993,43.2169],[-9.004,43.2213],[-9.004,43.2307],[-9.0102,43.2334],[-9.014,43.231],[-9.0113,43.2268],[-9.0145,43.2214],[-9.0194,43.2206],[-9.0199,43.2155],[-9.0253,43.2134],[-9.0324,43.2156],[-9.0352,43.2124],[-9.0351,43.2067],[-9.0385,43.1984],[-9.0503,43.1891],[-9.0573,43.1884],[-9.0595,43.1851],[-9.0717,43.187],[-9.0763,43.1859],[-9.0779,43.1814],[-9.0891,43.1835],[-9.0895,43.1895],[-9.096,43.191],[-9.1048,43.1889],[-9.107,43.1853],[-9.1135,43.188],[-9.1147,43.1942],[-9.1233,43.1957],[-9.1313,43.1953],[-9.1418,43.1916],[-9.1494,43.1946],[-9.1516,43.1862],[-9.1614,43.1833],[-9.1656,43.1833],[-9.1727,43.1903],[-9.1784,43.1841],[-9.179,43.1726],[-9.1842,43.1675],[-9.1873,43.1612],[-9.1976,43.1601],[-9.196,43.1567],[-9.2079,43.1557],[-9.2134,43.1571],[-9.2148,43.1509],[-9.2052,43.1429],[-9.2035,43.1341],[-9.2056,43.1307],[-9.1852,43.1231],[-9.1781,43.1357],[-9.1715,43.1366],[-9.1703,43.145],[-9.1667,43.151],[-9.1633,43.1469],[-9.1673,43.1325],[-9.1582,43.1266],[-9.1625,43.1217],[-9.1669,43.1058],[-9.1761,43.1024],[-9.1832,43.1035],[-9.1852,43.1001],[-9.1821,43.0957],[-9.185,43.0914],[-9.1893,43.09],[-9.1939,43.0918],[-9.1935,43.0958],[-9.1975,43.0978],[-9.1984,43.104],[-9.2081,43.1009],[-9.2162,43.1047],[-9.2152,43.1097],[-9.2213,43.1131],[-9.2207,43.1038],[-9.2244,43.0989],[-9.2223,43.095],[-9.2257,43.0883],[-9.2304,43.0913],[-9.239,43.0902],[-9.2453,43.0868],[-9.2476,43.0928],[-9.2577,43.0907],[-9.2542,43.0866],[-9.252,43.0765],[-9.2499,43.0749],[-9.2509,43.0688],[-9.254,43.0676],[-9.2541,43.062],[-9.2593,43.0512],[-9.2622,43.0484],[-9.2675,43.0524],[-9.2723,43.0446],[-9.278,43.0445],[-9.2856,43.0468],[-9.2902,43.0561],[-9.2989,43.0565],[-9.2991,43.0497],[-9.2946,43.0443],[-9.288,43.0444],[-9.2838,43.0338],[-9.2823,43.0194],[-9.2775,43.0106],[-9.2731,43.0091],[-9.2664,43.0119],[-9.2619,43.0095],[-9.2572,43.0024],[-9.2609,42.9991],[-9.2594,42.9916],[-9.26,42.9864],[-9.2628,42.9822],[-9.2607,42.9742],[-9.2673,42.9647],[-9.2734,42.9615],[-9.2788,42.9567],[-9.2825,42.9558],[-9.2819,42.9431],[-9.2888,42.9428],[-9.2895,42.9372],[-9.2936,42.9266],[-9.2979,42.9232],[-9.293,42.9203],[-9.2833,42.92],[-9.2805,42.9132],[-9.2755,42.9103],[-9.2752,42.9061],[-9.2797,42.8949],[-9.2808,42.8894],[-9.2743,42.8857],[-9.2737,42.8806],[-9.2674,42.8839],[-9.2645,42.8927],[-9.2622,42.8941],[-9.2621,42.9013],[-9.2597,42.9036],[-9.2646,42.9153],[-9.2588,42.9227],[-9.2512,42.9256],[-9.2327,42.9275],[-9.2321,42.9331],[-9.2333,42.9409],[-9.2278,42.9404],[-9.2203,42.9427],[-9.2155,42.9342],[-9.2178,42.9316],[-9.2118,42.9281],[-9.2089,42.9289],[-9.2093,42.9167],[-9.1958,42.9183],[-9.1891,42.9153],[-9.1834,42.9161],[-9.1867,42.9237],[-9.1841,42.9297],[-9.1877,42.9366],[-9.1905,42.9381],[-9.1898,42.945],[-9.1932,42.9452],[-9.191,42.9519],[-9.1882,42.9523],[-9.1837,42.9461],[-9.1734,42.9439],[-9.1729,42.9356],[-9.1657,42.9261],[-9.1629,42.9205],[-9.1606,42.9118],[-9.1501,42.9118],[-9.1425,42.9089],[-9.1335,42.9109],[-9.1255,42.9051],[-9.1292,42.9038],[-9.1333,42.897],[-9.1441,42.8944],[-9.1384,42.8895],[-9.1404,42.8829],[-9.147,42.8834],[-9.1455,42.8767],[-9.1501,42.8726],[-9.1456,42.867],[-9.1462,42.862],[-9.1432,42.8568],[-9.1356,42.8481],[-9.1297,42.8439],[-9.1254,42.8474],[-9.1175,42.8464],[-9.1119,42.8426],[-9.1082,42.8355],[-9.1072,42.8234],[-9.1098,42.8161],[-9.1154,42.8106],[-9.1224,42.8069],[-9.1373,42.8054],[-9.1409,42.8033],[-9.1503,42.803],[-9.1511,42.798],[-9.1481,42.7951],[-9.1403,42.7947],[-9.1346,42.7907],[-9.1297,42.7844],[-9.1288,42.7787],[-9.1255,42.7755],[-9.1267,42.7709],[-9.1182,42.7667],[-9.1144,42.7612],[-9.1158,42.7543],[-9.113,42.7528],[-9.1045,42.7559],[-9.0958,42.7516],[-9.0913,42.7468],[-9.0894,42.7384],[-9.0806,42.7381],[-9.0765,42.7417],[-9.0762,42.7455],[-9.0804,42.7507],[-9.0756,42.7571],[-9.0607,42.7598],[-9.0557,42.7624],[-9.0547,42.7665],[-9.0479,42.7697],[-9.0487,42.7723],[-9.0575,42.775],[-9.0608,42.7808],[-9.0649,42.7825],[-9.0639,42.7869],[-9.0586,42.7853],[-9.0522,42.7875],[-9.0407,42.7877],[-9.0339,42.7911],[-9.028,42.7989],[-9.0205,42.8007],[-9.0127,42.7981],[-9.0114,42.7949],[-9.0163,42.7914],[-9.0152,42.7842],[-8.9839,42.7785],[-8.9772,42.7909],[-8.9675,42.788],[-8.9678,42.7818],[-8.9631,42.7786],[-8.9529,42.7815],[-8.9495,42.7887],[-8.9449,42.793],[-8.9465,42.7965],[-8.9421,42.8017],[-8.931,42.8051],[-8.9311,42.8024],[-8.9222,42.797],[-8.9087,42.8],[-8.9065,42.8054],[-8.9053,42.8177],[-8.8997,42.8217],[-8.8968,42.8166],[-8.901,42.816],[-8.9019,42.8092],[-8.899,42.8066],[-8.9021,42.8001],[-8.8989,42.7974],[-8.9101,42.7921],[-8.9222,42.79],[-8.9334,42.7776],[-8.9362,42.7785],[-8.9413,42.7735],[-8.9404,42.7683],[-8.947,42.7594],[-8.9528,42.7591],[-8.9539,42.7488],[-8.96,42.7466],[-8.9687,42.7412],[-8.973,42.7415],[-8.976,42.745],[-8.991,42.7405],[-8.992,42.7359],[-8.9957,42.7344],[-8.9949,42.7289],[-8.9997,42.7264],[-9.0038,42.7278],[-9.0094,42.725],[-9.0098,42.7122],[-9.0139,42.709],[-9.0183,42.7104],[-9.0242,42.7078],[-9.0251,42.7035],[-9.0295,42.7014],[-9.0316,42.6937],[-9.0284,42.6904],[-9.03,42.68],[-9.033,42.6738],[-9.0417,42.669],[-9.0413,42.6525],[-9.0369,42.6486],[-9.0415,42.6355],[-9.0463,42.6283],[-9.0567,42.6194],[-9.0594,42.6147],[-9.0619,42.6036],[-9.0681,42.5978],[-9.0737,42.5993],[-9.0817,42.594],[-9.0762,42.5906],[-9.0764,42.5848],[-9.0817,42.5781],[-9.0867,42.5785],[-9.091,42.5743],[-9.0876,42.5701],[-9.0776,42.5682],[-9.0762,42.5709],[-9.0656,42.5767],[-9.0604,42.578],[-9.0524,42.5759],[-9.0447,42.5715],[-9.0341,42.5593],[-9.0302,42.5522],[-9.0307,42.5432],[-9.0384,42.5393],[-9.0428,42.5276],[-9.0426,42.5193],[-9.0281,42.5202],[-9.0229,42.517],[-9.0173,42.5224],[-9.0125,42.5231],[-9.0077,42.5276],[-9.0015,42.5294],[-8.9893,42.5358],[-8.9834,42.5442],[-8.9856,42.5502],[-8.9903,42.5555],[-8.9911,42.5633],[-8.9815,42.5683],[-8.974,42.5694],[-8.963,42.5691],[-8.9631,42.5725],[-8.9555,42.5839],[-8.9493,42.5851],[-8.9413,42.5824],[-8.9315,42.5868],[-8.9233,42.5862],[-8.9205,42.5908],[-8.9237,42.5967],[-8.9321,42.5967],[-8.9357,42.6014],[-8.9372,42.6073],[-8.9338,42.6109],[-8.9222,42.618],[-8.9226,42.6203],[-8.9108,42.6297],[-8.9036,42.6325],[-8.9006,42.6407],[-8.8917,42.6411],[-8.8802,42.6381],[-8.8735,42.6324],[-8.8747,42.628],[-8.8834,42.6251],[-8.8876,42.6197],[-8.886,42.6158],[-8.8803,42.6128],[-8.8761,42.6137],[-8.8621,42.6061],[-8.8572,42.6073],[-8.8622,42.6159],[-8.8598,42.619],[-8.8589,42.6266],[-8.8554,42.6301],[-8.8494,42.6307],[-8.8403,42.6287],[-8.8379,42.6343],[-8.8454,42.6383],[-8.8544,42.6397],[-8.8611,42.6462],[-8.8569,42.6484],[-8.8531,42.6564],[-8.852,42.6652],[-8.8448,42.6657],[-8.8403,42.6732],[-8.8416,42.68],[-8.8346,42.6773],[-8.8321,42.6707],[-8.8263,42.6672],[-8.8183,42.6658],[-8.8137,42.6604],[-8.8222,42.6503],[-8.8224,42.6462],[-8.8117,42.6443],[-8.8054,42.6389],[-8.7946,42.6367],[-8.7874,42.6409],[-8.7789,42.642],[-8.7688,42.652],[-8.7631,42.6519],[-8.7562,42.6474],[-8.7474,42.6522],[-8.7462,42.6599],[-8.7375,42.6699],[-8.7307,42.673],[-8.7295,42.666],[-8.7389,42.6611],[-8.7417,42.6485],[-8.7488,42.6424],[-8.7542,42.6412],[-8.7638,42.6325],[-8.7648,42.6284],[-8.7696,42.6233],[-8.774,42.6213],[-8.778,42.6139],[-8.7746,42.6131],[-8.7686,42.6066],[-8.7675,42.6005],[-8.7722,42.5932],[-8.7816,42.5953],[-8.789,42.59],[-8.7905,42.5859],[-8.7949,42.5856],[-8.7953,42.5801],[-8.8021,42.5804],[-8.8082,42.5759],[-8.8237,42.5783],[-8.83,42.5753],[-8.8297,42.5672],[-8.8316,42.5621],[-8.8186,42.5594],[-8.8219,42.5547],[-8.833,42.5602],[-8.8357,42.5586],[-8.8363,42.5524],[-8.8318,42.5454],[-8.8263,42.5408],[-8.8272,42.5357],[-8.8258,42.5266],[-8.8163,42.5223],[-8.8155,42.5153],[-8.8174,42.5136],[-8.8161,42.5056],[-8.8133,42.4999],[-8.8055,42.5008],[-8.8087,42.4942],[-8.8175,42.4918],[-8.8232,42.4935],[-8.8276,42.4908],[-8.8307,42.4847],[-8.8299,42.4801],[-8.8261,42.4741],[-8.8297,42.4713],[-8.8209,42.4676],[-8.8225,42.4609],[-8.82,42.4517],[-8.828,42.457],[-8.8375,42.459],[-8.8415,42.4559],[-8.8474,42.4561],[-8.8557,42.451],[-8.8686,42.4476],[-8.8727,42.4542],[-8.873,42.4611],[-8.8623,42.4698],[-8.8576,42.4697],[-8.857,42.4786],[-8.8603,42.483],[-8.8573,42.4873],[-8.8578,42.4915],[-8.8633,42.4985],[-8.8731,42.4993],[-8.8788,42.4977],[-8.8839,42.4986],[-8.8905,42.4926],[-8.8851,42.4919],[-8.8829,42.4887],[-8.8879,42.4847],[-8.8922,42.486],[-8.8944,42.4813],[-8.8996,42.4801],[-8.9064,42.4763],[-8.9129,42.4753],[-8.9238,42.4784],[-8.9338,42.4782],[-8.9376,42.4744],[-8.9363,42.4686],[-8.9407,42.4631],[-8.9372,42.4568],[-8.9236,42.4548],[-8.9135,42.4623],[-8.9032,42.4606],[-8.8983,42.461],[-8.892,42.4578],[-8.8858,42.457],[-8.8785,42.4506],[-8.8742,42.4448],[-8.8712,42.4343],[-8.8734,42.4328],[-8.8746,42.4259],[-8.8811,42.4152],[-8.8748,42.4153],[-8.8648,42.4112],[-8.858,42.4021],[-8.8493,42.3973],[-8.8425,42.3868],[-8.8387,42.3843],[-8.8329,42.3894],[-8.8294,42.389],[-8.8222,42.3937],[-8.8212,42.3988],[-8.8163,42.3977],[-8.8133,42.4012],[-8.8065,42.3993],[-8.7996,42.4006],[-8.7929,42.3978],[-8.788,42.3977],[-8.7783,42.3933],[-8.7764,42.3883],[-8.7721,42.3893],[-8.7703,42.3944],[-8.7617,42.3944],[-8.7584,42.3972],[-8.7572,42.4024],[-8.7492,42.4029],[-8.7408,42.4138],[-8.7343,42.4139],[-8.7269,42.4175],[-8.7198,42.4228],[-8.7146,42.4216],[-8.7084,42.4261],[-8.7036,42.4346],[-8.6952,42.4377],[-8.6876,42.4376],[-8.6851,42.4238],[-8.676,42.4205],[-8.6728,42.424],[-8.652,42.4281],[-8.6564,42.4233],[-8.6648,42.4209],[-8.6827,42.4069],[-8.6874,42.4042],[-8.6911,42.4062],[-8.6993,42.3945],[-8.7105,42.396],[-8.7116,42.3928],[-8.7184,42.3892],[-8.7208,42.385],[-8.7255,42.3852],[-8.7281,42.3786],[-8.7323,42.3744],[-8.7385,42.3735],[-8.7402,42.369],[-8.7441,42.3682],[-8.745,42.3615],[-8.7514,42.3507],[-8.752,42.3441],[-8.7554,42.3398],[-8.7627,42.3395],[-8.7718,42.3322],[-8.7817,42.3282],[-8.7911,42.327],[-8.8004,42.3327],[-8.7993,42.3379],[-8.8101,42.3393],[-8.8158,42.3374],[-8.824,42.3381],[-8.8248,42.3407],[-8.8336,42.3418],[-8.8338,42.3342],[-8.8277,42.3336],[-8.8261,42.3258],[-8.8223,42.3158],[-8.8196,42.3144],[-8.8174,42.307],[-8.8223,42.3028],[-8.8233,42.2971],[-8.8198,42.291],[-8.823,42.2873],[-8.8201,42.2798],[-8.8219,42.2751],[-8.8317,42.2782],[-8.8314,42.2831],[-8.8369,42.2865],[-8.8377,42.291],[-8.8449,42.2916],[-8.8565,42.3093],[-8.8595,42.3048],[-8.8579,42.3004],[-8.8595,42.2866],[-8.8646,42.2778],[-8.8625,42.2689],[-8.8706,42.254],[-8.8656,42.2501],[-8.8604,42.2528],[-8.8567,42.2613],[-8.8464,42.2604],[-8.8347,42.2568],[-8.8308,42.2511],[-8.8247,42.2513],[-8.8181,42.2554],[-8.8153,42.2593],[-8.8102,42.258],[-8.8048,42.2518],[-8.794,42.2477],[-8.7889,42.2488],[-8.7876,42.2564],[-8.7842,42.2628],[-8.7759,42.2632],[-8.7661,42.2595],[-8.7547,42.2633],[-8.7508,42.2682],[-8.741,42.271],[-8.7373,42.2736],[-8.7344,42.2839],[-8.7315,42.2867],[-8.7201,42.2848],[-8.7165,42.2864],[-8.7113,42.2768],[-8.698,42.2815],[-8.6897,42.28],[-8.6796,42.2867],[-8.6772,42.2905],[-8.6683,42.2901],[-8.6582,42.2919],[-8.6518,42.2978],[-8.6583,42.3042],[-8.6623,42.3107],[-8.6602,42.3159],[-8.6558,42.3199],[-8.65,42.321],[-8.6458,42.3249],[-8.6362,42.3265],[-8.6369,42.3325],[-8.6453,42.3373],[-8.6381,42.3434],[-8.6368,42.3474],[-8.628,42.3508],[-8.6268,42.3473],[-8.6201,42.3496],[-8.6119,42.3452],[-8.6145,42.3406],[-8.6119,42.3365],[-8.616,42.3309],[-8.6121,42.3283],[-8.6162,42.3228],[-8.6195,42.3154],[-8.6207,42.3083],[-8.6147,42.3009],[-8.6149,42.2953],[-8.6227,42.2882],[-8.6291,42.285],[-8.647,42.2903],[-8.6628,42.2811],[-8.6683,42.2792],[-8.6771,42.2643],[-8.6802,42.2642],[-8.6903,42.2577],[-8.6968,42.26],[-8.7029,42.2598],[-8.7099,42.2504],[-8.7093,42.2445],[-8.7127,42.2411],[-8.7264,42.2408],[-8.7344,42.2396],[-8.7377,42.2346],[-8.7348,42.2322],[-8.7405,42.2263],[-8.7492,42.2256],[-8.7544,42.2326],[-8.7621,42.2315],[-8.7594,42.2233],[-8.7718,42.2242],[-8.7774,42.2197],[-8.7757,42.2124],[-8.7794,42.2043],[-8.7864,42.1999],[-8.7963,42.1976],[-8.7972,42.1941],[-8.8064,42.1906],[-8.8115,42.1906],[-8.8161,42.1869],[-8.8123,42.1823],[-8.8144,42.1777],[-8.8148,42.1712],[-8.8206,42.1589],[-8.8261,42.1548],[-8.8346,42.1535],[-8.8371,42.1579],[-8.8498,42.1568],[-8.8492,42.1497],[-8.8433,42.1473],[-8.83,42.1483],[-8.8201,42.1414],[-8.8184,42.1358],[-8.8211,42.1268],[-8.8269,42.1239],[-8.8237,42.117],[-8.8342,42.1126],[-8.8411,42.1146],[-8.852,42.1228],[-8.8632,42.1212],[-8.8684,42.1149],[-8.8736,42.1151],[-8.8781,42.1113],[-8.889,42.1138],[-8.8921,42.1115],[-8.9006,42.1123],[-8.8994,42.1039],[-8.8945,42.0944],[-8.895,42.0852],[-8.8917,42.0825],[-8.8971,42.0766],[-8.8942,42.0735],[-8.8966,42.0667],[-8.8914,42.0606],[-8.8895,42.0559],[-8.892,42.0514],[-8.8864,42.0501],[-8.8881,42.046],[-8.8846,42.0407],[-8.8846,42.0326],[-8.8891,42.0267],[-8.8868,42.0247],[-8.8845,42.0125],[-8.885,42.0078],[-8.8799,41.9982],[-8.8847,41.9945],[-8.8885,41.9773],[-8.886,41.9679],[-8.8878,41.9634],[-8.8851,41.9526],[-8.8871,41.941],[-8.8853,41.931],[-8.8847,41.9167],[-8.8775,41.9101],[-8.8813,41.9022],[-8.8769,41.8976],[-8.8807,41.8922],[-8.8823,41.8831],[-8.8797,41.8777],[-8.8692,41.8668],[-8.8632,41.872],[-8.8506,41.8773],[-8.8448,41.8831],[-8.838,41.8874],[-8.8372,41.8935],[-8.8336,41.8984],[-8.8235,41.9045],[-8.7873,41.9175],[-8.7675,41.9292],[-8.7554,41.9348],[-8.7483,41.9419],[-8.7456,41.9509],[-8.7477,41.9564],[-8.7457,41.9641],[-8.7315,41.9729],[-8.7145,41.9798],[-8.6993,41.9834],[-8.6906,41.9887],[-8.6804,41.9901],[-8.6729,41.9963],[-8.662,42.0035],[-8.6581,42.0189],[-8.6593,42.0255],[-8.6577,42.0307],[-8.6487,42.0351],[-8.6435,42.0392],[-8.6404,42.0447],[-8.6302,42.05],[-8.6131,42.0528],[-8.5945,42.0551],[-8.574,42.0516],[-8.5553,42.0529],[-8.5435,42.0556],[-8.5317,42.0607],[-8.5255,42.0645],[-8.5288,42.0745],[-8.5236,42.0785],[-8.5139,42.0775],[-8.5012,42.0785],[-8.4852,42.0821],[-8.4742,42.0809],[-8.4591,42.0817],[-8.4534,42.083],[-8.4434,42.0829],[-8.4344,42.0774],[-8.429,42.0722],[-8.4191,42.0731],[-8.4044,42.0804],[-8.394,42.0806],[-8.3902,42.0754],[-8.3803,42.0777],[-8.3716,42.0877],[-8.3652,42.09],[-8.3537,42.0904],[-8.3438,42.0855],[-8.3319,42.0842],[-8.3254,42.0902],[-8.3234,42.1011],[-8.3165,42.1047],[-8.314,42.1033],[-8.3033,42.1043],[-8.2964,42.1079],[-8.2951,42.1107],[-8.2744,42.1233],[-8.2643,42.1204],[-8.2586,42.1214],[-8.2561,42.1279],[-8.2563,42.1351],[-8.2451,42.1394],[-8.241,42.1389],[-8.2321,42.1332],[-8.2241,42.1331],[-8.2188,42.1381],[-8.2075,42.1409],[-8.2019,42.1473],[-8.2023,42.1522],[-8.199,42.1544],[-8.1918,42.1426],[-8.1889,42.1358],[-8.1932,42.1278],[-8.186,42.097],[-8.187,42.0886],[-8.1846,42.0776],[-8.1873,42.0746],[-8.1823,42.0669],[-8.1715,42.0677],[-8.159,42.0766],[-8.1491,42.0799],[-8.1377,42.0761],[-8.1241,42.0832],[-8.1185,42.0821],[-8.1007,42.0728],[-8.0969,42.0718],[-8.0889,42.059],[-8.0843,42.0474],[-8.0828,42.0361],[-8.0855,42.017],[-8.0925,42.0121],[-8.0992,42.0092],[-8.1099,42.0072],[-8.1148,42.0046],[-8.1245,42.0064],[-8.1302,42.0036],[-8.1406,41.9888],[-8.1635,41.9827],[-8.1632,41.9756],[-8.1697,41.9632],[-8.1743,41.9623],[-8.1767,41.9588],[-8.1755,41.9547],[-8.1893,41.9475],[-8.1966,41.9405],[-8.2074,41.9244],[-8.2111,41.923],[-8.2128,41.9177],[-8.2172,41.9131],[-8.2138,41.9015],[-8.2148,41.8983],[-8.2052,41.8935],[-8.1976,41.8799],[-8.1973,41.8753],[-8.1899,41.8768],[-8.1828,41.8749],[-8.1706,41.879],[-8.1661,41.8621],[-8.1617,41.8606],[-8.1633,41.8334],[-8.1651,41.8183],[-8.1525,41.8177],[-8.1459,41.8146],[-8.13,41.8089],[-8.1233,41.8088],[-8.1172,41.8122],[-8.1056,41.8125],[-8.1008,41.81],[-8.0939,41.8089],[-8.0869,41.8131],[-8.0846,41.8112],[-8.0732,41.8135],[-8.0643,41.8175],[-8.0575,41.8162],[-8.0464,41.8237],[-8.041,41.8251],[-8.0394,41.8296],[-8.0342,41.8307],[-8.0299,41.8291],[-8.0203,41.8311],[-8.0123,41.8296],[-8.0118,41.8335],[-8.0073,41.8382],[-8.005,41.8468],[-8.0028,41.8495],[-7.9945,41.8526],[-7.9946,41.8579],[-7.9895,41.8593],[-7.9888,41.8676],[-7.9809,41.8724],[-7.971,41.8762],[-7.9619,41.8741],[-7.9565,41.8753],[-7.9541,41.8719],[-7.9436,41.8715],[-7.9368,41.8754],[-7.919,41.8813],[-7.9202,41.8828],[-7.9092,41.908],[-7.909,41.9229],[-7.9058,41.9274],[-7.8876,41.9271],[-7.8844,41.9244],[-7.8835,41.9187],[-7.8874,41.9073],[-7.8844,41.8891],[-7.8848,41.8809],[-7.8882,41.8661],[-7.8922,41.8602],[-7.887,41.8558],[-7.8816,41.8561],[-7.8747,41.8471],[-7.8729,41.8466],[-7.8663,41.8589],[-7.8499,41.8616],[-7.8419,41.866],[-7.8452,41.8813],[-7.8405,41.8811],[-7.8024,41.882],[-7.7921,41.883],[-7.7784,41.8869],[-7.7635,41.899],[-7.7532,41.8982],[-7.745,41.8931],[-7.7333,41.8923],[-7.7221,41.9005],[-7.7041,41.9073],[-7.6973,41.9072],[-7.6878,41.9022],[-7.6782,41.8932],[-7.6689,41.8934],[-7.6669,41.8891],[-7.6539,41.8812],[-7.6326,41.8795],[-7.6254,41.8799],[-7.6184,41.8851],[-7.6075,41.8795],[-7.592,41.8806],[-7.5833,41.8787],[-7.5841,41.8757],[-7.5925,41.8698],[-7.5985,41.8692],[-7.6002,41.8604],[-7.6072,41.8526],[-7.6062,41.8489],[-7.6116,41.8467],[-7.612,41.8405],[-7.6144,41.8364],[-7.6114,41.8292],[-7.5988,41.8331],[-7.5739,41.8297],[-7.5663,41.8329],[-7.559,41.8344],[-7.5511,41.8338],[-7.5207,41.8422],[-7.5112,41.8465],[-7.5055,41.8508],[-7.5076,41.8556],[-7.5133,41.8621],[-7.5114,41.8653],[-7.5022,41.8694],[-7.4913,41.8712],[-7.4853,41.8613],[-7.4742,41.8638],[-7.4596,41.8637],[-7.4525,41.8651],[-7.4456,41.8578],[-7.4488,41.8528],[-7.4475,41.8449],[-7.4437,41.8394],[-7.4397,41.8387],[-7.426,41.8306],[-7.4306,41.8214],[-7.4251,41.8175],[-7.4291,41.8133],[-7.428,41.8082],[-7.4088,41.8167],[-7.4027,41.8218],[-7.4027,41.8254],[-7.3976,41.8264],[-7.3949,41.8332],[-7.3915,41.8351],[-7.39,41.8423],[-7.3855,41.8427],[-7.3755,41.8468],[-7.3639,41.8528],[-7.3564,41.8405],[-7.3412,41.8443],[-7.3207,41.8443],[-7.315,41.8428],[-7.305,41.8474],[-7.301,41.8516],[-7.2838,41.8522],[-7.2695,41.8609],[-7.2622,41.8628],[-7.2578,41.8659],[-7.2443,41.8689],[-7.2327,41.8672],[-7.2196,41.8728],[-7.2083,41.88],[-7.1967,41.88],[-7.1903,41.8882],[-7.1852,41.8964],[-7.1823,41.9119],[-7.1734,41.9192],[-7.18,41.9317],[-7.1839,41.933],[-7.1868,41.9413],[-7.1838,41.9447],[-7.1875,41.9475],[-7.1822,41.9518],[-7.1851,41.9621],[-7.186,41.9703],[-7.1794,41.9796],[-7.1649,41.9796],[-7.159,41.9766],[-7.1553,41.979],[-7.1519,41.9866],[-7.1414,41.9908],[-7.1331,41.988],[-7.119,41.9866],[-7.1111,41.9821],[-7.0995,41.9787],[-7.0875,41.9735],[-7.0846,41.9641],[-7.0769,41.9519],[-7.0654,41.9489],[-7.0624,41.9505],[-7.0512,41.9495],[-7.046,41.9534],[-7.0364,41.9511],[-7.0256,41.9502],[-7.0062,41.9506],[-6.9988,41.9628],[-6.9858,41.971],[-6.9864,41.9787],[-6.9917,41.9861],[-6.9865,41.9948],[-6.9871,41.997],[-6.9795,42.0002],[-6.9763,42.009],[-6.9709,42.0135],[-6.9664,42.0238],[-6.9611,42.0272],[-6.9647,42.0337],[-6.9731,42.0391],[-6.9748,42.0552],[-6.9798,42.0536],[-6.9947,42.0514],[-7.0078,42.0516],[-7.0161,42.0548],[-7.0221,42.0609],[-7.031,42.0633],[-7.0336,42.0742],[-7.0197,42.0833],[-7.0123,42.0851],[-7.0025,42.0844],[-7.0028,42.0965],[-6.992,42.1043],[-6.9888,42.1082],[-6.9907,42.1154],[-6.9892,42.1218],[-6.9718,42.1246],[-6.9634,42.1285],[-6.9555,42.1293],[-6.9487,42.1356],[-6.9456,42.1444],[-6.9418,42.1613],[-6.941,42.1686],[-6.9438,42.1719],[-6.9386,42.1768],[-6.9198,42.1858],[-6.9146,42.189],[-6.9105,42.1881],[-6.9008,42.1895],[-6.8882,42.2023],[-6.8927,42.2077],[-6.8866,42.2145],[-6.8556,42.2269],[-6.8436,42.2283],[-6.8302,42.2263],[-6.8166,42.2209],[-6.8025,42.2187],[-6.7966,42.209],[-6.7903,42.2169],[-6.7961,42.2218],[-6.7944,42.2281],[-6.8019,42.2348],[-6.8031,42.239],[-6.7961,42.2424],[-6.7908,42.253],[-6.7759,42.2556],[-6.7713,42.2547],[-6.767,42.2575],[-6.7648,42.2679],[-6.765,42.2727],[-6.7544,42.284],[-6.753,42.2879],[-6.7411,42.2987],[-6.7432,42.3033],[-6.7362,42.3111],[-6.7369,42.3252],[-6.7405,42.3287],[-6.7375,42.3463],[-6.734,42.3591],[-6.7417,42.3601],[-6.754,42.3645],[-6.7578,42.3676],[-6.7665,42.365],[-6.7689,42.373],[-6.7742,42.3788],[-6.7786,42.381],[-6.788,42.3826],[-6.7959,42.382],[-6.8019,42.3837],[-6.8208,42.3856],[-6.8235,42.3919],[-6.8336,42.3955],[-6.8381,42.4017],[-6.8435,42.4058],[-6.8374,42.4093],[-6.8313,42.4084],[-6.8289,42.4168],[-6.821,42.4214],[-6.8248,42.4259],[-6.8146,42.4269],[-6.821,42.4317],[-6.8201,42.4395],[-6.822,42.4544],[-6.8115,42.4612],[-6.8086,42.4694],[-6.8147,42.4739],[-6.8181,42.4813],[-6.8255,42.4857],[-6.8227,42.4905],[-6.8288,42.4934],[-6.8325,42.4922],[-6.837,42.4955],[-6.841,42.489],[-6.8492,42.4867],[-6.8606,42.4891],[-6.876,42.4983],[-6.8972,42.5039],[-6.9099,42.5082],[-6.9189,42.5132],[-6.9251,42.5194],[-6.9592,42.5181],[-6.965,42.5134],[-6.9685,42.5048],[-6.9715,42.5009],[-6.9736,42.494],[-6.9812,42.4936],[-6.9973,42.4995],[-7.0045,42.5039],[-7.0196,42.5016],[-7.0287,42.4979],[-7.0326,42.5043],[-7.0519,42.5086],[-7.0599,42.5066],[-7.0738,42.5067],[-7.0642,42.5242],[-7.0594,42.5306],[-7.0604,42.5362],[-7.0707,42.5384],[-7.0639,42.5483],[-7.0628,42.5533],[-7.0559,42.559],[-7.0576,42.5637],[-7.0547,42.5678],[-7.0488,42.5693],[-7.0416,42.5774],[-7.0336,42.5841],[-7.0343,42.5875],[-7.0436,42.5897],[-7.0502,42.5979],[-7.0456,42.6038],[-7.0477,42.6127],[-7.0459,42.6221],[-7.0477,42.6255],[-7.047,42.6327],[-7.0419,42.6361],[-7.0381,42.636],[-7.0317,42.6396],[-7.0178,42.6452],[-7.0131,42.6418],[-7.0044,42.6429],[-7.01,42.6498],[-7.0175,42.6518],[-7.0204,42.6547],[-7.0126,42.6578],[-7.0174,42.6611],[-7.0155,42.6646],[-7.0318,42.6756],[-7.0342,42.6843],[-7.0452,42.6948],[-7.0377,42.7],[-7.029,42.7106],[-7.0216,42.7143],[-7.0135,42.7221],[-6.9994,42.727],[-6.9902,42.7266],[-6.9837,42.7187],[-6.9729,42.725],[-6.969,42.7296],[-6.9728,42.7379],[-6.9659,42.7423],[-6.9678,42.7475],[-6.9625,42.7532],[-6.9565,42.7556],[-6.9533,42.7523],[-6.9469,42.7415],[-6.9356,42.7409],[-6.9015,42.7613],[-6.8985,42.7653],[-6.8969,42.7719],[-6.8908,42.7773],[-6.879,42.7826],[-6.8758,42.7825],[-6.8674,42.7872],[-6.864,42.7929],[-6.8645,42.7974],[-6.8687,42.7992],[-6.867,42.804],[-6.858,42.81],[-6.8544,42.8106],[-6.852,42.818],[-6.8418,42.8227],[-6.8441,42.8281],[-6.8413,42.8324],[-6.8482,42.8334],[-6.8531,42.8387],[-6.8595,42.8485],[-6.8713,42.8738],[-6.8579,42.8763],[-6.8337,42.8821],[-6.8371,42.8774],[-6.8346,42.8733],[-6.8205,42.8679],[-6.8181,42.8724],[-6.8252,42.8769],[-6.8274,42.8802],[-6.8275,42.8891],[-6.8356,42.9043],[-6.842,42.9064],[-6.8242,42.9151],[-6.8358,42.9163],[-6.8418,42.9284],[-6.8347,42.9413],[-6.8358,42.9577],[-6.8531,42.9728],[-6.862,42.9789],[-6.8648,42.9839],[-6.8681,42.9837],[-6.8713,42.9887],[-6.8776,42.9886],[-6.8809,42.9913],[-6.8927,42.9879],[-6.8983,42.9892],[-6.9082,42.9889],[-6.9226,43.0017],[-6.9313,43.0046],[-6.9325,43.0083],[-6.9408,43.0115],[-6.9451,43.0225],[-6.9469,43.0326],[-6.9568,43.0366],[-6.958,43.0289],[-6.9643,43.026],[-6.9604,43.0224],[-6.9637,43.0201],[-6.9596,43.0154],[-6.9622,43.0117],[-6.9598,43.0092],[-6.9598,43.0033],[-6.957,42.998],[-6.9583,42.9952],[-6.9667,42.9914],[-6.9751,42.9961],[-6.9785,43.004],[-6.9835,43.0041],[-6.9883,43.0147],[-6.9969,43.0196],[-6.9947,43.0262],[-6.9913,43.0306],[-6.9868,43.0294],[-6.9822,43.0414],[-6.9788,43.0389],[-6.9759,43.0319],[-6.9725,43.0304],[-6.9661,43.0371],[-6.9636,43.0443],[-6.9653,43.0545],[-6.9689,43.0569],[-6.9664,43.061],[-6.9586,43.0621],[-6.9577,43.0679],[-6.9503,43.0685],[-6.952,43.0755],[-6.9447,43.0773],[-6.9394,43.0827],[-6.923,43.0816],[-6.9155,43.0733],[-6.9115,43.0775],[-6.9023,43.0828],[-6.8943,43.0917],[-6.8904,43.0904],[-6.8717,43.091],[-6.8652,43.1007],[-6.8312,43.1209],[-6.8274,43.1261],[-6.8221,43.1433],[-6.8263,43.1458],[-6.8296,43.1514],[-6.8367,43.1573],[-6.8389,43.1661],[-6.8471,43.167],[-6.8563,43.1724],[-6.862,43.182],[-6.8699,43.18],[-6.8671,43.1897],[-6.8746,43.187],[-6.8763,43.1756],[-6.8803,43.1699],[-6.8874,43.1662],[-6.8829,43.1607],[-6.8859,43.1568],[-6.8934,43.1548],[-6.9019,43.155],[-6.9057,43.1497],[-6.9143,43.147],[-6.9204,43.1405],[-6.9308,43.1415],[-6.9371,43.1394],[-6.9384,43.1329],[-6.9451,43.1319],[-6.9579,43.1364],[-6.9571,43.1395],[-6.9604,43.1448],[-6.9651,43.1485],[-6.9731,43.1494],[-6.9807,43.1669],[-6.9763,43.1756],[-6.9724,43.1808],[-6.9661,43.186],[-6.9645,43.1904],[-6.971,43.2042],[-6.9864,43.2022],[-6.9932,43.2085],[-7.0014,43.2073],[-7.007,43.2162],[-7.0096,43.2229],[-7.017,43.222],[-7.0178,43.2158],[-7.0206,43.2141],[-7.0341,43.2281],[-7.0412,43.2286],[-7.0466,43.2313],[-7.0507,43.2378],[-7.0616,43.244],[-7.0653,43.2495],[-7.0716,43.2678],[-7.0705,43.2758],[-7.0664,43.2796],[-7.0667,43.2869],[-7.0642,43.3017],[-7.0598,43.3053],[-7.0676,43.3069],[-7.0739,43.3057],[-7.0796,43.3002],[-7.0911,43.2998],[-7.1013,43.3041],[-7.1072,43.3142],[-7.1125,43.3175],[-7.1157,43.3266],[-7.1317,43.3341],[-7.1301,43.3409],[-7.1328,43.3477],[-7.1284,43.3562],[-7.1316,43.3629],[-7.1275,43.3726],[-7.1344,43.3774],[-7.139,43.3833],[-7.1505,43.3797],[-7.1563,43.3746],[-7.1625,43.3799],[-7.1677,43.3799],[-7.1719,43.3834],[-7.177,43.3841],[-7.1769,43.39],[-7.1824,43.3931],[-7.1798,43.3974],[-7.1744,43.3993],[-7.1688,43.4048],[-7.1764,43.4142],[-7.1724,43.4176],[-7.1718,43.4225],[-7.1748,43.4244],[-7.1728,43.4302],[-7.1613,43.432],[-7.1519,43.4287],[-7.142,43.4307],[-7.1375,43.4277],[-7.1269,43.4236],[-7.1189,43.4262],[-7.1138,43.4248],[-7.1095,43.4286],[-7.1027,43.427],[-7.0977,43.4331],[-7.1008,43.4401],[-7.0903,43.4449],[-7.0914,43.4541],[-7.0837,43.4582],[-7.0785,43.4652],[-7.0717,43.4663],[-7.07,43.4705],[-7.0619,43.4742],[-7.0573,43.4717],[-7.0471,43.4778],[-7.0489,43.4857],[-7.044,43.4954],[-7.0466,43.5082],[-7.0452,43.5148],[-7.0387,43.5272],[-7.0324,43.5334],[-7.0332,43.5447]]],[[[-8.8718,42.5241],[-8.867,42.5339],[-8.868,42.5432],[-8.8632,42.5457],[-8.8626,42.5541],[-8.858,42.5588],[-8.8602,42.5627],[-8.868,42.5634],[-8.8743,42.566],[-8.876,42.5747],[-8.8891,42.5675],[-8.8866,42.5614],[-8.8781,42.5577],[-8.8726,42.5633],[-8.8692,42.5558],[-8.8717,42.553],[-8.8746,42.5443],[-8.8799,42.5403],[-8.8717,42.5373],[-8.8718,42.5334],[-8.8813,42.5337],[-8.8796,42.5285],[-8.8754,42.5286],[-8.8718,42.5241]]],[[[-8.939,42.3552],[-8.9367,42.3566],[-8.9328,42.3747],[-8.9304,42.3779],[-8.9268,42.3892],[-8.9216,42.3929],[-8.9301,42.396],[-8.9338,42.3918],[-8.9344,42.3874],[-8.941,42.3863],[-8.9451,42.38],[-8.9389,42.3704],[-8.9476,42.3666],[-8.9483,42.3612],[-8.943,42.3561],[-8.939,42.3552]]],[[[-8.9138,42.2113],[-8.9066,42.2127],[-8.8992,42.2171],[-8.9021,42.2232],[-8.901,42.2262],[-8.8955,42.2275],[-8.9009,42.232],[-8.9,42.237],[-8.9027,42.2437],[-8.914,42.2515],[-8.9176,42.2484],[-8.9106,42.2435],[-8.9065,42.2378],[-8.909,42.2332],[-8.9069,42.2258],[-8.9097,42.2232],[-8.909,42.2185],[-8.9155,42.2172],[-8.9171,42.2129],[-8.9138,42.2113]]],[[[-9.0104,42.463],[-9.004,42.471],[-9.0081,42.4783],[-9.0147,42.4846],[-9.0188,42.4812],[-9.0192,42.4735],[-9.0149,42.4643],[-9.0104,42.463]]],[[[-8.8925,42.1906],[-8.892,42.1963],[-8.8975,42.1996],[-8.9032,42.2004],[-8.9087,42.207],[-8.9123,42.2025],[-8.9094,42.1983],[-8.9107,42.1947],[-8.9074,42.192],[-8.8987,42.1945],[-8.8925,42.1906]]],[[[-8.847,42.4819],[-8.842,42.4897],[-8.841,42.4944],[-8.851,42.4918],[-8.8527,42.4832],[-8.847,42.4819]]],[[[-8.8445,43.3552],[-8.836,43.3601],[-8.8386,43.3628],[-8.8494,43.3606],[-8.8445,43.3552]]],[[[-8.7868,42.614],[-8.7784,42.6186],[-8.7801,42.6218],[-8.7886,42.6202],[-8.7904,42.6166],[-8.7868,42.614]]]]},"properties":{"CodINE":"12","NAMEUNIT":"Galicia"}},
{"type":"Feature","geometry":{"type":"MultiPolygon","coordinates":[[[[-4.5791,40.2172],[-4.5727,40.2127],[-4.575,40.2067],[-4.5583,40.2028],[-4.5354,40.1993],[-4.5199,40.2022],[-4.517,40.2052],[-4.5169,40.2147],[-4.5098,40.2192],[-4.4975,40.2216],[-4.4724,40.2314],[-4.4545,40.2325],[-4.4475,40.2336],[-4.4387,40.2372],[-4.4345,40.2443],[-4.4364,40.2551],[-4.4352,40.2591],[-4.4305,40.2591],[-4.42,40.2651],[-4.4152,40.27],[-4.4077,40.2737],[-4.4006,40.2819],[-4.3926,40.2869],[-4.3845,40.2883],[-4.3847,40.2948],[-4.383,40.2992],[-4.387,40.3015],[-4.3816,40.3073],[-4.3813,40.3125],[-4.3762,40.3169],[-4.3736,40.3138],[-4.368,40.3138],[-4.3564,40.3086],[-4.3583,40.2947],[-4.3572,40.2879],[-4.3584,40.2767],[-4.3569,40.2703],[-4.3504,40.2623],[-4.3453,40.2529],[-4.348,40.2439],[-4.3482,40.238],[-4.3417,40.2405],[-4.3333,40.2382],[-4.3265,40.2335],[-4.3231,40.2271],[-4.3204,40.2276],[-4.3112,40.2345],[-4.3061,40.2328],[-4.3096,40.2279],[-4.3061,40.2218],[-4.2952,40.2189],[-4.2912,40.2215],[-4.2867,40.2279],[-4.275,40.2319],[-4.2697,40.236],[-4.267,40.2431],[-4.262,40.2476],[-4.2594,40.2586],[-4.2537,40.2629],[-4.2514,40.2698],[-4.2462,40.2742],[-4.2352,40.2739],[-4.2283,40.2749],[-4.2263,40.2699],[-4.2176,40.2729],[-4.2143,40.2697],[-4.2047,40.269],[-4.2033,40.2742],[-4.2047,40.2833],[-4.2038,40.2873],[-4.199,40.2902],[-4.1971,40.2941],[-4.1909,40.2974],[-4.1795,40.2934],[-4.1752,40.289],[-4.167,40.2727],[-4.1633,40.2699],[-4.1557,40.2689],[-4.144,40.2646],[-4.1449,40.2585],[-4.1507,40.2492],[-4.1437,40.2448],[-4.1315,40.249],[-4.1275,40.246],[-4.1197,40.2436],[-4.1112,40.2443],[-4.1043,40.2418],[-4.1006,40.2461],[-4.0952,40.2478],[-4.0857,40.256],[-4.0805,40.2669],[-4.0729,40.2655],[-4.0625,40.2577],[-4.0521,40.2515],[-4.0419,40.2497],[-4.026,40.2496],[-4.0262,40.2356],[-4.0221,40.2336],[-4.0143,40.2246],[-4.0062,40.2182],[-4.0014,40.2177],[-3.991,40.2095],[-3.9769,40.2119],[-3.9621,40.2123],[-3.9562,40.2115],[-3.9538,40.2063],[-3.9563,40.1991],[-3.9475,40.1941],[-3.9428,40.1961],[-3.9386,40.2026],[-3.9313,40.204],[-3.9224,40.1984],[-3.9162,40.1916],[-3.9103,40.1898],[-3.9023,40.1908],[-3.8942,40.1887],[-3.8854,40.1895],[-3.8777,40.1887],[-3.8761,40.1911],[-3.8666,40.1881],[-3.8514,40.1775],[-3.8528,40.1692],[-3.8408,40.1627],[-3.8342,40.1614],[-3.8173,40.1713],[-3.8104,40.169],[-3.8068,40.1772],[-3.8,40.1754],[-3.7925,40.1682],[-3.7846,40.1628],[-3.7791,40.1563],[-3.7775,40.1462],[-3.7714,40.1398],[-3.7539,40.134],[-3.7463,40.1322],[-3.7398,40.1352],[-3.7299,40.1439],[-3.7222,40.1477],[-3.7198,40.1471],[-3.7029,40.1371],[-3.6915,40.1328],[-3.6837,40.1323],[-3.6779,40.1392],[-3.6673,40.1433],[-3.6658,40.1353],[-3.6606,40.1284],[-3.6563,40.1253],[-3.6481,40.1244],[-3.641,40.1205],[-3.6212,40.1152],[-3.6076,40.109],[-3.613,40.1032],[-3.6161,40.0965],[-3.6147,40.0929],[-3.6084,40.0952],[-3.6037,40.0937],[-3.6104,40.0819],[-3.6192,40.0798],[-3.6233,40.0812],[-3.629,40.0783],[-3.6282,40.0754],[-3.6166,40.0688],[-3.6242,40.0606],[-3.6195,40.0577],[-3.6231,40.0541],[-3.6311,40.0537],[-3.6397,40.05],[-3.6398,40.0469],[-3.6356,40.0436],[-3.6403,40.0402],[-3.6444,40.0418],[-3.6492,40.0388],[-3.6489,40.0342],[-3.6556,40.0329],[-3.6574,40.0366],[-3.6635,40.0366],[-3.6682,40.032],[-3.6677,40.0278],[-3.6768,40.0209],[-3.6791,40.0165],[-3.6866,40.0177],[-3.6868,40.0217],[-3.6999,40.0195],[-3.708,40.0139],[-3.713,40.0087],[-3.7146,40.0045],[-3.7217,40.0011],[-3.7241,39.9972],[-3.7234,39.9923],[-3.7253,39.9884],[-3.7358,39.984],[-3.7352,39.9806],[-3.7439,39.9824],[-3.7468,39.9795],[-3.7413,39.9708],[-3.7372,39.9684],[-3.7313,39.9694],[-3.7289,39.9723],[-3.7234,39.9697],[-3.7279,39.9645],[-3.7353,39.9619],[-3.7466,39.9624],[-3.7531,39.9674],[-3.7589,39.9689],[-3.7527,39.9591],[-3.7511,39.9545],[-3.7545,39.9504],[-3.7666,39.9473],[-3.7707,39.9506],[-3.7702,39.954],[-3.758,39.9583],[-3.7632,39.9671],[-3.7672,39.9617],[-3.7721,39.9611],[-3.7785,39.957],[-3.7868,39.9539],[-3.7822,39.948],[-3.7864,39.9447],[-3.7941,39.9475],[-3.8012,39.9473],[-3.8017,39.952],[-3.8103,39.9538],[-3.8177,39.9467],[-3.8244,39.9473],[-3.8293,39.9405],[-3.8301,39.9334],[-3.8359,39.9317],[-3.84,39.942],[-3.8528,39.9394],[-3.8587,39.9334],[-3.8683,39.9318],[-3.8744,39.9296],[-3.8755,39.9269],[-3.8674,39.917],[-3.8754,39.9107],[-3.8689,39.9052],[-3.8598,39.9025],[-3.8449,39.9026],[-3.8345,39.8999],[-3.8297,39.8973],[-3.8251,39.8923],[-3.8149,39.8857],[-3.8064,39.8874],[-3.7898,39.8991],[-3.7788,39.9109],[-3.7594,39.9191],[-3.7485,39.9294],[-3.7439,39.9408],[-3.7306,39.9444],[-3.7169,39.9508],[-3.7111,39.9547],[-3.6976,39.9467],[-3.6834,39.9555],[-3.6776,39.9608],[-3.6591,39.9659],[-3.6345,39.9659],[-3.6314,39.9696],[-3.6336,39.9735],[-3.638,39.9884],[-3.6292,39.9927],[-3.6225,39.9911],[-3.6143,39.9949],[-3.6104,39.9983],[-3.5946,40.0017],[-3.59,40.0132],[-3.5752,40.0137],[-3.5747,40.0157],[-3.5512,40.0181],[-3.5306,40.0181],[-3.5197,40.0211],[-3.5221,40.0261],[-3.5169,40.0372],[-3.5153,40.0433],[-3.5077,40.0444],[-3.5051,40.0472],[-3.4992,40.045],[-3.4961,40.0474],[-3.4903,40.0474],[-3.489,40.0418],[-3.4823,40.046],[-3.4724,40.0457],[-3.4701,40.0407],[-3.4601,40.0454],[-3.4556,40.0464],[-3.4539,40.0502],[-3.4468,40.0478],[-3.4486,40.0443],[-3.4479,40.0385],[-3.4293,40.0389],[-3.426,40.0466],[-3.417,40.0446],[-3.4099,40.0418],[-3.41,40.0381],[-3.4023,40.0343],[-3.3939,40.0356],[-3.3917,40.0413],[-3.3942,40.0454],[-3.385,40.0519],[-3.3769,40.05],[-3.3743,40.055],[-3.3747,40.0596],[-3.3791,40.0662],[-3.3777,40.0748],[-3.3605,40.0755],[-3.349,40.0781],[-3.3462,40.0802],[-3.3344,40.0811],[-3.3277,40.0791],[-3.3191,40.0742],[-3.3118,40.0683],[-3.3081,40.0607],[-3.3025,40.0533],[-3.2965,40.0516],[-3.29,40.0527],[-3.2832,40.0515],[-3.2832,40.0491],[-3.2762,40.0473],[-3.2742,40.0527],[-3.2663,40.0532],[-3.2573,40.0507],[-3.2565,40.0565],[-3.2457,40.0572],[-3.2436,40.0534],[-3.229,40.056],[-3.2105,40.0617],[-3.2018,40.0663],[-3.1892,40.0774],[-3.1806,40.0901],[-3.1775,40.0921],[-3.1698,40.0906],[-3.168,40.0851],[-3.1632,40.0837],[-3.1616,40.0747],[-3.1629,40.0709],[-3.1616,40.0649],[-3.1496,40.066],[-3.1407,40.0632],[-3.1182,40.0614],[-3.1027,40.0673],[-3.0922,40.0689],[-3.0888,40.0706],[-3.0726,40.0831],[-3.0607,40.0906],[-3.053,40.0994],[-3.0542,40.1052],[-3.0581,40.114],[-3.0677,40.1198],[-3.0743,40.1284],[-3.0727,40.1299],[-3.0968,40.1424],[-3.0966,40.1557],[-3.0894,40.1629],[-3.0852,40.1636],[-3.0832,40.1596],[-3.0717,40.156],[-3.0678,40.1579],[-3.0705,40.1619],[-3.0778,40.1662],[-3.0771,40.1725],[-3.0815,40.1793],[-3.0867,40.1924],[-3.0846,40.1984],[-3.0882,40.2003],[-3.0816,40.2039],[-3.0795,40.2084],[-3.0825,40.2145],[-3.0794,40.2237],[-3.0809,40.2294],[-3.0869,40.2338],[-3.0898,40.2388],[-3.0866,40.2453],[-3.0915,40.2502],[-3.0997,40.2614],[-3.096,40.2691],[-3.1015,40.2781],[-3.1077,40.2806],[-3.1127,40.2855],[-3.1282,40.2788],[-3.1435,40.2664],[-3.1537,40.2637],[-3.1556,40.2594],[-3.1615,40.2553],[-3.1705,40.2437],[-3.1732,40.2368],[-3.1784,40.2362],[-3.1816,40.2423],[-3.1944,40.248],[-3.1948,40.2551],[-3.1928,40.2593],[-3.1842,40.2697],[-3.1867,40.279],[-3.1814,40.2885],[-3.1815,40.2977],[-3.1802,40.3021],[-3.1828,40.3083],[-3.1806,40.3133],[-3.176,40.3161],[-3.1623,40.3274],[-3.1545,40.3315],[-3.1514,40.3352],[-3.1524,40.3437],[-3.1438,40.3529],[-3.1434,40.3581],[-3.149,40.3601],[-3.1519,40.3685],[-3.1501,40.3731],[-3.1383,40.3755],[-3.1407,40.3778],[-3.1433,40.3875],[-3.1354,40.3901],[-3.1341,40.3997],[-3.1306,40.4052],[-3.1421,40.4125],[-3.1474,40.4196],[-3.1478,40.4236],[-3.1513,40.4271],[-3.1509,40.431],[-3.1555,40.4394],[-3.169,40.4388],[-3.1726,40.4363],[-3.1773,40.4392],[-3.1986,40.4423],[-3.2005,40.4463],[-3.1988,40.4588],[-3.2002,40.4638],[-3.199,40.4701],[-3.1953,40.4786],[-3.1992,40.4882],[-3.201,40.4998],[-3.1989,40.503],[-3.2,40.5144],[-3.2069,40.5193],[-3.2229,40.526],[-3.2268,40.532],[-3.2271,40.5362],[-3.2354,40.5328],[-3.2433,40.5371],[-3.2469,40.542],[-3.2564,40.5418],[-3.2589,40.54],[-3.2729,40.5365],[-3.2755,40.5336],[-3.2843,40.5352],[-3.2893,40.5316],[-3.2971,40.5375],[-3.2831,40.551],[-3.2884,40.5586],[-3.2831,40.5636],[-3.2841,40.569],[-3.2871,40.5721],[-3.2926,40.573],[-3.3039,40.5785],[-3.3083,40.5791],[-3.3161,40.5841],[-3.3212,40.5897],[-3.3303,40.5974],[-3.3314,40.6039],[-3.3252,40.6101],[-3.3216,40.6117],[-3.3254,40.6178],[-3.3358,40.6247],[-3.3237,40.6297],[-3.3237,40.6384],[-3.3207,40.6441],[-3.3139,40.6497],[-3.3174,40.6514],[-3.3213,40.6481],[-3.3224,40.6438],[-3.3272,40.6406],[-3.3357,40.6399],[-3.3389,40.6363],[-3.3468,40.6381],[-3.3451,40.6417],[-3.3622,40.6458],[-3.3663,40.648],[-3.3623,40.6537],[-3.3677,40.6605],[-3.3676,40.6643],[-3.3723,40.6691],[-3.3715,40.6724],[-3.3747,40.6801],[-3.3855,40.684],[-3.3934,40.6925],[-3.3999,40.6914],[-3.4049,40.6767],[-3.4047,40.6696],[-3.4153,40.6718],[-3.4191,40.6803],[-3.4256,40.6824],[-3.4267,40.6724],[-3.4359,40.6753],[-3.4417,40.6742],[-3.4424,40.6781],[-3.4478,40.6775],[-3.4484,40.682],[-3.4563,40.6879],[-3.4685,40.6899],[-3.4624,40.6931],[-3.4601,40.7035],[-3.4561,40.7039],[-3.4528,40.7091],[-3.4429,40.7193],[-3.4372,40.7229],[-3.4345,40.7322],[-3.4419,40.7377],[-3.4487,40.733],[-3.4513,40.7381],[-3.447,40.7414],[-3.4438,40.7547],[-3.4443,40.7616],[-3.45,40.7717],[-3.4602,40.7814],[-3.4678,40.7843],[-3.4876,40.7859],[-3.5027,40.791],[-3.5027,40.7971],[-3.4954,40.7967],[-3.4915,40.799],[-3.4912,40.8081],[-3.4821,40.8155],[-3.4821,40.8195],[-3.4768,40.8254],[-3.4783,40.8389],[-3.4706,40.8418],[-3.4706,40.8451],[-3.4758,40.8499],[-3.4705,40.8517],[-3.4659,40.8572],[-3.4711,40.8603],[-3.4724,40.8643],[-3.4577,40.8723],[-3.4461,40.8767],[-3.4404,40.8756],[-3.4419,40.8833],[-3.4448,40.8868],[-3.4396,40.8911],[-3.4452,40.896],[-3.449,40.8948],[-3.4562,40.8992],[-3.4606,40.9054],[-3.4568,40.9083],[-3.4505,40.9054],[-3.4446,40.9063],[-3.4456,40.9103],[-3.4513,40.9129],[-3.4484,40.9187],[-3.4489,40.9225],[-3.4424,40.9295],[-3.4382,40.9315],[-3.4354,40.9376],[-3.436,40.9461],[-3.432,40.9495],[-3.4262,40.9625],[-3.422,40.9666],[-3.4162,40.9758],[-3.4185,40.9795],[-3.4164,40.9848],[-3.4183,40.9876],[-3.4009,40.9955],[-3.3945,41.0003],[-3.3973,41.0063],[-3.4132,41.0186],[-3.4261,41.0316],[-3.4312,41.0417],[-3.4389,41.0427],[-3.4382,41.0468],[-3.4348,41.0493],[-3.4356,41.0536],[-3.4313,41.0583],[-3.4311,41.0623],[-3.4262,41.0654],[-3.4251,41.0732],[-3.4292,41.0842],[-3.4361,41.0837],[-3.4456,41.081],[-3.4529,41.0827],[-3.4568,41.0872],[-3.4699,41.0922],[-3.478,41.094],[-3.4882,41.094],[-3.4919,41.1002],[-3.489,41.104],[-3.4928,41.1069],[-3.4953,41.1158],[-3.4995,41.1198],[-3.5016,41.1264],[-3.5106,41.1373],[-3.5165,41.1388],[-3.526,41.1391],[-3.529,41.1406],[-3.5329,41.147],[-3.5411,41.1497],[-3.5376,41.1553],[-3.5367,41.1606],[-3.5397,41.165],[-3.5504,41.1657],[-3.558,41.1644],[-3.5692,41.1595],[-3.5827,41.1614],[-3.5893,41.1585],[-3.5912,41.1546],[-3.5988,41.1543],[-3.6137,41.1491],[-3.619,41.1437],[-3.634,41.1349],[-3.6335,41.1263],[-3.645,41.1213],[-3.6507,41.1106],[-3.6511,41.1078],[-3.6722,41.092],[-3.6795,41.0842],[-3.6899,41.0845],[-3.6977,41.0819],[-3.7071,41.076],[-3.714,41.0732],[-3.7204,41.0656],[-3.7306,41.0614],[-3.7405,41.0536],[-3.739,41.0497],[-3.7431,41.0454],[-3.7483,41.0367],[-3.7555,41.0279],[-3.759,41.0271],[-3.7669,41.0189],[-3.7673,41.016],[-3.7814,41.0003],[-3.7854,41.0009],[-3.7935,40.994],[-3.8031,40.9923],[-3.8094,40.9878],[-3.8212,40.9848],[-3.8291,40.9867],[-3.8352,40.9842],[-3.8445,40.9823],[-3.8474,40.9794],[-3.8593,40.9792],[-3.87,40.9711],[-3.874,40.9748],[-3.879,40.9752],[-3.8835,40.9712],[-3.8869,40.9712],[-3.8952,40.9655],[-3.8986,40.9588],[-3.9072,40.9553],[-3.9117,40.9445],[-3.9172,40.943],[-3.92,40.9377],[-3.9218,40.9299],[-3.9273,40.9276],[-3.9379,40.9272],[-3.9371,40.9157],[-3.9417,40.9119],[-3.9447,40.9036],[-3.9523,40.8936],[-3.9467,40.8889],[-3.9424,40.889],[-3.9425,40.883],[-3.9472,40.8733],[-3.9471,40.863],[-3.9569,40.8485],[-3.9625,40.8443],[-3.9657,40.835],[-3.9621,40.8234],[-3.965,40.816],[-3.9683,40.8117],[-3.9755,40.8069],[-3.9755,40.8037],[-3.98,40.7994],[-3.9781,40.7874],[-3.9898,40.7855],[-4.0029,40.7886],[-4.0077,40.7879],[-4.0152,40.783],[-4.0213,40.7812],[-4.0324,40.7816],[-4.0422,40.7838],[-4.047,40.7902],[-4.0535,40.7906],[-4.0701,40.7939],[-4.0767,40.7889],[-4.081,40.7766],[-4.0926,40.7688],[-4.0967,40.7642],[-4.0944,40.7611],[-4.0943,40.7553],[-4.097,40.7477],[-4.1041,40.747],[-4.1104,40.744],[-4.1195,40.7362],[-4.1252,40.7296],[-4.1257,40.7245],[-4.1305,40.7231],[-4.1361,40.7177],[-4.1402,40.7103],[-4.1457,40.6947],[-4.1571,40.6921],[-4.1641,40.6875],[-4.1716,40.6806],[-4.1735,40.674],[-4.1735,40.6672],[-4.1689,40.6633],[-4.1689,40.6568],[-4.1666,40.6527],[-4.1692,40.6501],[-4.1679,40.6438],[-4.1718,40.6384],[-4.1728,40.6314],[-4.1689,40.6261],[-4.1612,40.6235],[-4.1768,40.6162],[-4.1963,40.6119],[-4.2136,40.6057],[-4.24,40.6025],[-4.2574,40.6039],[-4.2621,40.6052],[-4.2666,40.6108],[-4.2712,40.6239],[-4.2711,40.629],[-4.2841,40.6313],[-4.2892,40.6272],[-4.2886,40.617],[-4.2905,40.6096],[-4.2893,40.6067],[-4.2789,40.6042],[-4.2788,40.601],[-4.2834,40.5957],[-4.2812,40.5887],[-4.285,40.5833],[-4.2868,40.5746],[-4.289,40.5711],[-4.2893,40.5642],[-4.2971,40.5625],[-4.3113,40.557],[-4.3237,40.5496],[-4.324,40.5405],[-4.3282,40.5336],[-4.3204,40.5315],[-4.3211,40.518],[-4.3273,40.5071],[-4.3226,40.5014],[-4.3246,40.4989],[-4.3241,40.4791],[-4.3186,40.4665],[-4.3204,40.4585],[-4.3197,40.4521],[-4.3229,40.4493],[-4.3295,40.4483],[-4.3318,40.4417],[-4.3385,40.4396],[-4.3393,40.4304],[-4.3312,40.4225],[-4.3242,40.4238],[-4.324,40.4183],[-4.3267,40.4136],[-4.3235,40.4102],[-4.3303,40.4083],[-4.3435,40.4119],[-4.3596,40.4113],[-4.3653,40.4069],[-4.3782,40.4073],[-4.3989,40.411],[-4.4155,40.4096],[-4.4212,40.4065],[-4.426,40.4005],[-4.4296,40.4003],[-4.4372,40.394],[-4.4417,40.3889],[-4.4435,40.3834],[-4.4412,40.378],[-4.4407,40.3671],[-4.4419,40.3627],[-4.439,40.3548],[-4.4394,40.3508],[-4.4451,40.3467],[-4.4499,40.3468],[-4.4596,40.3429],[-4.4613,40.3398],[-4.4538,40.3331],[-4.4532,40.3248],[-4.4562,40.3207],[-4.465,40.3184],[-4.4673,40.3202],[-4.4853,40.3211],[-4.4906,40.3203],[-4.4979,40.316],[-4.5049,40.3154],[-4.513,40.3212],[-4.5158,40.329],[-4.5233,40.3373],[-4.5271,40.338],[-4.5268,40.3449],[-4.5391,40.3405],[-4.5477,40.3404],[-4.5401,40.3279],[-4.54,40.3212],[-4.5367,40.3157],[-4.5374,40.3103],[-4.5294,40.2931],[-4.5357,40.2877],[-4.544,40.2852],[-4.5472,40.2802],[-4.5542,40.2764],[-4.5546,40.2698],[-4.5566,40.2644],[-4.5688,40.2587],[-4.5671,40.2398],[-4.5596,40.2343],[-4.5609,40.2228],[-4.5657,40.2182],[-4.5745,40.2198],[-4.5791,40.2172]],[[-3.3821,40.6305],[-3.3803,40.6329],[-3.3723,40.6356],[-3.3706,40.6391],[-3.3656,40.6381],[-3.3636,40.634],[-3.3689,40.6317],[-3.3694,40.6279],[-3.3744,40.6261],[-3.3821,40.6305]]],[[[-4.3195,40.6477],[-4.3004,40.6516],[-4.2878,40.6529],[-4.2775,40.6525],[-4.2665,40.6531],[-4.256,40.6515],[-4.2539,40.6619],[-4.2599,40.6658],[-4.2674,40.6745],[-4.2848,40.6812],[-4.29,40.6806],[-4.2931,40.6774],[-4.3162,40.6667],[-4.3191,40.6604],[-4.3241,40.658],[-4.3222,40.6511],[-4.3195,40.6477]]]]},"properties":{"CodINE":"13","NAMEUNIT":"Comunidad de Madrid"}},
{"type":"Feature","geometry":{"type":"MultiPolygon","coordinates":[[[[-2.3412,38.0259],[-2.3231,38.014],[-2.3093,38.0089],[-2.3033,38.0042],[-2.2984,38.0028],[-2.2984,37.994],[-2.2963,37.9878],[-2.2837,37.9694],[-2.2764,37.9599],[-2.2741,37.9595],[-2.2664,37.9528],[-2.2583,37.9496],[-2.2528,37.9391],[-2.2474,37.9342],[-2.2411,37.9315],[-2.2376,37.9282],[-2.2288,37.9256],[-2.2078,37.9162],[-2.1947,37.9098],[-2.1849,37.9037],[-2.1834,37.9002],[-2.1721,37.8887],[-2.1632,37.893],[-2.1572,37.8919],[-2.1503,37.8978],[-2.1344,37.8979],[-2.1298,37.9003],[-2.1226,37.9],[-2.1184,37.8941],[-2.1096,37.8898],[-2.1082,37.881],[-2.104,37.881],[-2.0973,37.8769],[-2.0888,37.8787],[-2.0801,37.8775],[-2.0586,37.8799],[-2.0506,37.8796],[-2.0479,37.8749],[-2.0426,37.8744],[-2.0281,37.8705],[-2.0198,37.8689],[-2.0049,37.88],[-2.0034,37.8765],[-1.9988,37.8758],[-1.9932,37.8795],[-1.9879,37.8735],[-1.9827,37.8739],[-1.9742,37.8685],[-1.978,37.8598],[-1.9884,37.8535],[-1.9953,37.8414],[-1.9995,37.8231],[-1.9965,37.819],[-2.0017,37.8049],[-2.0039,37.7918],[-2.0088,37.775],[-2.0062,37.77],[-2.0026,37.7526],[-2.0025,37.7478],[-1.9996,37.7373],[-1.9958,37.728],[-1.9993,37.7233],[-2.0077,37.7198],[-2.0079,37.7121],[-2.0127,37.7006],[-2.0104,37.6988],[-2.0113,37.693],[-2.0098,37.6868],[-2.0119,37.6725],[-2.0081,37.6698],[-2.002,37.6556],[-1.9958,37.6503],[-1.9928,37.6433],[-1.9875,37.6452],[-1.9815,37.636],[-1.9817,37.6294],[-1.9787,37.622],[-1.9731,37.615],[-1.9705,37.6144],[-1.9651,37.605],[-1.9553,37.6009],[-1.9538,37.588],[-1.9469,37.5808],[-1.9431,37.5747],[-1.932,37.5644],[-1.9263,37.5564],[-1.9103,37.5386],[-1.8743,37.4945],[-1.8713,37.4896],[-1.8641,37.4856],[-1.8589,37.4799],[-1.8451,37.455],[-1.8086,37.4335],[-1.8118,37.4516],[-1.7963,37.4522],[-1.7798,37.447],[-1.7371,37.4426],[-1.705,37.421],[-1.6709,37.403],[-1.666,37.4009],[-1.6409,37.3824],[-1.6301,37.3752],[-1.6261,37.3799],[-1.6223,37.3805],[-1.6187,37.3844],[-1.612,37.3845],[-1.6117,37.388],[-1.6041,37.3949],[-1.5976,37.397],[-1.5908,37.4021],[-1.5788,37.4042],[-1.5756,37.4073],[-1.5668,37.4068],[-1.5614,37.4039],[-1.5607,37.4104],[-1.5559,37.4126],[-1.5484,37.4113],[-1.5413,37.4191],[-1.531,37.4217],[-1.526,37.4268],[-1.519,37.4318],[-1.5023,37.4317],[-1.4981,37.4228],[-1.4875,37.4222],[-1.4776,37.4288],[-1.4765,37.4328],[-1.4837,37.4339],[-1.4839,37.4381],[-1.4812,37.4531],[-1.4762,37.4589],[-1.4736,37.4668],[-1.4687,37.4713],[-1.4677,37.4772],[-1.4599,37.4863],[-1.4525,37.492],[-1.4425,37.4952],[-1.4406,37.4985],[-1.4315,37.5005],[-1.4281,37.5037],[-1.4222,37.5026],[-1.4155,37.507],[-1.4016,37.5072],[-1.4015,37.5102],[-1.3907,37.5248],[-1.3845,37.5265],[-1.3722,37.5325],[-1.3656,37.5425],[-1.3557,37.5502],[-1.3408,37.5572],[-1.3318,37.5567],[-1.3319,37.5597],[-1.3236,37.5634],[-1.3081,37.5619],[-1.2989,37.5602],[-1.2814,37.5586],[-1.2675,37.5605],[-1.2621,37.5577],[-1.2565,37.5576],[-1.2583,37.5625],[-1.2566,37.568],[-1.2488,37.5721],[-1.2463,37.576],[-1.2381,37.5778],[-1.2288,37.5762],[-1.2242,37.5737],[-1.2137,37.5753],[-1.2081,37.5727],[-1.2006,37.5734],[-1.1805,37.5663],[-1.1739,37.563],[-1.1686,37.5571],[-1.1705,37.5522],[-1.174,37.5503],[-1.1706,37.5442],[-1.164,37.5415],[-1.1526,37.5397],[-1.1481,37.5422],[-1.1428,37.539],[-1.1356,37.5399],[-1.1312,37.5378],[-1.123,37.5384],[-1.1188,37.534],[-1.1068,37.5355],[-1.114,37.5405],[-1.1174,37.545],[-1.1256,37.5474],[-1.1271,37.5521],[-1.1217,37.5572],[-1.1198,37.5623],[-1.1129,37.5653],[-1.1087,37.5693],[-1.1014,37.5678],[-1.0954,37.5691],[-1.0907,37.5755],[-1.0817,37.5782],[-1.0743,37.5841],[-1.0665,37.5799],[-1.0591,37.58],[-1.0569,37.5828],[-1.0485,37.5817],[-1.0457,37.5795],[-1.0312,37.5791],[-1.0296,37.5771],[-1.0212,37.5744],[-1.0124,37.575],[-1.0124,37.5813],[-1.0076,37.5857],[-1.0016,37.5844],[-0.9934,37.5856],[-0.9897,37.5815],[-0.9867,37.5848],[-0.9865,37.5929],[-0.9899,37.5974],[-0.9775,37.5974],[-0.9736,37.5932],[-0.9787,37.5826],[-0.9744,37.5762],[-0.9682,37.5737],[-0.9586,37.574],[-0.9524,37.5679],[-0.9718,37.5597],[-0.9516,37.5581],[-0.9433,37.5594],[-0.9338,37.559],[-0.9275,37.5557],[-0.9197,37.5542],[-0.9149,37.5589],[-0.9068,37.5602],[-0.9041,37.5633],[-0.8899,37.5666],[-0.879,37.57],[-0.8782,37.5752],[-0.8717,37.5748],[-0.8681,37.5789],[-0.8597,37.5789],[-0.8527,37.5821],[-0.8441,37.5809],[-0.8407,37.5777],[-0.8324,37.5785],[-0.8219,37.5748],[-0.8145,37.5779],[-0.8131,37.5811],[-0.8033,37.5866],[-0.8001,37.5854],[-0.7899,37.5872],[-0.7833,37.5943],[-0.7764,37.5935],[-0.7705,37.5971],[-0.7502,37.5978],[-0.7474,37.5995],[-0.7318,37.6015],[-0.7287,37.6046],[-0.7208,37.6056],[-0.7154,37.6134],[-0.7056,37.6248],[-0.7028,37.6298],[-0.6924,37.6308],[-0.6886,37.6358],[-0.6989,37.6329],[-0.7103,37.642],[-0.719,37.656],[-0.7218,37.6623],[-0.7256,37.6664],[-0.7312,37.6778],[-0.7387,37.6996],[-0.741,37.7118],[-0.7401,37.7211],[-0.7383,37.7265],[-0.7374,37.7369],[-0.7346,37.7394],[-0.7348,37.7439],[-0.7284,37.7472],[-0.7347,37.7491],[-0.7439,37.757],[-0.7462,37.762],[-0.7455,37.7696],[-0.7409,37.774],[-0.7465,37.7808],[-0.7567,37.7804],[-0.7485,37.7683],[-0.7473,37.7586],[-0.7422,37.7527],[-0.7392,37.744],[-0.7431,37.7421],[-0.7394,37.7384],[-0.7398,37.7283],[-0.7449,37.7096],[-0.7413,37.7002],[-0.7395,37.6883],[-0.7336,37.6753],[-0.733,37.6687],[-0.735,37.6606],[-0.7283,37.6611],[-0.7237,37.6582],[-0.7242,37.6515],[-0.7207,37.6503],[-0.7225,37.6426],[-0.7265,37.6356],[-0.7322,37.6327],[-0.7404,37.6322],[-0.7508,37.6368],[-0.7521,37.6415],[-0.7564,37.6415],[-0.7754,37.6483],[-0.7862,37.6507],[-0.8028,37.6582],[-0.8104,37.6631],[-0.8251,37.6752],[-0.8291,37.6834],[-0.8326,37.6856],[-0.8418,37.6985],[-0.8535,37.7093],[-0.8596,37.7173],[-0.8589,37.7246],[-0.8514,37.731],[-0.8517,37.7346],[-0.8477,37.7386],[-0.8486,37.7426],[-0.8402,37.7523],[-0.827,37.7553],[-0.8105,37.7726],[-0.807,37.7742],[-0.8003,37.7824],[-0.803,37.7979],[-0.797,37.8097],[-0.7915,37.8134],[-0.7841,37.8142],[-0.7832,37.8194],[-0.7757,37.8191],[-0.7618,37.7997],[-0.7605,37.7938],[-0.7522,37.7882],[-0.7491,37.7916],[-0.7521,37.7951],[-0.7533,37.8016],[-0.7583,37.817],[-0.7575,37.8225],[-0.7599,37.8307],[-0.7623,37.8466],[-0.7701,37.8441],[-0.7812,37.8447],[-0.7876,37.8467],[-0.7978,37.8531],[-0.8038,37.8593],[-0.8294,37.864],[-0.8371,37.8692],[-0.8542,37.8843],[-0.8572,37.8852],[-0.9002,37.9231],[-0.9212,37.9442],[-0.9354,37.9694],[-0.9485,37.9854],[-0.9584,37.9999],[-0.9657,38.0127],[-0.9809,38.0296],[-0.9984,38.0517],[-1.0073,38.0551],[-1.0175,38.0677],[-1.0226,38.0757],[-1.0266,38.0902],[-1.0303,38.0971],[-1.0307,38.1157],[-1.0367,38.1377],[-1.0271,38.1463],[-1.0091,38.1666],[-1.0049,38.1722],[-0.9989,38.1841],[-0.9938,38.1906],[-0.9889,38.1993],[-0.9874,38.2066],[-0.9777,38.2383],[-0.968,38.2558],[-0.9677,38.2757],[-0.9716,38.2902],[-0.9847,38.3073],[-0.989,38.3207],[-1.0109,38.3315],[-1.0282,38.3385],[-1.0586,38.3455],[-1.0843,38.3462],[-1.0881,38.3678],[-1.0878,38.3886],[-1.0867,38.3979],[-1.088,38.4017],[-1.0854,38.4292],[-1.0772,38.4315],[-1.0941,38.438],[-1.082,38.4412],[-1.0594,38.4558],[-1.0345,38.4745],[-1.014,38.4967],[-1.0177,38.5025],[-1.0205,38.5111],[-1.026,38.5228],[-1.0159,38.5371],[-1.0092,38.5587],[-1.0015,38.5726],[-1.0062,38.5866],[-1.012,38.6062],[-1.016,38.6351],[-1.024,38.6401],[-1.0261,38.6557],[-1.034,38.6566],[-1.0429,38.6613],[-1.0589,38.672],[-1.0729,38.6826],[-1.0844,38.6889],[-1.101,38.7014],[-1.1158,38.7114],[-1.1169,38.7325],[-1.1196,38.7377],[-1.1592,38.7487],[-1.1768,38.7528],[-1.1836,38.7551],[-1.1895,38.7522],[-1.2088,38.747],[-1.2288,38.7447],[-1.2497,38.7386],[-1.2626,38.7304],[-1.275,38.7152],[-1.2838,38.7072],[-1.3066,38.6967],[-1.3127,38.6953],[-1.3202,38.6892],[-1.3282,38.6851],[-1.3293,38.6821],[-1.3431,38.6774],[-1.3473,38.6813],[-1.3665,38.704],[-1.3836,38.6993],[-1.3958,38.6925],[-1.4022,38.6908],[-1.4217,38.6771],[-1.4282,38.6681],[-1.4476,38.6496],[-1.4433,38.637],[-1.4478,38.6148],[-1.4521,38.5815],[-1.4672,38.5757],[-1.4878,38.5632],[-1.4963,38.5409],[-1.4988,38.5321],[-1.4909,38.5162],[-1.4835,38.4934],[-1.4816,38.4893],[-1.4799,38.4799],[-1.48,38.4668],[-1.4788,38.4638],[-1.4765,38.4472],[-1.4777,38.4213],[-1.4748,38.409],[-1.4756,38.3983],[-1.478,38.3855],[-1.4786,38.3763],[-1.4882,38.3732],[-1.4942,38.367],[-1.5059,38.3594],[-1.5162,38.3573],[-1.5195,38.3536],[-1.542,38.3426],[-1.5485,38.3322],[-1.5586,38.3251],[-1.5828,38.3134],[-1.5954,38.3116],[-1.6006,38.3139],[-1.6115,38.3129],[-1.6126,38.3116],[-1.6264,38.309],[-1.6654,38.3111],[-1.6691,38.3147],[-1.6748,38.3235],[-1.6816,38.325],[-1.6855,38.3286],[-1.6872,38.3361],[-1.6918,38.3387],[-1.692,38.347],[-1.6847,38.3469],[-1.6815,38.3494],[-1.6855,38.3531],[-1.6815,38.3595],[-1.6856,38.3618],[-1.6909,38.3679],[-1.6978,38.3685],[-1.6979,38.3712],[-1.704,38.3747],[-1.7066,38.3709],[-1.7133,38.3721],[-1.7181,38.367],[-1.7237,38.368],[-1.7354,38.3755],[-1.7461,38.3806],[-1.7523,38.378],[-1.7523,38.3736],[-1.7561,38.3727],[-1.7654,38.379],[-1.7706,38.3789],[-1.7694,38.3664],[-1.7765,38.3655],[-1.7814,38.3686],[-1.7851,38.3654],[-1.7909,38.3688],[-1.7941,38.3636],[-1.7841,38.3559],[-1.792,38.3532],[-1.8112,38.3513],[-1.8227,38.3354],[-1.8315,38.3332],[-1.8392,38.3346],[-1.851,38.3334],[-1.8576,38.3291],[-1.8702,38.3164],[-1.8864,38.3074],[-1.8948,38.3017],[-1.9075,38.2977],[-1.9207,38.2956],[-1.9478,38.2893],[-1.9644,38.2874],[-1.9687,38.2846],[-1.9826,38.2812],[-2.0007,38.2839],[-2.0105,38.2922],[-2.0137,38.2935],[-2.0213,38.3007],[-2.0306,38.2996],[-2.038,38.3014],[-2.0486,38.3057],[-2.0633,38.2975],[-2.0758,38.2828],[-2.0824,38.2657],[-2.1034,38.2459],[-2.1129,38.2377],[-2.1216,38.2353],[-2.1296,38.2344],[-2.1419,38.2307],[-2.1598,38.2284],[-2.1747,38.2239],[-2.187,38.2139],[-2.1953,38.2114],[-2.2058,38.2069],[-2.2133,38.2021],[-2.2159,38.1946],[-2.2184,38.1924],[-2.2234,38.1826],[-2.2225,38.1798],[-2.2304,38.1626],[-2.2367,38.1585],[-2.2457,38.1488],[-2.2484,38.1416],[-2.2513,38.1384],[-2.2509,38.1297],[-2.2613,38.1177],[-2.2604,38.1162],[-2.2657,38.1088],[-2.274,38.1054],[-2.279,38.0998],[-2.2839,38.0971],[-2.2865,38.0934],[-2.2954,38.0866],[-2.3063,38.0814],[-2.3113,38.0807],[-2.3256,38.0702],[-2.3303,38.0654],[-2.3296,38.0619],[-2.3359,38.0501],[-2.3376,38.0492],[-2.3419,38.0384],[-2.3442,38.0298],[-2.3412,38.0259]]],[[[-0.7701,37.6902],[-0.7658,37.6916],[-0.7656,37.6969],[-0.7699,37.7003],[-0.7749,37.7007],[-0.7761,37.6957],[-0.7701,37.6902]]]]},"properties":{"CodINE":"14","NAMEUNIT":"Región de Murcia"}},
{"type":"Feature","geometry":{"type":"MultiPolygon","coordinates":[[[[-2.4206,42.4892],[-2.4157,42.4905],[-2.4,42.4714],[-2.3939,42.4726],[-2.3867,42.4702],[-2.3774,42.473],[-2.3728,42.4713],[-2.372,42.4651],[-2.3631,42.4617],[-2.3584,42.4669],[-2.3526,42.4656],[-2.3481,42.4533],[-2.3442,42.4515],[-2.335,42.4525],[-2.3313,42.4567],[-2.3363,42.4639],[-2.332,42.4681],[-2.3258,42.4682],[-2.3168,42.4621],[-2.3068,42.4613],[-2.2987,42.4574],[-2.2932,42.46],[-2.2969,42.4681],[-2.288,42.4674],[-2.2866,42.4602],[-2.2781,42.4541],[-2.2777,42.4485],[-2.2725,42.4452],[-2.2626,42.4495],[-2.2389,42.4409],[-2.2361,42.4373],[-2.235,42.4261],[-2.2208,42.4256],[-2.2121,42.4214],[-2.2165,42.416],[-2.2061,42.415],[-2.201,42.4184],[-2.1953,42.4196],[-2.1855,42.4186],[-2.1821,42.4164],[-2.1794,42.4102],[-2.175,42.4078],[-2.1649,42.4082],[-2.1578,42.4107],[-2.1571,42.4156],[-2.15,42.4185],[-2.148,42.4161],[-2.1397,42.4206],[-2.133,42.4212],[-2.1164,42.4192],[-2.1123,42.4201],[-2.1051,42.4159],[-2.1156,42.4],[-2.1103,42.3938],[-2.0875,42.3836],[-2.0928,42.3758],[-2.0795,42.3691],[-2.079,42.3665],[-2.0874,42.3599],[-2.09,42.3555],[-2.09,42.347],[-2.07,42.3425],[-2.0618,42.3476],[-2.0518,42.3512],[-2.0459,42.3562],[-2.0456,42.359],[-2.0344,42.3622],[-2.0289,42.3626],[-2.0179,42.3689],[-2.0114,42.3679],[-2.0066,42.361],[-1.995,42.3633],[-1.9903,42.3592],[-1.9829,42.3568],[-1.9796,42.3506],[-1.9733,42.3535],[-1.9682,42.3509],[-1.9696,42.3467],[-1.9647,42.3431],[-1.9688,42.338],[-1.9645,42.3338],[-1.957,42.3356],[-1.9413,42.3346],[-1.9327,42.3226],[-1.924,42.3265],[-1.9185,42.327],[-1.9165,42.3236],[-1.919,42.3161],[-1.9093,42.3111],[-1.9073,42.3064],[-1.9138,42.3001],[-1.8941,42.2906],[-1.8809,42.287],[-1.8713,42.2895],[-1.8698,42.2813],[-1.8662,42.2754],[-1.8688,42.2662],[-1.8762,42.259],[-1.8723,42.2527],[-1.8558,42.2497],[-1.8531,42.2521],[-1.8536,42.2567],[-1.8489,42.2589],[-1.8461,42.2552],[-1.8344,42.2485],[-1.829,42.244],[-1.8206,42.2492],[-1.8183,42.2469],[-1.8198,42.2399],[-1.8196,42.2321],[-1.8159,42.2289],[-1.8064,42.2278],[-1.8023,42.2234],[-1.7907,42.2229],[-1.7878,42.2251],[-1.7802,42.2242],[-1.7744,42.216],[-1.7673,42.2158],[-1.7664,42.2213],[-1.7411,42.2119],[-1.7334,42.2146],[-1.7275,42.2121],[-1.7216,42.2125],[-1.7092,42.21],[-1.7057,42.207],[-1.7067,42.2022],[-1.703,42.1958],[-1.6989,42.1936],[-1.6881,42.1927],[-1.6852,42.194],[-1.6795,42.1911],[-1.679,42.1883],[-1.6969,42.1804],[-1.7009,42.1731],[-1.6999,42.1682],[-1.6938,42.1584],[-1.6868,42.1564],[-1.6797,42.1517],[-1.6903,42.1484],[-1.7042,42.1394],[-1.7199,42.1334],[-1.7255,42.1418],[-1.7397,42.1497],[-1.7508,42.1505],[-1.7647,42.1504],[-1.7703,42.1452],[-1.7791,42.1421],[-1.782,42.1377],[-1.7992,42.1417],[-1.8025,42.1468],[-1.8216,42.1536],[-1.8324,42.1482],[-1.8381,42.142],[-1.8374,42.1341],[-1.8403,42.1281],[-1.8595,42.115],[-1.8642,42.1072],[-1.8713,42.1035],[-1.8725,42.101],[-1.892,42.086],[-1.9023,42.0739],[-1.9058,42.0671],[-1.9063,42.0611],[-1.9092,42.0591],[-1.9033,42.0545],[-1.9051,42.0495],[-1.9025,42.0388],[-1.9016,42.0297],[-1.8963,42.0268],[-1.8866,42.0275],[-1.872,42.0127],[-1.8648,42.0151],[-1.8608,42.0067],[-1.8552,42.0026],[-1.8472,42.008],[-1.8404,42.0042],[-1.8379,41.999],[-1.8337,41.9951],[-1.82,41.9958],[-1.8103,41.998],[-1.7923,41.9897],[-1.7854,41.9908],[-1.7741,41.9955],[-1.7669,41.9958],[-1.7597,41.9898],[-1.752,41.98],[-1.7436,41.9728],[-1.7417,41.9689],[-1.7343,41.9639],[-1.7187,41.9591],[-1.7152,41.957],[-1.7044,41.9572],[-1.7008,41.9539],[-1.6901,41.9554],[-1.6868,41.9529],[-1.6737,41.9664],[-1.6592,41.961],[-1.6541,41.9654],[-1.644,41.9591],[-1.6211,41.9528],[-1.6148,41.9505],[-1.6063,41.9415],[-1.5987,41.9293],[-1.5963,41.9271],[-1.5828,41.9223],[-1.5734,41.9179],[-1.5593,41.9139],[-1.5427,41.9123],[-1.5344,41.9105],[-1.5233,41.9099],[-1.5129,41.9149],[-1.5061,41.9159],[-1.5018,41.9243],[-1.4731,41.9245],[-1.4533,41.9157],[-1.4407,41.9164],[-1.4363,41.9145],[-1.4218,41.9131],[-1.4108,41.919],[-1.4073,41.9241],[-1.4067,41.9288],[-1.396,41.9392],[-1.3822,41.9433],[-1.3803,41.9509],[-1.386,41.9572],[-1.3744,41.962],[-1.3663,41.9822],[-1.3603,41.9913],[-1.3515,42.0024],[-1.3411,42.0124],[-1.3395,42.018],[-1.3282,42.028],[-1.3048,42.0429],[-1.3081,42.0464],[-1.3033,42.0518],[-1.3082,42.0589],[-1.3081,42.062],[-1.3127,42.065],[-1.3106,42.0723],[-1.3242,42.0732],[-1.3352,42.0728],[-1.3442,42.071],[-1.3523,42.0731],[-1.3594,42.0861],[-1.3653,42.0932],[-1.3668,42.107],[-1.3774,42.1138],[-1.3989,42.1262],[-1.4,42.1287],[-1.3928,42.1496],[-1.3942,42.155],[-1.3984,42.1564],[-1.3946,42.1643],[-1.3942,42.173],[-1.3919,42.1814],[-1.3952,42.1907],[-1.4134,42.2022],[-1.4175,42.2124],[-1.4164,42.222],[-1.3999,42.2455],[-1.3998,42.2564],[-1.395,42.2638],[-1.3955,42.2695],[-1.3914,42.2721],[-1.3899,42.2785],[-1.3991,42.2913],[-1.3837,42.3037],[-1.3752,42.3157],[-1.3589,42.3335],[-1.3523,42.3395],[-1.3422,42.3428],[-1.3375,42.3455],[-1.3291,42.3554],[-1.3326,42.3592],[-1.3298,42.3613],[-1.3338,42.3651],[-1.3367,42.3724],[-1.3419,42.373],[-1.3506,42.3701],[-1.357,42.3744],[-1.3598,42.3784],[-1.3496,42.394],[-1.3481,42.401],[-1.3429,42.4081],[-1.3408,42.419],[-1.3415,42.4239],[-1.3368,42.4293],[-1.3278,42.4366],[-1.3238,42.442],[-1.3152,42.4492],[-1.2898,42.4574],[-1.2814,42.4644],[-1.2728,42.4819],[-1.2756,42.4904],[-1.2751,42.4958],[-1.2822,42.4989],[-1.2867,42.4985],[-1.2875,42.5086],[-1.2935,42.511],[-1.2892,42.5149],[-1.2881,42.5228],[-1.2727,42.5434],[-1.2707,42.5489],[-1.2655,42.5563],[-1.2574,42.5553],[-1.2561,42.5531],[-1.2353,42.5448],[-1.2262,42.5422],[-1.2183,42.5492],[-1.2028,42.5497],[-1.201,42.5525],[-1.204,42.5585],[-1.2045,42.5683],[-1.2019,42.5782],[-1.1979,42.5789],[-1.1864,42.5877],[-1.1748,42.5931],[-1.1707,42.5968],[-1.1617,42.596],[-1.1585,42.5999],[-1.1703,42.6053],[-1.18,42.6079],[-1.1788,42.6151],[-1.1689,42.6166],[-1.1571,42.6109],[-1.157,42.6237],[-1.1543,42.6324],[-1.1547,42.6416],[-1.1524,42.6476],[-1.1438,42.6482],[-1.1204,42.645],[-1.0928,42.6465],[-1.0837,42.6459],[-1.0807,42.644],[-1.0694,42.6416],[-1.0519,42.6426],[-1.0474,42.6456],[-1.0386,42.6483],[-1.0381,42.653],[-1.0396,42.6642],[-1.0325,42.6756],[-1.0368,42.6816],[-1.0392,42.6916],[-1.0334,42.6929],[-1.028,42.7001],[-1.0168,42.7023],[-1.0015,42.7],[-0.9838,42.7022],[-0.9781,42.7043],[-0.9687,42.7054],[-0.9616,42.7085],[-0.9587,42.7117],[-0.9462,42.7141],[-0.9446,42.721],[-0.9355,42.7299],[-0.9359,42.7343],[-0.9248,42.7389],[-0.923,42.744],[-0.9002,42.7435],[-0.8995,42.75],[-0.9013,42.7556],[-0.9005,42.7605],[-0.8947,42.7627],[-0.8836,42.7618],[-0.876,42.7587],[-0.8648,42.7634],[-0.8629,42.769],[-0.8595,42.7688],[-0.8523,42.7811],[-0.8475,42.7859],[-0.8499,42.7922],[-0.86,42.7986],[-0.8604,42.8023],[-0.8514,42.8076],[-0.8554,42.8221],[-0.8544,42.8283],[-0.8573,42.8334],[-0.8566,42.8471],[-0.8511,42.8481],[-0.8413,42.8529],[-0.8374,42.8615],[-0.8269,42.8671],[-0.8185,42.8694],[-0.82,42.8726],[-0.8147,42.8769],[-0.8191,42.889],[-0.8191,42.9007],[-0.8011,42.9078],[-0.7987,42.9109],[-0.7832,42.9217],[-0.7647,42.9229],[-0.7535,42.9245],[-0.7419,42.919],[-0.733,42.9184],[-0.7245,42.9202],[-0.724,42.9224],[-0.7329,42.9283],[-0.7308,42.9452],[-0.7436,42.9506],[-0.7445,42.9556],[-0.7497,42.9622],[-0.7519,42.9671],[-0.7675,42.969],[-0.7739,42.9651],[-0.7898,42.9638],[-0.8015,42.9579],[-0.808,42.9518],[-0.82,42.951],[-0.8322,42.9527],[-0.8461,42.9517],[-0.8548,42.9521],[-0.8608,42.9506],[-0.8665,42.9513],[-0.8754,42.955],[-0.8838,42.9559],[-0.8975,42.9559],[-0.899,42.9614],[-0.9074,42.9644],[-0.9144,42.9637],[-0.9258,42.9541],[-0.9346,42.9527],[-0.9443,42.9534],[-0.9537,42.9582],[-0.9622,42.9609],[-0.9673,42.9607],[-0.975,42.9633],[-0.9766,42.967],[-0.9817,42.9708],[-0.9963,42.9749],[-1.0004,42.978],[-1.0022,42.9831],[-1.008,42.9909],[-1.0121,42.9926],[-1.0218,42.9933],[-1.0266,42.9922],[-1.0332,42.9947],[-1.0449,42.9962],[-1.0592,42.9962],[-1.0731,42.9986],[-1.0865,43.0028],[-1.0843,43.0109],[-1.0934,43.0117],[-1.1073,43.0181],[-1.1146,43.0239],[-1.1222,43.0154],[-1.1266,43.0148],[-1.136,43.0092],[-1.1422,43.0095],[-1.1442,43.0141],[-1.1445,43.024],[-1.1613,43.0334],[-1.1744,43.0373],[-1.1753,43.0344],[-1.1812,43.0322],[-1.2002,43.0433],[-1.2074,43.046],[-1.2126,43.0517],[-1.2292,43.0557],[-1.24,43.0471],[-1.2478,43.0429],[-1.2627,43.044],[-1.2681,43.0506],[-1.2696,43.0551],[-1.2748,43.0566],[-1.2884,43.0643],[-1.2958,43.0638],[-1.2985,43.0661],[-1.3086,43.0692],[-1.3043,43.0834],[-1.2969,43.0955],[-1.2888,43.1042],[-1.274,43.114],[-1.27,43.1183],[-1.2783,43.1187],[-1.2911,43.1154],[-1.3058,43.1149],[-1.3196,43.1128],[-1.3321,43.1079],[-1.3338,43.103],[-1.3446,43.0945],[-1.3462,43.0906],[-1.3432,43.084],[-1.34,43.0811],[-1.3443,43.0732],[-1.3439,43.062],[-1.3453,43.0572],[-1.3426,43.0544],[-1.3469,43.0475],[-1.3484,43.0405],[-1.3542,43.0281],[-1.4412,43.0464],[-1.4516,43.0585],[-1.4652,43.0728],[-1.4722,43.0816],[-1.4734,43.0866],[-1.4714,43.0918],[-1.4638,43.0979],[-1.4583,43.0987],[-1.4519,43.1031],[-1.4408,43.1078],[-1.439,43.1122],[-1.4273,43.1168],[-1.4268,43.1215],[-1.4238,43.1248],[-1.4147,43.1277],[-1.4148,43.1357],[-1.41,43.1429],[-1.4156,43.15],[-1.4022,43.1581],[-1.404,43.1608],[-1.4033,43.1727],[-1.4019,43.1784],[-1.3913,43.1861],[-1.3824,43.1878],[-1.3867,43.1949],[-1.3829,43.1996],[-1.3852,43.2074],[-1.3808,43.2145],[-1.3845,43.221],[-1.3778,43.2306],[-1.3786,43.2363],[-1.3843,43.2537],[-1.3992,43.2659],[-1.4045,43.2674],[-1.407,43.2709],[-1.4137,43.2737],[-1.4205,43.269],[-1.4269,43.2672],[-1.4401,43.2673],[-1.4538,43.2714],[-1.4616,43.2714],[-1.4761,43.2765],[-1.4823,43.2812],[-1.4928,43.2818],[-1.5019,43.2881],[-1.5067,43.2935],[-1.5151,43.294],[-1.5286,43.2928],[-1.5353,43.2947],[-1.5432,43.2929],[-1.5593,43.2907],[-1.5641,43.2888],[-1.5564,43.2794],[-1.56,43.2752],[-1.5691,43.2557],[-1.5757,43.2499],[-1.582,43.2531],[-1.6001,43.2544],[-1.6087,43.252],[-1.6103,43.2547],[-1.6174,43.2577],[-1.6218,43.2633],[-1.6254,43.2709],[-1.628,43.2819],[-1.63,43.285],[-1.6271,43.2939],[-1.6214,43.3001],[-1.6258,43.3069],[-1.6356,43.309],[-1.6446,43.3068],[-1.6544,43.3124],[-1.668,43.3148],[-1.674,43.312],[-1.6858,43.3093],[-1.6944,43.3121],[-1.7038,43.3088],[-1.7134,43.3],[-1.7225,43.3002],[-1.7299,43.2954],[-1.7404,43.2953],[-1.7504,43.293],[-1.7516,43.2908],[-1.7613,43.2897],[-1.7653,43.2866],[-1.7732,43.2891],[-1.7832,43.2868],[-1.7865,43.2797],[-1.7939,43.2765],[-1.7914,43.2699],[-1.7952,43.2642],[-1.7929,43.2566],[-1.7959,43.2535],[-1.795,43.2469],[-1.8041,43.2443],[-1.8075,43.239],[-1.8188,43.2389],[-1.8219,43.2364],[-1.8229,43.2305],[-1.8255,43.2283],[-1.8348,43.2283],[-1.84,43.2239],[-1.8492,43.2244],[-1.8544,43.2184],[-1.8542,43.2158],[-1.8632,43.2158],[-1.8664,43.2177],[-1.867,43.2263],[-1.8751,43.2308],[-1.8802,43.2297],[-1.88,43.2252],[-1.8754,43.2159],[-1.8749,43.2105],[-1.8868,43.2144],[-1.8898,43.2076],[-1.903,43.2112],[-1.9049,43.2199],[-1.9107,43.2213],[-1.9131,43.2091],[-1.911,43.2043],[-1.9157,43.1924],[-1.9218,43.1873],[-1.9229,43.179],[-1.9209,43.1726],[-1.9169,43.1692],[-1.9159,43.1647],[-1.9203,43.1574],[-1.9207,43.1506],[-1.9113,43.1458],[-1.9051,43.1443],[-1.9022,43.1355],[-1.9155,43.1286],[-1.9213,43.1227],[-1.9237,43.1154],[-1.9313,43.1137],[-1.9337,43.1103],[-1.9394,43.1084],[-1.9394,43.1046],[-1.944,43.1034],[-1.9478,43.0978],[-1.9659,43.0952],[-1.9734,43.0916],[-1.9712,43.0861],[-1.9781,43.082],[-1.9897,43.0795],[-2.0124,43.0731],[-2.0162,43.0663],[-2.0228,43.0652],[-2.0181,43.0534],[-2.0204,43.0467],[-2.0303,43.0376],[-2.0317,43.0317],[-2.0414,43.0297],[-2.0406,43.0206],[-2.0387,43.0157],[-2.0314,43.0065],[-2.033,43.0001],[-2.0283,42.9988],[-2.0328,42.9872],[-2.0365,42.9858],[-2.0383,42.981],[-2.0449,42.9786],[-2.0511,42.9792],[-2.0526,42.9763],[-2.0731,42.9764],[-2.0862,42.9756],[-2.0952,42.9726],[-2.0986,42.9599],[-2.1048,42.9533],[-2.1037,42.9496],[-2.1121,42.9462],[-2.1176,42.9422],[-2.1295,42.9394],[-2.1362,42.9415],[-2.157,42.9423],[-2.1666,42.9361],[-2.181,42.9351],[-2.18,42.938],[-2.1903,42.9478],[-2.1991,42.9512],[-2.2038,42.9495],[-2.2103,42.9499],[-2.2109,42.9454],[-2.2162,42.942],[-2.2155,42.9369],[-2.2221,42.9336],[-2.2322,42.9318],[-2.2378,42.9215],[-2.2368,42.9166],[-2.2378,42.896],[-2.2484,42.8974],[-2.2531,42.8928],[-2.2415,42.8864],[-2.2421,42.8808],[-2.2396,42.8617],[-2.2327,42.8438],[-2.2358,42.8345],[-2.253,42.8207],[-2.2677,42.8134],[-2.2704,42.8089],[-2.2686,42.7951],[-2.2791,42.788],[-2.281,42.7851],[-2.2753,42.779],[-2.2756,42.7763],[-2.2662,42.7529],[-2.2626,42.7505],[-2.272,42.7449],[-2.2887,42.74],[-2.3063,42.7356],[-2.3168,42.7393],[-2.3183,42.7301],[-2.3237,42.7244],[-2.3235,42.7193],[-2.3184,42.7189],[-2.3129,42.7087],[-2.3146,42.7018],[-2.3124,42.6883],[-2.3164,42.6833],[-2.3115,42.6805],[-2.3093,42.6712],[-2.3057,42.6756],[-2.2936,42.6779],[-2.2894,42.6683],[-2.2885,42.6551],[-2.2933,42.6509],[-2.3044,42.6527],[-2.3152,42.6513],[-2.3221,42.6476],[-2.3322,42.6462],[-2.3364,42.6405],[-2.3449,42.6345],[-2.3568,42.6353],[-2.3675,42.6371],[-2.3761,42.6373],[-2.3721,42.6434],[-2.3815,42.6476],[-2.3763,42.6507],[-2.3888,42.6585],[-2.398,42.661],[-2.4035,42.6593],[-2.4158,42.6627],[-2.4296,42.6583],[-2.4305,42.6553],[-2.4501,42.6473],[-2.455,42.6396],[-2.4546,42.6349],[-2.4592,42.6339],[-2.4645,42.6273],[-2.4711,42.6273],[-2.4831,42.6122],[-2.5001,42.6165],[-2.4993,42.6105],[-2.4948,42.6028],[-2.4943,42.5974],[-2.4907,42.5877],[-2.4837,42.5892],[-2.4725,42.5894],[-2.4622,42.5874],[-2.46,42.5788],[-2.4568,42.5753],[-2.4532,42.5671],[-2.4438,42.5747],[-2.4296,42.5973],[-2.4211,42.6071],[-2.412,42.6003],[-2.3993,42.5979],[-2.3977,42.595],[-2.4,42.5891],[-2.3958,42.5803],[-2.3931,42.5646],[-2.3906,42.5607],[-2.39,42.5491],[-2.4002,42.5439],[-2.4011,42.5385],[-2.3982,42.5294],[-2.3933,42.5231],[-2.3922,42.517],[-2.4093,42.516],[-2.4221,42.5117],[-2.4238,42.5096],[-2.4235,42.4991],[-2.4206,42.4892]]],[[[-1.1828,42.4239],[-1.1804,42.4175],[-1.1878,42.403],[-1.1844,42.401],[-1.1744,42.4038],[-1.1716,42.4067],[-1.1588,42.4097],[-1.1543,42.4145],[-1.1532,42.4256],[-1.1512,42.4317],[-1.1447,42.4374],[-1.1476,42.441],[-1.1525,42.4419],[-1.163,42.4323],[-1.1666,42.4325],[-1.1828,42.4239]]],[[[-1.1021,42.4828],[-1.107,42.4783],[-1.1185,42.4613],[-1.1237,42.4581],[-1.128,42.452],[-1.1294,42.4467],[-1.1251,42.4452],[-1.1158,42.4449],[-1.109,42.4415],[-1.0934,42.4402],[-1.0834,42.4371],[-1.0805,42.4384],[-1.0667,42.4346],[-1.0565,42.4343],[-1.051,42.4419],[-1.0565,42.4483],[-1.065,42.4539],[-1.0694,42.4664],[-1.0753,42.4681],[-1.0882,42.4756],[-1.0851,42.4834],[-1.0974,42.486],[-1.1021,42.4828]]]]},"properties":{"CodINE":"15","NAMEUNIT":"Comunidad Foral de Navarra"}},
{"type":"Feature","geometry":{"type":"Polygon","coordinates":[[[-3.4176,43.1333],[-3.4098,43.1342],[-3.4058,43.1378],[-3.401,43.1373],[-3.3911,43.1397],[-3.3798,43.1452],[-3.3648,43.151],[-3.3502,43.1538],[-3.3459,43.1614],[-3.3412,43.167],[-3.3342,43.1655],[-3.3116,43.1717],[-3.3057,43.1768],[-3.3006,43.1788],[-3.2974,43.1825],[-3.2881,43.1856],[-3.2773,43.191],[-3.2781,43.1943],[-3.2652,43.1944],[-3.2621,43.1961],[-3.2546,43.1949],[-3.2503,43.1969],[-3.2441,43.19],[-3.2377,43.1862],[-3.2361,43.1817],[-3.2235,43.1722],[-3.2185,43.1752],[-3.2141,43.1735],[-3.2076,43.1792],[-3.2048,43.1745],[-3.1971,43.1705],[-3.1856,43.1692],[-3.1791,43.1752],[-3.168,43.1786],[-3.1586,43.1781],[-3.1483,43.174],[-3.141,43.165],[-3.1418,43.1611],[-3.1535,43.1591],[-3.1618,43.1543],[-3.1668,43.1469],[-3.1615,43.1432],[-3.1723,43.1297],[-3.1818,43.1209],[-3.1804,43.1163],[-3.1697,43.1096],[-3.1625,43.1089],[-3.1521,43.1041],[-3.148,43.1083],[-3.1415,43.1106],[-3.1339,43.0972],[-3.1421,43.0891],[-3.1476,43.0857],[-3.1495,43.0812],[-3.1581,43.0737],[-3.1475,43.0689],[-3.141,43.0687],[-3.1406,43.0593],[-3.1434,43.0551],[-3.1418,43.049],[-3.1451,43.0382],[-3.1477,43.0345],[-3.1427,43.0317],[-3.1435,43.0274],[-3.1529,43.027],[-3.1702,43.0291],[-3.171,43.0255],[-3.1778,43.022],[-3.1689,43.0149],[-3.1607,43.0131],[-3.1448,43.0068],[-3.1359,43.008],[-3.1244,43.0078],[-3.1195,43.0057],[-3.1061,43.0054],[-3.089,43.0016],[-3.0795,43.0046],[-3.0767,43.0087],[-3.0712,43.0052],[-3.0615,43.0036],[-3.0614,42.9995],[-3.0482,42.9905],[-3.0431,42.9834],[-3.0371,42.9818],[-3.0395,42.9769],[-3.0449,42.9735],[-3.0419,42.9692],[-3.0198,42.9599],[-3.0204,42.9556],[-3.0164,42.9531],[-3.0083,42.952],[-3.0011,42.9535],[-2.9948,42.9521],[-2.9909,42.9471],[-2.9814,42.9399],[-2.9851,42.9363],[-2.9921,42.9352],[-2.9982,42.9268],[-3.0033,42.9283],[-3.012,42.9223],[-3.0166,42.915],[-3.0189,42.9085],[-3.06,42.9017],[-3.0706,42.9036],[-3.0752,42.901],[-3.0895,42.899],[-3.1047,42.9102],[-3.1084,42.9062],[-3.1176,42.9059],[-3.1265,42.9041],[-3.1328,42.9135],[-3.1405,42.9131],[-3.1508,42.9192],[-3.1447,42.9347],[-3.1694,42.9402],[-3.1808,42.9445],[-3.1911,42.945],[-3.1965,42.9464],[-3.2026,42.945],[-3.2065,42.9469],[-3.2116,42.9443],[-3.22,42.9495],[-3.2247,42.9497],[-3.2356,42.9439],[-3.2354,42.9331],[-3.2399,42.9316],[-3.2457,42.9238],[-3.2488,42.9158],[-3.2485,42.9121],[-3.2772,42.9016],[-3.2764,42.887],[-3.2868,42.8851],[-3.2826,42.8755],[-3.2691,42.8641],[-3.2536,42.8528],[-3.2368,42.8379],[-3.2258,42.8301],[-3.217,42.8265],[-3.2055,42.8274],[-3.2222,42.8386],[-3.2094,42.8442],[-3.207,42.8514],[-3.2005,42.8551],[-3.1907,42.8695],[-3.1847,42.8662],[-3.1731,42.8572],[-3.1628,42.8567],[-3.1499,42.8613],[-3.1445,42.8689],[-3.1387,42.8713],[-3.1381,42.8762],[-3.1257,42.8913],[-3.119,42.8913],[-3.1126,42.8867],[-3.1133,42.8819],[-3.1051,42.8796],[-3.1082,42.8712],[-3.1137,42.8641],[-3.1131,42.8611],[-3.1208,42.855],[-3.1231,42.8487],[-3.1284,42.8493],[-3.1314,42.8447],[-3.1301,42.8405],[-3.1329,42.8374],[-3.1406,42.8364],[-3.1489,42.8205],[-3.1481,42.8145],[-3.1592,42.8046],[-3.1412,42.7964],[-3.1314,42.7898],[-3.1236,42.7888],[-3.1282,42.7843],[-3.1326,42.7759],[-3.1366,42.7655],[-3.142,42.7629],[-3.1479,42.7567],[-3.1276,42.7592],[-3.1157,42.7593],[-3.1088,42.7642],[-3.0997,42.7673],[-3.0921,42.7652],[-3.0871,42.7585],[-3.081,42.7618],[-3.0816,42.7658],[-3.0679,42.7609],[-3.0636,42.7602],[-3.0534,42.7645],[-3.0476,42.765],[-3.0467,42.7603],[-3.0499,42.7553],[-3.0487,42.7491],[-3.0431,42.7437],[-3.0408,42.7385],[-3.031,42.7372],[-3.0186,42.7409],[-3.0161,42.7336],[-3.0054,42.7325],[-3.011,42.7275],[-3.0073,42.723],[-2.9954,42.7217],[-2.9888,42.719],[-2.987,42.709],[-2.9806,42.7035],[-2.9745,42.7084],[-2.9634,42.7081],[-2.9564,42.7104],[-2.9302,42.708],[-2.928,42.7048],[-2.9295,42.7],[-2.9225,42.7011],[-2.9185,42.6979],[-2.9025,42.6936],[-2.9038,42.6864],[-2.9014,42.6826],[-2.8951,42.6793],[-2.9002,42.6673],[-2.8972,42.6607],[-2.8967,42.6548],[-2.8894,42.6489],[-2.8748,42.643],[-2.871,42.6392],[-2.8581,42.6384],[-2.8539,42.6371],[-2.8429,42.6297],[-2.843,42.6233],[-2.8477,42.618],[-2.8422,42.6115],[-2.8418,42.6086],[-2.8343,42.6092],[-2.8199,42.6145],[-2.8194,42.6091],[-2.8236,42.6015],[-2.8177,42.5973],[-2.8198,42.5915],[-2.8257,42.5871],[-2.8388,42.583],[-2.8407,42.5808],[-2.8382,42.5762],[-2.8379,42.5708],[-2.8269,42.5622],[-2.8248,42.5546],[-2.8191,42.5554],[-2.8168,42.5582],[-2.8177,42.5639],[-2.8148,42.5693],[-2.8004,42.5663],[-2.7993,42.573],[-2.7897,42.5783],[-2.7808,42.5796],[-2.7788,42.5854],[-2.773,42.5922],[-2.7714,42.5963],[-2.7736,42.607],[-2.7675,42.6149],[-2.7659,42.6202],[-2.7563,42.6188],[-2.7498,42.6238],[-2.7407,42.6224],[-2.735,42.6182],[-2.7302,42.617],[-2.7227,42.6087],[-2.7131,42.6025],[-2.7069,42.5997],[-2.6806,42.5942],[-2.686,42.5827],[-2.6876,42.5651],[-2.6873,42.5596],[-2.6915,42.5418],[-2.6959,42.5325],[-2.7057,42.5167],[-2.6986,42.5172],[-2.6861,42.5201],[-2.6795,42.526],[-2.6773,42.524],[-2.6778,42.5096],[-2.6662,42.5098],[-2.6563,42.5037],[-2.6542,42.4965],[-2.6511,42.4923],[-2.6482,42.4837],[-2.6394,42.4846],[-2.6306,42.4906],[-2.629,42.4957],[-2.6206,42.4951],[-2.6096,42.4963],[-2.6068,42.5027],[-2.5925,42.4926],[-2.5982,42.4884],[-2.6025,42.4802],[-2.597,42.473],[-2.5879,42.4738],[-2.5875,42.4764],[-2.593,42.4812],[-2.5879,42.4835],[-2.5772,42.4833],[-2.5727,42.4927],[-2.5656,42.4928],[-2.5579,42.4858],[-2.554,42.4839],[-2.5323,42.4832],[-2.5296,42.4855],[-2.5372,42.489],[-2.538,42.494],[-2.5357,42.4968],[-2.5265,42.5022],[-2.5182,42.5091],[-2.5138,42.518],[-2.5106,42.5199],[-2.5053,42.5123],[-2.5111,42.5034],[-2.5176,42.4999],[-2.5191,42.4962],[-2.5158,42.4907],[-2.4774,42.4866],[-2.4723,42.4926],[-2.4488,42.4969],[-2.4385,42.4891],[-2.4206,42.4892],[-2.4235,42.4991],[-2.4238,42.5096],[-2.4221,42.5117],[-2.4093,42.516],[-2.3922,42.517],[-2.3933,42.5231],[-2.3982,42.5294],[-2.4011,42.5385],[-2.4002,42.5439],[-2.39,42.5491],[-2.3906,42.5607],[-2.3931,42.5646],[-2.3958,42.5803],[-2.4,42.5891],[-2.3977,42.595],[-2.3993,42.5979],[-2.412,42.6003],[-2.4211,42.6071],[-2.4296,42.5973],[-2.4438,42.5747],[-2.4532,42.5671],[-2.4568,42.5753],[-2.46,42.5788],[-2.4622,42.5874],[-2.4725,42.5894],[-2.4837,42.5892],[-2.4907,42.5877],[-2.4943,42.5974],[-2.4948,42.6028],[-2.4993,42.6105],[-2.5001,42.6165],[-2.4831,42.6122],[-2.4711,42.6273],[-2.4645,42.6273],[-2.4592,42.6339],[-2.4546,42.6349],[-2.455,42.6396],[-2.4501,42.6473],[-2.4305,42.6553],[-2.4296,42.6583],[-2.4158,42.6627],[-2.4035,42.6593],[-2.398,42.661],[-2.3888,42.6585],[-2.3763,42.6507],[-2.3815,42.6476],[-2.3721,42.6434],[-2.3761,42.6373],[-2.3675,42.6371],[-2.3568,42.6353],[-2.3449,42.6345],[-2.3364,42.6405],[-2.3322,42.6462],[-2.3221,42.6476],[-2.3152,42.6513],[-2.3044,42.6527],[-2.2933,42.6509],[-2.2885,42.6551],[-2.2894,42.6683],[-2.2936,42.6779],[-2.3057,42.6756],[-2.3093,42.6712],[-2.3115,42.6805],[-2.3164,42.6833],[-2.3124,42.6883],[-2.3146,42.7018],[-2.3129,42.7087],[-2.3184,42.7189],[-2.3235,42.7193],[-2.3237,42.7244],[-2.3183,42.7301],[-2.3168,42.7393],[-2.3063,42.7356],[-2.2887,42.74],[-2.272,42.7449],[-2.2626,42.7505],[-2.2662,42.7529],[-2.2756,42.7763],[-2.2753,42.779],[-2.281,42.7851],[-2.2791,42.788],[-2.2686,42.7951],[-2.2704,42.8089],[-2.2677,42.8134],[-2.253,42.8207],[-2.2358,42.8345],[-2.2327,42.8438],[-2.2396,42.8617],[-2.2421,42.8808],[-2.2415,42.8864],[-2.2531,42.8928],[-2.2484,42.8974],[-2.2378,42.896],[-2.2368,42.9166],[-2.2378,42.9215],[-2.2322,42.9318],[-2.2221,42.9336],[-2.2155,42.9369],[-2.2162,42.942],[-2.2109,42.9454],[-2.2103,42.9499],[-2.2038,42.9495],[-2.1991,42.9512],[-2.1903,42.9478],[-2.18,42.938],[-2.181,42.9351],[-2.1666,42.9361],[-2.157,42.9423],[-2.1362,42.9415],[-2.1295,42.9394],[-2.1176,42.9422],[-2.1121,42.9462],[-2.1037,42.9496],[-2.1048,42.9533],[-2.0986,42.9599],[-2.0952,42.9726],[-2.0862,42.9756],[-2.0731,42.9764],[-2.0526,42.9763],[-2.0511,42.9792],[-2.0449,42.9786],[-2.0383,42.981],[-2.0365,42.9858],[-2.0328,42.9872],[-2.0283,42.9988],[-2.033,43.0001],[-2.0314,43.0065],[-2.0387,43.0157],[-2.0406,43.0206],[-2.0414,43.0297],[-2.0317,43.0317],[-2.0303,43.0376],[-2.0204,43.0467],[-2.0181,43.0534],[-2.0228,43.0652],[-2.0162,43.0663],[-2.0124,43.0731],[-1.9897,43.0795],[-1.9781,43.082],[-1.9712,43.0861],[-1.9734,43.0916],[-1.9659,43.0952],[-1.9478,43.0978],[-1.944,43.1034],[-1.9394,43.1046],[-1.9394,43.1084],[-1.9337,43.1103],[-1.9313,43.1137],[-1.9237,43.1154],[-1.9213,43.1227],[-1.9155,43.1286],[-1.9022,43.1355],[-1.9051,43.1443],[-1.9113,43.1458],[-1.9207,43.1506],[-1.9203,43.1574],[-1.9159,43.1647],[-1.9169,43.1692],[-1.9209,43.1726],[-1.9229,43.179],[-1.9218,43.1873],[-1.9157,43.1924],[-1.911,43.2043],[-1.9131,43.2091],[-1.9107,43.2213],[-1.9049,43.2199],[-1.903,43.2112],[-1.8898,43.2076],[-1.8868,43.2144],[-1.8749,43.2105],[-1.8754,43.2159],[-1.88,43.2252],[-1.8802,43.2297],[-1.8751,43.2308],[-1.867,43.2263],[-1.8664,43.2177],[-1.8632,43.2158],[-1.8542,43.2158],[-1.8544,43.2184],[-1.8492,43.2244],[-1.84,43.2239],[-1.8348,43.2283],[-1.8255,43.2283],[-1.8229,43.2305],[-1.8219,43.2364],[-1.8188,43.2389],[-1.8075,43.239],[-1.8041,43.2443],[-1.795,43.2469],[-1.7959,43.2535],[-1.7929,43.2566],[-1.7952,43.2642],[-1.7914,43.2699],[-1.7939,43.2765],[-1.7865,43.2797],[-1.7832,43.2868],[-1.7732,43.2891],[-1.7653,43.2866],[-1.7613,43.2897],[-1.7516,43.2908],[-1.7504,43.293],[-1.7404,43.2953],[-1.7299,43.2954],[-1.7359,43.3103],[-1.7415,43.3173],[-1.7371,43.3234],[-1.7374,43.3302],[-1.7485,43.331],[-1.7527,43.3335],[-1.7532,43.3412],[-1.7578,43.3439],[-1.7718,43.3424],[-1.7772,43.3476],[-1.7844,43.349],[-1.7892,43.353],[-1.7818,43.3593],[-1.7796,43.3642],[-1.7858,43.3662],[-1.7902,43.3698],[-1.7896,43.3774],[-1.7969,43.3825],[-1.7887,43.3903],[-1.7933,43.3942],[-1.8017,43.3899],[-1.8248,43.3842],[-1.8319,43.3841],[-1.8409,43.3803],[-1.8412,43.3784],[-1.8524,43.3773],[-1.8558,43.3747],[-1.8706,43.3692],[-1.8789,43.355],[-1.8839,43.3494],[-1.8873,43.3488],[-1.9031,43.3414],[-1.9093,43.3403],[-1.9168,43.3367],[-1.9316,43.3354],[-1.9411,43.3355],[-1.9452,43.3341],[-1.9627,43.3369],[-1.9714,43.3326],[-1.9724,43.3286],[-1.9822,43.3253],[-1.9909,43.3271],[-1.9867,43.3188],[-1.9892,43.3166],[-1.9974,43.3156],[-2.0049,43.3185],[-2.0081,43.3241],[-2.0151,43.3209],[-2.023,43.3219],[-2.0303,43.321],[-2.0378,43.3177],[-2.0448,43.3172],[-2.0521,43.3131],[-2.0707,43.311],[-2.0737,43.3075],[-2.0817,43.3082],[-2.1028,43.3032],[-2.1117,43.3001],[-2.1149,43.297],[-2.1239,43.2939],[-2.1304,43.2901],[-2.1423,43.2935],[-2.1499,43.294],[-2.1623,43.2903],[-2.176,43.2885],[-2.1837,43.2944],[-2.1893,43.2924],[-2.192,43.2987],[-2.2012,43.3008],[-2.2155,43.309],[-2.2286,43.311],[-2.2395,43.3084],[-2.2396,43.3047],[-2.2461,43.3021],[-2.2578,43.3037],[-2.2624,43.2995],[-2.2673,43.3005],[-2.2781,43.2961],[-2.2848,43.2951],[-2.3042,43.297],[-2.3115,43.2999],[-2.3132,43.2975],[-2.3237,43.297],[-2.3394,43.3025],[-2.3458,43.3032],[-2.3469,43.2999],[-2.3522,43.2987],[-2.3567,43.3036],[-2.3668,43.3059],[-2.3734,43.3095],[-2.3806,43.3081],[-2.3799,43.3122],[-2.3949,43.32],[-2.4063,43.323],[-2.4119,43.3212],[-2.4225,43.3254],[-2.4227,43.3299],[-2.4354,43.3343],[-2.4412,43.3324],[-2.4556,43.3369],[-2.4597,43.3356],[-2.4637,43.339],[-2.4725,43.3508],[-2.4789,43.3555],[-2.4852,43.3578],[-2.4875,43.3634],[-2.4987,43.3623],[-2.5026,43.3642],[-2.5038,43.3705],[-2.5095,43.3772],[-2.5204,43.375],[-2.5345,43.3763],[-2.5446,43.3734],[-2.5508,43.3756],[-2.5525,43.382],[-2.5627,43.391],[-2.5716,43.3902],[-2.5803,43.3867],[-2.5854,43.389],[-2.5906,43.388],[-2.5933,43.391],[-2.6035,43.3942],[-2.6172,43.3915],[-2.6279,43.3952],[-2.6382,43.4031],[-2.6364,43.4068],[-2.6377,43.413],[-2.6463,43.4159],[-2.6524,43.411],[-2.6614,43.4092],[-2.6699,43.4125],[-2.679,43.4116],[-2.6828,43.4067],[-2.6881,43.4053],[-2.6962,43.407],[-2.7018,43.4152],[-2.7084,43.4186],[-2.7184,43.418],[-2.7203,43.426],[-2.7275,43.4259],[-2.7358,43.4277],[-2.743,43.4352],[-2.7435,43.4388],[-2.748,43.4456],[-2.7467,43.452],[-2.7521,43.457],[-2.761,43.4498],[-2.7706,43.4485],[-2.7761,43.4452],[-2.7847,43.4453],[-2.7963,43.4395],[-2.8002,43.4329],[-2.8081,43.4306],[-2.8121,43.4329],[-2.8266,43.4319],[-2.8476,43.433],[-2.8504,43.4303],[-2.867,43.4315],[-2.8699,43.435],[-2.8885,43.4364],[-2.9002,43.4332],[-2.9049,43.4386],[-2.9188,43.4389],[-2.9213,43.4374],[-2.9349,43.4345],[-2.9454,43.4357],[-2.9466,43.4313],[-2.9539,43.4269],[-2.952,43.4213],[-2.9451,43.4168],[-2.9456,43.4133],[-2.9527,43.4112],[-2.9626,43.4141],[-2.971,43.4128],[-2.9743,43.4046],[-2.985,43.3995],[-2.9912,43.3925],[-3.0066,43.3836],[-3.0224,43.3784],[-3.0325,43.3777],[-3.0368,43.374],[-3.0339,43.3675],[-3.0194,43.3584],[-3.0193,43.3511],[-3.0126,43.3477],[-3.0155,43.3407],[-3.0102,43.3372],[-3.0142,43.3301],[-3.0207,43.3255],[-3.031,43.3302],[-3.0287,43.3334],[-3.0309,43.3397],[-3.0344,43.3435],[-3.0326,43.3464],[-3.0404,43.3497],[-3.0462,43.3433],[-3.0708,43.3545],[-3.0693,43.3592],[-3.0502,43.3575],[-3.0498,43.3595],[-3.0589,43.3617],[-3.0723,43.3627],[-3.0753,43.355],[-3.0802,43.3583],[-3.0935,43.3627],[-3.1036,43.3637],[-3.1112,43.3617],[-3.1135,43.3581],[-3.1133,43.3514],[-3.1208,43.349],[-3.1289,43.3545],[-3.1337,43.3525],[-3.1442,43.3514],[-3.1533,43.3533],[-3.1508,43.3487],[-3.1544,43.341],[-3.1515,43.3236],[-3.1496,43.3193],[-3.1515,43.3072],[-3.1573,43.3013],[-3.1932,43.2985],[-3.1986,43.2933],[-3.2053,43.2909],[-3.2094,43.2836],[-3.2211,43.2873],[-3.2272,43.2861],[-3.2332,43.2883],[-3.2451,43.2896],[-3.2575,43.2921],[-3.2645,43.296],[-3.2794,43.2901],[-3.2911,43.2904],[-3.2946,43.2928],[-3.2928,43.2972],[-3.2949,43.3008],[-3.3134,43.2974],[-3.3216,43.2924],[-3.3292,43.2972],[-3.3311,43.3006],[-3.3431,43.2943],[-3.3415,43.2843],[-3.3389,43.2783],[-3.3596,43.272],[-3.3658,43.2745],[-3.383,43.2705],[-3.3854,43.2664],[-3.3899,43.2639],[-3.3931,43.2515],[-3.3994,43.2463],[-3.4104,43.247],[-3.4125,43.2418],[-3.4272,43.2397],[-3.4309,43.2404],[-3.4418,43.2351],[-3.4501,43.2362],[-3.4443,43.2211],[-3.4331,43.2066],[-3.4357,43.1982],[-3.436,43.1914],[-3.4333,43.1771],[-3.4322,43.167],[-3.4287,43.1607],[-3.422,43.1523],[-3.4176,43.1333]],[[-2.8689,42.7401],[-2.8631,42.7454],[-2.8534,42.7473],[-2.8556,42.7519],[-2.8511,42.7528],[-2.8539,42.7679],[-2.8478,42.7762],[-2.8418,42.7762],[-2.8393,42.7808],[-2.8355,42.7963],[-2.831,42.7931],[-2.8255,42.7858],[-2.8179,42.79],[-2.8103,42.7915],[-2.7938,42.7932],[-2.7792,42.7928],[-2.773,42.7941],[-2.7687,42.7925],[-2.7553,42.7937],[-2.7437,42.7922],[-2.7316,42.7945],[-2.7282,42.7912],[-2.7187,42.7887],[-2.7098,42.7834],[-2.702,42.7844],[-2.6951,42.7821],[-2.6932,42.7788],[-2.6801,42.7799],[-2.6678,42.7724],[-2.6636,42.7744],[-2.6538,42.7724],[-2.6516,42.7675],[-2.6352,42.7649],[-2.6241,42.7705],[-2.6151,42.7685],[-2.6091,42.7708],[-2.6033,42.7701],[-2.6027,42.7662],[-2.5929,42.7597],[-2.5894,42.7503],[-2.5773,42.7539],[-2.567,42.759],[-2.5648,42.7629],[-2.5583,42.7627],[-2.559,42.7532],[-2.5642,42.747],[-2.5626,42.7413],[-2.5697,42.7334],[-2.5726,42.7252],[-2.586,42.7133],[-2.5924,42.7106],[-2.6003,42.7153],[-2.6031,42.7087],[-2.6076,42.7057],[-2.609,42.696],[-2.6028,42.6951],[-2.5941,42.69],[-2.5781,42.674],[-2.5795,42.6689],[-2.5733,42.6681],[-2.5676,42.6705],[-2.5484,42.6688],[-2.5473,42.6729],[-2.5394,42.6866],[-2.5355,42.6875],[-2.522,42.684],[-2.5232,42.665],[-2.5174,42.6542],[-2.5174,42.6463],[-2.5239,42.645],[-2.5319,42.6409],[-2.5399,42.6382],[-2.5492,42.6376],[-2.5516,42.6407],[-2.5479,42.6455],[-2.5519,42.6493],[-2.5569,42.6496],[-2.5649,42.6446],[-2.5711,42.6476],[-2.5848,42.6516],[-2.5999,42.6507],[-2.6133,42.6468],[-2.6266,42.6496],[-2.6349,42.6478],[-2.6429,42.6527],[-2.6517,42.661],[-2.6539,42.67],[-2.661,42.6719],[-2.6664,42.6662],[-2.6702,42.6697],[-2.6787,42.6695],[-2.6871,42.6734],[-2.6992,42.6748],[-2.7067,42.6733],[-2.7148,42.6696],[-2.7145,42.6639],[-2.718,42.662],[-2.7265,42.6637],[-2.735,42.6621],[-2.7489,42.6659],[-2.7679,42.666],[-2.7713,42.6691],[-2.7705,42.6766],[-2.7784,42.6857],[-2.7845,42.6989],[-2.7955,42.698],[-2.8067,42.7023],[-2.811,42.7067],[-2.8253,42.7089],[-2.829,42.719],[-2.8384,42.7215],[-2.8442,42.7245],[-2.8516,42.7251],[-2.8552,42.7288],[-2.8467,42.7308],[-2.8569,42.7376],[-2.8649,42.7371],[-2.8689,42.7401]],[[-3.3045,43.2583],[-3.2901,43.2618],[-3.2791,43.2619],[-3.2701,43.2666],[-3.2641,43.2671],[-3.2619,43.2644],[-3.2531,43.2621],[-3.2492,43.2596],[-3.252,43.2461],[-3.2575,43.2397],[-3.2697,43.2327],[-3.2708,43.23],[-3.2668,43.2233],[-3.2712,43.2192],[-3.2702,43.2133],[-3.2655,43.2065],[-3.2694,43.2028],[-3.2755,43.2009],[-3.2878,43.2006],[-3.2968,43.206],[-3.2927,43.219],[-3.2973,43.2222],[-3.2967,43.2297],[-3.2931,43.2382],[-3.2934,43.2426],[-3.2975,43.2471],[-3.3057,43.2527],[-3.3045,43.2583]]]},"properties":{"CodINE":"16","NAMEUNIT":"País Vasco/Euskadi"}},
{"type":"Feature","geometry":{"type":"Polygon","coordinates":[[[-2.8581,42.6384],[-2.865,42.6329],[-2.8763,42.631],[-2.8835,42.6244],[-2.8821,42.6207],[-2.894,42.6213],[-2.8905,42.6257],[-2.8928,42.6277],[-2.9045,42.6265],[-2.9044,42.6202],[-2.916,42.6195],[-2.9242,42.6217],[-2.9258,42.6252],[-2.9339,42.6347],[-2.9471,42.6393],[-2.9526,42.6386],[-2.9704,42.6411],[-2.9759,42.6392],[-2.9806,42.6352],[-2.986,42.6363],[-2.9905,42.6424],[-2.9972,42.6421],[-3.0048,42.6443],[-3.0087,42.6409],[-3.0145,42.6404],[-3.018,42.6322],[-3.0269,42.6372],[-3.0408,42.6401],[-3.065,42.6397],[-3.0694,42.6388],[-3.0842,42.6407],[-3.0847,42.6353],[-3.0811,42.6313],[-3.0864,42.6277],[-3.0795,42.6261],[-3.0782,42.6237],[-3.0705,42.6214],[-3.0647,42.6059],[-3.0604,42.6026],[-3.0646,42.5983],[-3.0635,42.5913],[-3.0793,42.5837],[-3.0862,42.5822],[-3.0824,42.574],[-3.0883,42.5671],[-3.1024,42.5594],[-3.1038,42.5541],[-3.1149,42.5513],[-3.1271,42.5436],[-3.1343,42.5421],[-3.1305,42.5368],[-3.1253,42.5331],[-3.1187,42.5325],[-3.1075,42.5288],[-3.0999,42.5362],[-3.0968,42.5346],[-3.0893,42.5383],[-3.0827,42.5337],[-3.0765,42.5322],[-3.0719,42.5281],[-3.0764,42.5208],[-3.074,42.516],[-3.0751,42.5071],[-3.0804,42.4981],[-3.0933,42.4915],[-3.0893,42.4789],[-3.0823,42.4745],[-3.0733,42.4765],[-3.0642,42.4709],[-3.061,42.462],[-3.0503,42.4516],[-3.046,42.4452],[-3.0577,42.4339],[-3.0633,42.4249],[-3.0574,42.4172],[-3.0589,42.4099],[-3.064,42.4043],[-3.061,42.3946],[-3.056,42.3851],[-3.0531,42.3734],[-3.0577,42.3701],[-3.0658,42.3745],[-3.0679,42.38],[-3.0735,42.3856],[-3.075,42.3916],[-3.0787,42.3914],[-3.0827,42.3974],[-3.0786,42.4075],[-3.0782,42.4158],[-3.0905,42.4199],[-3.0972,42.4167],[-3.1013,42.4168],[-3.0989,42.4085],[-3.0957,42.4052],[-3.0976,42.3985],[-3.1053,42.3864],[-3.0949,42.3837],[-3.0848,42.3854],[-3.0737,42.3718],[-3.0633,42.3628],[-3.0634,42.3574],[-3.0669,42.355],[-3.0876,42.3522],[-3.0926,42.3529],[-3.1093,42.3519],[-3.1107,42.3386],[-3.1056,42.335],[-3.1039,42.3314],[-3.0959,42.3269],[-3.0981,42.3223],[-3.1034,42.3208],[-3.1066,42.3133],[-3.1026,42.3089],[-3.0994,42.2944],[-3.0959,42.2875],[-3.0962,42.279],[-3.0896,42.273],[-3.0977,42.2631],[-3.0941,42.2578],[-3.0925,42.2519],[-3.0886,42.2457],[-3.1021,42.2334],[-3.0992,42.225],[-3.1011,42.2175],[-3.1044,42.213],[-3.1134,42.2095],[-3.1163,42.2058],[-3.1289,42.2009],[-3.1283,42.1963],[-3.1251,42.1932],[-3.1153,42.1883],[-3.115,42.1788],[-3.1021,42.1721],[-3.0998,42.1674],[-3.0898,42.1593],[-3.0907,42.1486],[-3.0857,42.1342],[-3.0737,42.1358],[-3.0662,42.1333],[-3.059,42.127],[-3.0525,42.1187],[-3.0344,42.086],[-3.0235,42.0893],[-3.015,42.0878],[-3.0039,42.0833],[-2.9979,42.0865],[-2.9903,42.0875],[-2.9777,42.0839],[-2.9609,42.0843],[-2.9481,42.0878],[-2.9353,42.0894],[-2.9312,42.0868],[-2.9325,42.0809],[-2.9283,42.0747],[-2.9269,42.0665],[-2.9229,42.0612],[-2.9234,42.0579],[-2.9204,42.0492],[-2.915,42.0381],[-2.9155,42.0323],[-2.9117,42.0219],[-2.9029,42.0209],[-2.8912,42.017],[-2.8895,42.0104],[-2.8838,42.0095],[-2.8729,42.0132],[-2.8679,42.0178],[-2.8623,42.0192],[-2.8583,42.0227],[-2.8568,42.0288],[-2.8446,42.0345],[-2.8403,42.0345],[-2.8337,42.0382],[-2.8229,42.0409],[-2.8152,42.0366],[-2.8083,42.0403],[-2.8064,42.0446],[-2.7983,42.0473],[-2.7984,42.0593],[-2.7949,42.0635],[-2.7968,42.0725],[-2.8029,42.0778],[-2.8016,42.0834],[-2.7924,42.0909],[-2.7902,42.0976],[-2.7933,42.101],[-2.7916,42.1088],[-2.7821,42.1141],[-2.7749,42.1235],[-2.7654,42.1248],[-2.7512,42.1178],[-2.7455,42.1243],[-2.7347,42.125],[-2.7264,42.1214],[-2.7231,42.1163],[-2.7148,42.11],[-2.7067,42.1057],[-2.7104,42.0964],[-2.7076,42.0905],[-2.7084,42.0863],[-2.7219,42.0731],[-2.7267,42.0699],[-2.7273,42.0656],[-2.7346,42.06],[-2.7385,42.0497],[-2.7461,42.0436],[-2.752,42.0364],[-2.7576,42.0326],[-2.7551,42.0301],[-2.7557,42.0239],[-2.7488,42.0151],[-2.7462,42.0087],[-2.7376,42.0106],[-2.7272,42.015],[-2.7203,42.0158],[-2.7102,42.0137],[-2.7051,42.0151],[-2.6963,42.0107],[-2.6944,42.0076],[-2.6847,42.0007],[-2.6736,41.9981],[-2.6598,42.0054],[-2.65,42.0038],[-2.6425,42.0039],[-2.6266,42.0065],[-2.6245,42.0049],[-2.6151,42.0058],[-2.6097,42.0029],[-2.5966,42.0019],[-2.5799,41.9963],[-2.5753,42.0067],[-2.5699,42.0118],[-2.5653,42.014],[-2.5628,42.0218],[-2.556,42.0348],[-2.5513,42.0389],[-2.552,42.0456],[-2.5491,42.0515],[-2.5444,42.0541],[-2.5354,42.0541],[-2.5276,42.0586],[-2.5209,42.0651],[-2.5149,42.0689],[-2.5147,42.0742],[-2.5194,42.081],[-2.5227,42.0829],[-2.5183,42.0908],[-2.5194,42.098],[-2.5162,42.1027],[-2.5147,42.1145],[-2.5085,42.1154],[-2.5011,42.1124],[-2.4959,42.1129],[-2.4844,42.1063],[-2.4718,42.1143],[-2.4586,42.1153],[-2.4492,42.1257],[-2.4465,42.1322],[-2.4385,42.1373],[-2.4282,42.1365],[-2.4176,42.139],[-2.4091,42.1385],[-2.4014,42.1396],[-2.3972,42.137],[-2.3879,42.1425],[-2.3762,42.1414],[-2.3707,42.1434],[-2.3321,42.146],[-2.3269,42.1437],[-2.3182,42.1452],[-2.3078,42.1402],[-2.2884,42.135],[-2.2822,42.1317],[-2.2789,42.1224],[-2.2826,42.1188],[-2.2806,42.1143],[-2.2821,42.11],[-2.2793,42.1043],[-2.2716,42.0939],[-2.2696,42.0886],[-2.2589,42.0873],[-2.2422,42.0998],[-2.2378,42.1022],[-2.2313,42.1017],[-2.2241,42.0982],[-2.2171,42.0997],[-2.2089,42.1047],[-2.1969,42.1024],[-2.1713,42.1052],[-2.166,42.1041],[-2.1589,42.1049],[-2.1355,42.1017],[-2.1273,42.0972],[-2.1284,42.0896],[-2.1272,42.0805],[-2.1354,42.0746],[-2.1426,42.0741],[-2.152,42.0687],[-2.1619,42.0667],[-2.1584,42.0593],[-2.1548,42.047],[-2.1499,42.045],[-2.1384,42.0362],[-2.1289,42.0262],[-2.117,42.0215],[-2.1152,42.0115],[-2.1076,42.0028],[-2.1121,41.997],[-2.1194,41.9971],[-2.1241,41.9953],[-2.1204,41.988],[-2.1204,41.9805],[-2.1168,41.9718],[-2.1161,41.9636],[-2.11,41.9579],[-2.1004,41.9553],[-2.0911,41.9563],[-2.0801,41.9544],[-2.0762,41.9509],[-2.0622,41.9544],[-2.0527,41.951],[-2.0453,41.9501],[-2.0423,41.9438],[-2.0374,41.9415],[-2.0283,41.9534],[-2.0161,41.9448],[-2.0131,41.9408],[-2.0013,41.9385],[-1.9983,41.9307],[-1.9916,41.9248],[-1.9814,41.919],[-1.9703,41.9191],[-1.9613,41.9203],[-1.9549,41.9274],[-1.9406,41.9255],[-1.9295,41.9295],[-1.9215,41.9343],[-1.915,41.9338],[-1.9112,41.9406],[-1.9067,41.9456],[-1.8907,41.9478],[-1.8776,41.9524],[-1.8565,41.9664],[-1.8652,41.9776],[-1.8542,41.9816],[-1.8445,41.987],[-1.8513,41.9981],[-1.847,42.0025],[-1.8472,42.008],[-1.8552,42.0026],[-1.8608,42.0067],[-1.8648,42.0151],[-1.872,42.0127],[-1.8866,42.0275],[-1.8963,42.0268],[-1.9016,42.0297],[-1.9025,42.0388],[-1.9051,42.0495],[-1.9033,42.0545],[-1.9092,42.0591],[-1.9063,42.0611],[-1.9058,42.0671],[-1.9023,42.0739],[-1.892,42.086],[-1.8725,42.101],[-1.8713,42.1035],[-1.8642,42.1072],[-1.8595,42.115],[-1.8403,42.1281],[-1.8374,42.1341],[-1.8381,42.142],[-1.8324,42.1482],[-1.8216,42.1536],[-1.8025,42.1468],[-1.7992,42.1417],[-1.782,42.1377],[-1.7791,42.1421],[-1.7703,42.1452],[-1.7647,42.1504],[-1.7508,42.1505],[-1.7397,42.1497],[-1.7255,42.1418],[-1.7199,42.1334],[-1.7042,42.1394],[-1.6903,42.1484],[-1.6797,42.1517],[-1.6868,42.1564],[-1.6938,42.1584],[-1.6999,42.1682],[-1.7009,42.1731],[-1.6969,42.1804],[-1.679,42.1883],[-1.6795,42.1911],[-1.6852,42.194],[-1.6881,42.1927],[-1.6989,42.1936],[-1.703,42.1958],[-1.7067,42.2022],[-1.7057,42.207],[-1.7092,42.21],[-1.7216,42.2125],[-1.7275,42.2121],[-1.7334,42.2146],[-1.7411,42.2119],[-1.7664,42.2213],[-1.7673,42.2158],[-1.7744,42.216],[-1.7802,42.2242],[-1.7878,42.2251],[-1.7907,42.2229],[-1.8023,42.2234],[-1.8064,42.2278],[-1.8159,42.2289],[-1.8196,42.2321],[-1.8198,42.2399],[-1.8183,42.2469],[-1.8206,42.2492],[-1.829,42.244],[-1.8344,42.2485],[-1.8461,42.2552],[-1.8489,42.2589],[-1.8536,42.2567],[-1.8531,42.2521],[-1.8558,42.2497],[-1.8723,42.2527],[-1.8762,42.259],[-1.8688,42.2662],[-1.8662,42.2754],[-1.8698,42.2813],[-1.8713,42.2895],[-1.8809,42.287],[-1.8941,42.2906],[-1.9138,42.3001],[-1.9073,42.3064],[-1.9093,42.3111],[-1.919,42.3161],[-1.9165,42.3236],[-1.9185,42.327],[-1.924,42.3265],[-1.9327,42.3226],[-1.9413,42.3346],[-1.957,42.3356],[-1.9645,42.3338],[-1.9688,42.338],[-1.9647,42.3431],[-1.9696,42.3467],[-1.9682,42.3509],[-1.9733,42.3535],[-1.9796,42.3506],[-1.9829,42.3568],[-1.9903,42.3592],[-1.995,42.3633],[-2.0066,42.361],[-2.0114,42.3679],[-2.0179,42.3689],[-2.0289,42.3626],[-2.0344,42.3622],[-2.0456,42.359],[-2.0459,42.3562],[-2.0518,42.3512],[-2.0618,42.3476],[-2.07,42.3425],[-2.09,42.347],[-2.09,42.3555],[-2.0874,42.3599],[-2.079,42.3665],[-2.0795,42.3691],[-2.0928,42.3758],[-2.0875,42.3836],[-2.1103,42.3938],[-2.1156,42.4],[-2.1051,42.4159],[-2.1123,42.4201],[-2.1164,42.4192],[-2.133,42.4212],[-2.1397,42.4206],[-2.148,42.4161],[-2.15,42.4185],[-2.1571,42.4156],[-2.1578,42.4107],[-2.1649,42.4082],[-2.175,42.4078],[-2.1794,42.4102],[-2.1821,42.4164],[-2.1855,42.4186],[-2.1953,42.4196],[-2.201,42.4184],[-2.2061,42.415],[-2.2165,42.416],[-2.2121,42.4214],[-2.2208,42.4256],[-2.235,42.4261],[-2.2361,42.4373],[-2.2389,42.4409],[-2.2626,42.4495],[-2.2725,42.4452],[-2.2777,42.4485],[-2.2781,42.4541],[-2.2866,42.4602],[-2.288,42.4674],[-2.2969,42.4681],[-2.2932,42.46],[-2.2987,42.4574],[-2.3068,42.4613],[-2.3168,42.4621],[-2.3258,42.4682],[-2.332,42.4681],[-2.3363,42.4639],[-2.3313,42.4567],[-2.335,42.4525],[-2.3442,42.4515],[-2.3481,42.4533],[-2.3526,42.4656],[-2.3584,42.4669],[-2.3631,42.4617],[-2.372,42.4651],[-2.3728,42.4713],[-2.3774,42.473],[-2.3867,42.4702],[-2.3939,42.4726],[-2.4,42.4714],[-2.4157,42.4905],[-2.4206,42.4892],[-2.4385,42.4891],[-2.4488,42.4969],[-2.4723,42.4926],[-2.4774,42.4866],[-2.5158,42.4907],[-2.5191,42.4962],[-2.5176,42.4999],[-2.5111,42.5034],[-2.5053,42.5123],[-2.5106,42.5199],[-2.5138,42.518],[-2.5182,42.5091],[-2.5265,42.5022],[-2.5357,42.4968],[-2.538,42.494],[-2.5372,42.489],[-2.5296,42.4855],[-2.5323,42.4832],[-2.554,42.4839],[-2.5579,42.4858],[-2.5656,42.4928],[-2.5727,42.4927],[-2.5772,42.4833],[-2.5879,42.4835],[-2.593,42.4812],[-2.5875,42.4764],[-2.5879,42.4738],[-2.597,42.473],[-2.6025,42.4802],[-2.5982,42.4884],[-2.5925,42.4926],[-2.6068,42.5027],[-2.6096,42.4963],[-2.6206,42.4951],[-2.629,42.4957],[-2.6306,42.4906],[-2.6394,42.4846],[-2.6482,42.4837],[-2.6511,42.4923],[-2.6542,42.4965],[-2.6563,42.5037],[-2.6662,42.5098],[-2.6778,42.5096],[-2.6773,42.524],[-2.6795,42.526],[-2.6861,42.5201],[-2.6986,42.5172],[-2.7057,42.5167],[-2.6959,42.5325],[-2.6915,42.5418],[-2.6873,42.5596],[-2.6876,42.5651],[-2.686,42.5827],[-2.6806,42.5942],[-2.7069,42.5997],[-2.7131,42.6025],[-2.7227,42.6087],[-2.7302,42.617],[-2.735,42.6182],[-2.7407,42.6224],[-2.7498,42.6238],[-2.7563,42.6188],[-2.7659,42.6202],[-2.7675,42.6149],[-2.7736,42.607],[-2.7714,42.5963],[-2.773,42.5922],[-2.7788,42.5854],[-2.7808,42.5796],[-2.7897,42.5783],[-2.7993,42.573],[-2.8004,42.5663],[-2.8148,42.5693],[-2.8177,42.5639],[-2.8168,42.5582],[-2.8191,42.5554],[-2.8248,42.5546],[-2.8269,42.5622],[-2.8379,42.5708],[-2.8382,42.5762],[-2.8407,42.5808],[-2.8388,42.583],[-2.8257,42.5871],[-2.8198,42.5915],[-2.8177,42.5973],[-2.8236,42.6015],[-2.8194,42.6091],[-2.8199,42.6145],[-2.8343,42.6092],[-2.8418,42.6086],[-2.8422,42.6115],[-2.8477,42.618],[-2.843,42.6233],[-2.8429,42.6297],[-2.8539,42.6371],[-2.8581,42.6384]],[[-2.9994,42.6009],[-2.9941,42.6104],[-2.9945,42.6155],[-2.9865,42.6148],[-2.9829,42.6108],[-2.9862,42.6071],[-2.9994,42.6009]],[[-2.9452,42.6039],[-2.9405,42.607],[-2.9345,42.6141],[-2.9297,42.6112],[-2.9296,42.6062],[-2.9226,42.6008],[-2.9277,42.5961],[-2.9392,42.5943],[-2.9428,42.598],[-2.9452,42.6039]]]},"properties":{"CodINE":"17","NAMEUNIT":"La Rioja"}},
{"type":"Feature","geometry":{"type":"Polygon","coordinates":[[[-5.3821,35.9124],[-5.3767,35.9042],[-5.3778,35.896],[-5.375,35.8938],[-5.3757,35.8893],[-5.3718,35.8814],[-5.3607,35.8775],[-5.3556,35.8728],[-5.3435,35.8707],[-5.3406,35.8759],[-5.3333,35.8796],[-5.328,35.8783],[-5.3224,35.885],[-5.318,35.8874],[-5.3073,35.8842],[-5.2868,35.891],[-5.2783,35.898],[-5.2858,35.9035],[-5.2955,35.9027],[-5.2998,35.8994],[-5.3024,35.8928],[-5.3135,35.8891],[-5.3178,35.89],[-5.3247,35.8968],[-5.3247,35.9008],[-5.3349,35.8941],[-5.3432,35.8997],[-5.3482,35.9078],[-5.3558,35.9109],[-5.3649,35.9173],[-5.3788,35.9162],[-5.3821,35.9124]]]},"properties":{"CodINE":"18","NAMEUNIT":"Ciudad Autónoma de Ceuta"}},
{"type":"Feature","geometry":{"type":"Polygon","coordinates":[[[-2.9526,35.3203],[-2.9601,35.316],[-2.9676,35.3017],[-2.9703,35.2887],[-2.9668,35.2818],[-2.9542,35.2727],[-2.9505,35.2655],[-2.9388,35.2675],[-2.9295,35.2718],[-2.9332,35.2761],[-2.9377,35.2842],[-2.9355,35.2879],[-2.9347,35.2952],[-2.9375,35.3023],[-2.9428,35.3044],[-2.9472,35.3089],[-2.9445,35.3144],[-2.9526,35.3203]]]},"properties":{"CodINE":"19","NAMEUNIT":"Ciudad Autónoma de Melilla"}}
]}