fecha,territorio,combustible,minimo,medio,maximo,estaciones
2026-04-26,Araba,g95,1.399,1.537,1.66,68
2026-04-26,Araba,diesel,1.513,1.743,1.894,72
2026-04-26,Araba,dieselPlus,1.609,1.815,2,36
2026-04-26,Araba,g98,1.539,1.689,1.779,38
2026-04-26,Gipuzkoa,g95,1.249,1.512,1.699,131
2026-04-26,Gipuzkoa,g98,1.449,1.683,1.799,77
2026-04-26,Gipuzkoa,diesel,1.459,1.738,1.859,145
2026-04-26,Gipuzkoa,dieselPlus,1.585,1.818,1.939,81
2026-04-26,Navarra,g95,1.327,1.495,1.7,219
2026-04-26,Navarra,diesel,1.539,1.689,1.879,243
2026-04-26,Navarra,dieselPlus,1.589,1.792,1.969,98
2026-04-26,Navarra,g98,1.469,1.681,1.994,62
2026-04-26,Bizkaia,g95,1.314,1.528,1.629,123
2026-04-26,Bizkaia,g98,1.539,1.697,1.775,68
2026-04-26,Bizkaia,diesel,1.519,1.729,1.849,125
2026-04-26,Bizkaia,dieselPlus,1.579,1.777,1.959,45
2026-04-27,Araba,g95,1.399,1.538,1.66,68
2026-04-27,Araba,diesel,1.513,1.742,1.869,72
2026-04-27,Araba,dieselPlus,1.609,1.816,2,36
2026-04-27,Araba,g98,1.539,1.69,1.779,38
2026-04-27,Gipuzkoa,g95,1.259,1.516,1.699,131
2026-04-27,Gipuzkoa,g98,1.449,1.687,1.799,77
2026-04-27,Gipuzkoa,diesel,1.499,1.739,1.859,145
2026-04-27,Gipuzkoa,dieselPlus,1.597,1.817,1.939,81
2026-04-27,Navarra,g95,1.328,1.498,1.7,219
2026-04-27,Navarra,diesel,1.549,1.689,1.879,243
2026-04-27,Navarra,dieselPlus,1.589,1.791,1.969,98
2026-04-27,Navarra,g98,1.469,1.685,1.994,62
2026-04-27,Bizkaia,g95,1.329,1.53,1.649,123
2026-04-27,Bizkaia,g98,1.539,1.698,1.775,68
2026-04-27,Bizkaia,diesel,1.519,1.731,1.847,125
2026-04-27,Bizkaia,dieselPlus,1.579,1.778,1.959,45
2026-04-28,Araba,g95,1.399,1.54,1.66,68
2026-04-28,Araba,diesel,1.585,1.75,1.869,72
2026-04-28,Araba,dieselPlus,1.609,1.819,2,36
2026-04-28,Araba,g98,1.539,1.692,1.779,38
2026-04-28,Gipuzkoa,g95,1.339,1.521,1.699,131
2026-04-28,Gipuzkoa,g98,1.499,1.69,1.799,77
2026-04-28,Gipuzkoa,diesel,1.525,1.744,1.859,145
2026-04-28,Gipuzkoa,dieselPlus,1.585,1.822,1.939,81
2026-04-28,Navarra,g95,1.327,1.498,1.7,218
2026-04-28,Navarra,diesel,1.549,1.692,1.879,241
2026-04-28,Navarra,dieselPlus,1.589,1.795,1.969,98
2026-04-28,Navarra,g98,1.469,1.683,1.809,61
2026-04-28,Bizkaia,g95,1.359,1.537,1.649,123
2026-04-28,Bizkaia,g98,1.539,1.705,1.779,68
2026-04-28,Bizkaia,diesel,1.519,1.739,1.847,123
2026-04-28,Bizkaia,dieselPlus,1.579,1.782,1.959,43
2026-04-29,Araba,g95,1.399,1.539,1.66,68
2026-04-29,Araba,diesel,1.585,1.752,1.869,72
2026-04-29,Araba,dieselPlus,1.609,1.821,2,36
2026-04-29,Araba,g98,1.539,1.692,1.779,38
2026-04-29,Gipuzkoa,g95,1.339,1.525,1.699,130
2026-04-29,Gipuzkoa,g98,1.499,1.692,1.799,77
2026-04-29,Gipuzkoa,diesel,1.545,1.745,1.859,145
2026-04-29,Gipuzkoa,dieselPlus,1.595,1.821,1.939,81
2026-04-29,Navarra,g95,1.319,1.502,1.7,218
2026-04-29,Navarra,diesel,1.539,1.699,1.879,240
2026-04-29,Navarra,dieselPlus,1.589,1.8,1.969,98
2026-04-29,Navarra,g98,1.469,1.684,1.809,61
2026-04-29,Bizkaia,g95,1.359,1.543,1.649,118
2026-04-29,Bizkaia,g98,1.539,1.707,1.779,68
2026-04-29,Bizkaia,diesel,1.529,1.744,1.849,125
2026-04-29,Bizkaia,dieselPlus,1.589,1.791,1.959,44
2026-04-30,Araba,g95,1.399,1.541,1.66,68
2026-04-30,Araba,diesel,1.585,1.755,1.869,71
2026-04-30,Araba,dieselPlus,1.609,1.828,2,35
2026-04-30,Araba,g98,1.539,1.698,1.789,38
2026-04-30,Gipuzkoa,g95,1.339,1.529,1.699,131
2026-04-30,Gipuzkoa,g98,1.499,1.698,1.799,77
2026-04-30,Gipuzkoa,diesel,1.549,1.747,1.859,144
2026-04-30,Gipuzkoa,dieselPlus,1.597,1.826,1.939,81
2026-04-30,Navarra,g95,1.319,1.504,1.7,218
2026-04-30,Navarra,diesel,1.539,1.701,1.879,240
2026-04-30,Navarra,dieselPlus,1.589,1.805,1.969,97
2026-04-30,Navarra,g98,1.469,1.69,1.809,61
2026-04-30,Bizkaia,g95,1.359,1.54,1.659,121
2026-04-30,Bizkaia,g98,1.522,1.712,1.789,68
2026-04-30,Bizkaia,diesel,1.529,1.742,1.847,125
2026-04-30,Bizkaia,dieselPlus,1.589,1.786,1.959,45
2026-05-01,Araba,g95,1.399,1.549,1.669,68
2026-05-01,Araba,diesel,1.585,1.758,1.869,72
2026-05-01,Araba,dieselPlus,1.609,1.827,2,36
2026-05-01,Araba,g98,1.539,1.706,1.789,38
2026-05-01,Gipuzkoa,g95,1.329,1.542,1.699,131
2026-05-01,Gipuzkoa,g98,1.499,1.71,1.799,77
2026-05-01,Gipuzkoa,diesel,1.539,1.754,1.859,145
2026-05-01,Gipuzkoa,dieselPlus,1.597,1.833,1.939,81
2026-05-01,Navarra,g95,1.319,1.511,1.7,218
2026-05-01,Navarra,diesel,1.539,1.705,1.879,241
2026-05-01,Navarra,dieselPlus,1.589,1.81,1.969,98
2026-05-01,Navarra,g98,1.469,1.699,1.809,61
2026-05-01,Bizkaia,g95,1.359,1.547,1.689,124
2026-05-01,Bizkaia,g98,1.522,1.718,1.799,68
2026-05-01,Bizkaia,diesel,1.529,1.746,1.859,126
2026-05-01,Bizkaia,dieselPlus,1.589,1.786,1.959,45
2026-05-02,Araba,g95,1.399,1.551,1.669,68
2026-05-02,Araba,diesel,1.585,1.758,1.869,72
2026-05-02,Araba,dieselPlus,1.609,1.826,2,36
2026-05-02,Araba,g98,1.539,1.708,1.795,38
2026-05-02,Gipuzkoa,g95,1.299,1.543,1.699,131
2026-05-02,Gipuzkoa,g98,1.499,1.712,1.799,77
2026-05-02,Gipuzkoa,diesel,1.509,1.752,1.859,145
2026-05-02,Gipuzkoa,dieselPlus,1.597,1.831,1.939,81
2026-05-02,Navarra,g95,1.319,1.513,1.7,219
2026-05-02,Navarra,diesel,1.539,1.705,1.879,242
2026-05-02,Navarra,dieselPlus,1.589,1.81,1.969,99
2026-05-02,Navarra,g98,1.469,1.704,1.852,62
2026-05-02,Bizkaia,g95,1.359,1.549,1.689,124
2026-05-02,Bizkaia,g98,1.522,1.722,1.805,68
2026-05-02,Bizkaia,diesel,1.529,1.745,1.859,126
2026-05-02,Bizkaia,dieselPlus,1.589,1.788,1.959,45
2026-05-03,Araba,g95,1.399,1.551,1.669,68
2026-05-03,Araba,diesel,1.585,1.758,1.869,72
2026-05-03,Araba,dieselPlus,1.609,1.827,2,36
2026-05-03,Araba,g98,1.539,1.709,1.789,38
2026-05-03,Gipuzkoa,g95,1.239,1.543,1.699,131
2026-05-03,Gipuzkoa,g98,1.519,1.713,1.799,77
2026-05-03,Gipuzkoa,diesel,1.449,1.751,1.859,145
2026-05-03,Gipuzkoa,dieselPlus,1.597,1.831,1.939,81
2026-05-03,Navarra,g95,1.319,1.513,1.7,219
2026-05-03,Navarra,diesel,1.539,1.705,1.879,242
2026-05-03,Navarra,dieselPlus,1.589,1.81,1.969,99
2026-05-03,Navarra,g98,1.469,1.704,1.852,62
2026-05-03,Bizkaia,g95,1.359,1.55,1.689,124
2026-05-03,Bizkaia,g98,1.522,1.723,1.805,68
2026-05-03,Bizkaia,diesel,1.529,1.746,1.859,126
2026-05-03,Bizkaia,dieselPlus,1.589,1.789,1.959,45
2026-05-04,Araba,g95,1.399,1.553,1.669,68
2026-05-04,Araba,diesel,1.585,1.759,1.879,72
2026-05-04,Araba,dieselPlus,1.609,1.827,2,36
2026-05-04,Araba,g98,1.539,1.71,1.795,38
2026-05-04,Gipuzkoa,g95,1.189,1.547,1.699,130
2026-05-04,Gipuzkoa,g98,1.519,1.715,1.799,77
2026-05-04,Gipuzkoa,diesel,1.399,1.752,1.859,145
2026-05-04,Gipuzkoa,dieselPlus,1.597,1.832,1.939,81
2026-05-04,Navarra,g95,1.319,1.517,1.7,218
2026-05-04,Navarra,diesel,1.539,1.707,1.879,243
2026-05-04,Navarra,dieselPlus,1.598,1.81,1.969,99
2026-05-04,Navarra,g98,1.499,1.707,1.852,62
2026-05-04,Bizkaia,g95,1.354,1.555,1.699,124
2026-05-04,Bizkaia,g98,1.522,1.726,1.805,68
2026-05-04,Bizkaia,diesel,1.534,1.751,1.859,125
2026-05-04,Bizkaia,dieselPlus,1.629,1.796,1.989,44
2026-05-05,Araba,g95,1.419,1.557,1.669,68
2026-05-05,Araba,diesel,1.609,1.762,1.879,72
2026-05-05,Araba,dieselPlus,1.649,1.828,2,36
2026-05-05,Araba,g98,1.539,1.71,1.795,38
2026-05-05,Gipuzkoa,g95,1.319,1.552,1.699,131
2026-05-05,Gipuzkoa,g98,1.519,1.717,1.799,77
2026-05-05,Gipuzkoa,diesel,1.499,1.756,1.859,145
2026-05-05,Gipuzkoa,dieselPlus,1.679,1.837,1.939,81
2026-05-05,Navarra,g95,1.329,1.519,1.7,219
2026-05-05,Navarra,diesel,1.556,1.708,1.879,243
2026-05-05,Navarra,dieselPlus,1.599,1.812,1.969,99
2026-05-05,Navarra,g98,1.499,1.71,1.852,62
2026-05-05,Bizkaia,g95,1.354,1.559,1.699,124
2026-05-05,Bizkaia,g98,1.539,1.725,1.805,68
2026-05-05,Bizkaia,diesel,1.534,1.755,1.868,125
2026-05-05,Bizkaia,dieselPlus,1.629,1.797,1.989,45
2026-05-06,Araba,g95,1.429,1.56,1.679,68
2026-05-06,Araba,diesel,1.609,1.763,1.889,72
2026-05-06,Araba,dieselPlus,1.649,1.832,2,36
2026-05-06,Araba,g98,1.539,1.712,1.795,38
2026-05-06,Gipuzkoa,g95,1.359,1.555,1.699,131
2026-05-06,Gipuzkoa,g98,1.519,1.717,1.799,77
2026-05-06,Gipuzkoa,diesel,1.539,1.757,1.859,145
2026-05-06,Gipuzkoa,dieselPlus,1.666,1.837,1.939,81
2026-05-06,Navarra,g95,1.359,1.521,1.679,217
2026-05-06,Navarra,diesel,1.556,1.711,1.889,241
2026-05-06,Navarra,dieselPlus,1.599,1.816,1.969,98
2026-05-06,Navarra,g98,1.499,1.713,1.852,62
2026-05-06,Bizkaia,g95,1.364,1.563,1.699,124
2026-05-06,Bizkaia,g98,1.539,1.726,1.805,68
2026-05-06,Bizkaia,diesel,1.514,1.756,1.868,126
2026-05-06,Bizkaia,dieselPlus,1.649,1.803,1.989,45
2026-05-07,Araba,g95,1.429,1.565,1.679,67
2026-05-07,Araba,diesel,1.607,1.76,1.889,71
2026-05-07,Araba,dieselPlus,1.649,1.831,2,36
2026-05-07,Araba,g98,1.539,1.719,1.799,37
2026-05-07,Gipuzkoa,g95,1.359,1.556,1.699,130
2026-05-07,Gipuzkoa,g98,1.519,1.721,1.799,76
2026-05-07,Gipuzkoa,diesel,1.539,1.753,1.859,144
2026-05-07,Gipuzkoa,dieselPlus,1.636,1.833,1.919,80
2026-05-07,Navarra,g95,1.359,1.521,1.679,214
2026-05-07,Navarra,diesel,1.549,1.702,1.889,238
2026-05-07,Navarra,dieselPlus,1.599,1.809,1.969,95
2026-05-07,Navarra,g98,1.499,1.715,1.852,62
2026-05-07,Bizkaia,g95,1.349,1.569,1.699,124
2026-05-07,Bizkaia,g98,1.539,1.735,1.815,68
2026-05-07,Bizkaia,diesel,1.494,1.756,1.868,126
2026-05-07,Bizkaia,dieselPlus,1.649,1.804,1.989,45
2026-05-08,Araba,g95,1.429,1.561,1.679,67
2026-05-08,Araba,diesel,1.551,1.744,1.889,71
2026-05-08,Araba,dieselPlus,1.649,1.819,2,36
2026-05-08,Araba,g98,1.539,1.719,1.805,37
2026-05-08,Gipuzkoa,g95,1.319,1.551,1.699,127
2026-05-08,Gipuzkoa,g98,1.519,1.72,1.799,76
2026-05-08,Gipuzkoa,diesel,1.499,1.73,1.859,144
2026-05-08,Gipuzkoa,dieselPlus,1.616,1.811,1.919,80
2026-05-08,Navarra,g95,1.359,1.517,1.659,212
2026-05-08,Navarra,diesel,1.517,1.686,1.879,236
2026-05-08,Navarra,dieselPlus,1.589,1.791,1.969,95
2026-05-08,Navarra,g98,1.499,1.712,1.852,62
2026-05-08,Bizkaia,g95,1.334,1.566,1.699,122
2026-05-08,Bizkaia,g98,1.539,1.734,1.809,68
2026-05-08,Bizkaia,diesel,1.479,1.73,1.868,126
2026-05-08,Bizkaia,dieselPlus,1.599,1.79,1.989,45
2026-05-09,Araba,g95,1.429,1.561,1.679,67
2026-05-09,Araba,diesel,1.551,1.735,1.889,71
2026-05-09,Araba,dieselPlus,1.649,1.808,2,36
2026-05-09,Araba,g98,1.539,1.715,1.815,37
2026-05-09,Gipuzkoa,g95,1.279,1.548,1.699,127
2026-05-09,Gipuzkoa,g98,1.519,1.716,1.799,76
2026-05-09,Gipuzkoa,diesel,1.459,1.714,1.859,144
2026-05-09,Gipuzkoa,dieselPlus,1.616,1.794,1.919,80
2026-05-09,Navarra,g95,1.359,1.515,1.659,211
2026-05-09,Navarra,diesel,1.499,1.676,1.879,235
2026-05-09,Navarra,dieselPlus,1.57,1.776,1.969,95
2026-05-09,Navarra,g98,1.499,1.705,1.852,62
2026-05-09,Bizkaia,g95,1.319,1.565,1.699,122
2026-05-09,Bizkaia,g98,1.539,1.731,1.805,68
2026-05-09,Bizkaia,diesel,1.459,1.718,1.868,126
2026-05-09,Bizkaia,dieselPlus,1.599,1.783,1.989,45
2026-05-10,Araba,g95,1.429,1.561,1.679,67
2026-05-10,Araba,diesel,1.551,1.733,1.889,71
2026-05-10,Araba,dieselPlus,1.649,1.805,2,36
2026-05-10,Araba,g98,1.539,1.715,1.815,37
2026-05-10,Gipuzkoa,g95,1.219,1.544,1.699,130
2026-05-10,Gipuzkoa,g98,1.519,1.716,1.799,76
2026-05-10,Gipuzkoa,diesel,1.399,1.713,1.859,144
2026-05-10,Gipuzkoa,dieselPlus,1.616,1.794,1.919,80
2026-05-10,Navarra,g95,1.359,1.515,1.659,212
2026-05-10,Navarra,diesel,1.499,1.675,1.879,236
2026-05-10,Navarra,dieselPlus,1.57,1.774,1.969,95
2026-05-10,Navarra,g98,1.499,1.705,1.852,62
2026-05-10,Bizkaia,g95,1.319,1.564,1.699,124
2026-05-10,Bizkaia,g98,1.539,1.731,1.809,68
2026-05-10,Bizkaia,diesel,1.439,1.717,1.868,126
2026-05-10,Bizkaia,dieselPlus,1.599,1.78,1.989,45
2026-05-11,Araba,g95,1.428,1.558,1.66,67
2026-05-11,Araba,diesel,1.516,1.715,1.829,71
2026-05-11,Araba,dieselPlus,1.628,1.79,1.885,36
2026-05-11,Araba,g98,1.539,1.713,1.815,37
2026-05-11,Gipuzkoa,g95,1.319,1.545,1.699,129
2026-05-11,Gipuzkoa,g98,1.519,1.715,1.799,76
2026-05-11,Gipuzkoa,diesel,1.419,1.704,1.859,144
2026-05-11,Gipuzkoa,dieselPlus,1.553,1.785,1.875,80
2026-05-11,Navarra,g95,1.329,1.515,1.659,212
2026-05-11,Navarra,diesel,1.485,1.671,1.879,236
2026-05-11,Navarra,dieselPlus,1.57,1.771,1.929,94
2026-05-11,Navarra,g98,1.499,1.705,1.852,62
2026-05-11,Bizkaia,g95,1.394,1.564,1.689,124
2026-05-11,Bizkaia,g98,1.539,1.729,1.809,69
2026-05-11,Bizkaia,diesel,1.509,1.709,1.868,125
2026-05-11,Bizkaia,dieselPlus,1.579,1.769,1.909,42
2026-05-12,Araba,g95,1.428,1.557,1.659,67
2026-05-12,Araba,diesel,1.549,1.71,1.829,70
2026-05-12,Araba,dieselPlus,1.609,1.789,1.885,36
2026-05-12,Araba,g98,1.539,1.713,1.815,37
2026-05-12,Gipuzkoa,g95,1.309,1.544,1.699,130
2026-05-12,Gipuzkoa,g98,1.519,1.716,1.799,76
2026-05-12,Gipuzkoa,diesel,1.399,1.702,1.859,144
2026-05-12,Gipuzkoa,dieselPlus,1.553,1.783,1.869,80
2026-05-12,Navarra,g95,1.329,1.518,1.659,217
2026-05-12,Navarra,diesel,1.485,1.668,1.879,241
2026-05-12,Navarra,dieselPlus,1.568,1.77,1.909,99
2026-05-12,Navarra,g98,1.489,1.71,1.994,63
2026-05-12,Bizkaia,g95,1.379,1.562,1.689,125
2026-05-12,Bizkaia,g98,1.539,1.729,1.809,69
2026-05-12,Bizkaia,diesel,1.509,1.705,1.839,127
2026-05-12,Bizkaia,dieselPlus,1.569,1.758,1.909,45
2026-05-13,Araba,g95,1.428,1.563,1.659,66
2026-05-13,Araba,diesel,1.549,1.709,1.829,70
2026-05-13,Araba,dieselPlus,1.609,1.788,1.885,36
2026-05-13,Araba,g98,1.539,1.713,1.815,37
2026-05-13,Gipuzkoa,g95,1.309,1.55,1.699,130
2026-05-13,Gipuzkoa,g98,1.519,1.72,1.799,76
2026-05-13,Gipuzkoa,diesel,1.399,1.7,1.859,144
2026-05-13,Gipuzkoa,dieselPlus,1.554,1.779,1.859,80
2026-05-13,Navarra,g95,1.329,1.521,1.659,217
2026-05-13,Navarra,diesel,1.485,1.667,1.879,241
2026-05-13,Navarra,dieselPlus,1.569,1.77,1.909,99
2026-05-13,Navarra,g98,1.489,1.712,1.994,63
2026-05-13,Bizkaia,g95,1.369,1.566,1.689,125
2026-05-13,Bizkaia,g98,1.539,1.733,1.815,69
2026-05-13,Bizkaia,diesel,1.509,1.704,1.839,126
2026-05-13,Bizkaia,dieselPlus,1.569,1.758,1.909,44
2026-05-14,Araba,g95,1.425,1.568,1.689,67
2026-05-14,Araba,diesel,1.549,1.706,1.829,70
2026-05-14,Araba,dieselPlus,1.609,1.782,1.885,36
2026-05-14,Araba,g98,1.539,1.722,1.815,37
2026-05-14,Gipuzkoa,g95,1.309,1.559,1.699,130
2026-05-14,Gipuzkoa,g98,1.519,1.73,1.799,76
2026-05-14,Gipuzkoa,diesel,1.399,1.703,1.859,144
2026-05-14,Gipuzkoa,dieselPlus,1.558,1.781,1.869,80
2026-05-14,Navarra,g95,1.329,1.526,1.699,218
2026-05-14,Navarra,diesel,1.485,1.665,1.879,242
2026-05-14,Navarra,dieselPlus,1.578,1.768,1.909,99
2026-05-14,Navarra,g98,1.489,1.725,1.994,63
2026-05-14,Bizkaia,g95,1.369,1.571,1.689,125
2026-05-14,Bizkaia,g98,1.539,1.74,1.819,69
2026-05-14,Bizkaia,diesel,1.509,1.703,1.839,126
2026-05-14,Bizkaia,dieselPlus,1.569,1.757,1.909,44
2026-05-15,Araba,g95,1.425,1.573,1.689,66
2026-05-15,Araba,diesel,1.545,1.703,1.829,71
2026-05-15,Araba,dieselPlus,1.605,1.78,1.885,36
2026-05-15,Araba,g98,1.549,1.73,1.815,37
2026-05-15,Gipuzkoa,g95,1.299,1.561,1.689,131
2026-05-15,Gipuzkoa,g98,1.519,1.736,1.809,77
2026-05-15,Gipuzkoa,diesel,1.419,1.703,1.859,145
2026-05-15,Gipuzkoa,dieselPlus,1.565,1.784,1.919,81
2026-05-15,Navarra,g95,1.329,1.528,1.699,213
2026-05-15,Navarra,diesel,1.455,1.662,1.879,239
2026-05-15,Navarra,dieselPlus,1.578,1.768,1.909,99
2026-05-15,Navarra,g98,1.489,1.73,1.994,63
2026-05-15,Bizkaia,g95,1.359,1.576,1.689,121
2026-05-15,Bizkaia,g98,1.539,1.747,1.829,69
2026-05-15,Bizkaia,diesel,1.499,1.702,1.839,125
2026-05-15,Bizkaia,dieselPlus,1.549,1.755,1.909,43
2026-05-16,Araba,g95,1.425,1.572,1.689,67
2026-05-16,Araba,diesel,1.545,1.704,1.829,71
2026-05-16,Araba,dieselPlus,1.605,1.778,1.885,36
2026-05-16,Araba,g98,1.549,1.728,1.815,37
2026-05-16,Gipuzkoa,g95,1.239,1.56,1.689,131
2026-05-16,Gipuzkoa,g98,1.519,1.732,1.789,77
2026-05-16,Gipuzkoa,diesel,1.359,1.701,1.859,145
2026-05-16,Gipuzkoa,dieselPlus,1.565,1.782,1.919,81
2026-05-16,Navarra,g95,1.329,1.526,1.699,217
2026-05-16,Navarra,diesel,1.455,1.661,1.879,241
2026-05-16,Navarra,dieselPlus,1.578,1.764,1.909,98
2026-05-16,Navarra,g98,1.489,1.727,1.994,63
2026-05-16,Bizkaia,g95,1.379,1.574,1.689,125
2026-05-16,Bizkaia,g98,1.539,1.743,1.819,69
2026-05-16,Bizkaia,diesel,1.499,1.701,1.839,127
2026-05-16,Bizkaia,dieselPlus,1.549,1.752,1.909,45
2026-05-17,Araba,g95,1.425,1.575,1.689,67
2026-05-17,Araba,diesel,1.545,1.706,1.829,71
2026-05-17,Araba,dieselPlus,1.605,1.779,1.885,36
2026-05-17,Araba,g98,1.549,1.732,1.829,37
2026-05-17,Gipuzkoa,g95,1.189,1.561,1.689,131
2026-05-17,Gipuzkoa,g98,1.519,1.736,1.799,77
2026-05-17,Gipuzkoa,diesel,1.309,1.702,1.859,145
2026-05-17,Gipuzkoa,dieselPlus,1.565,1.784,1.919,81
2026-05-17,Navarra,g95,1.329,1.528,1.699,214
2026-05-17,Navarra,diesel,1.455,1.661,1.879,238
2026-05-17,Navarra,dieselPlus,1.578,1.763,1.909,96
2026-05-17,Navarra,g98,1.489,1.729,1.994,62
2026-05-17,Bizkaia,g95,1.379,1.578,1.689,125
2026-05-17,Bizkaia,g98,1.539,1.748,1.829,69
2026-05-17,Bizkaia,diesel,1.499,1.705,1.839,127
2026-05-17,Bizkaia,dieselPlus,1.549,1.753,1.909,45
2026-05-18,Araba,g95,1.425,1.577,1.699,67
2026-05-18,Araba,diesel,1.545,1.707,1.839,71
2026-05-18,Araba,dieselPlus,1.605,1.781,1.889,36
2026-05-18,Araba,g98,1.549,1.733,1.829,37
2026-05-18,Gipuzkoa,g95,1.159,1.566,1.689,131
2026-05-18,Gipuzkoa,g98,1.529,1.737,1.799,77
2026-05-18,Gipuzkoa,diesel,1.279,1.706,1.859,145
2026-05-18,Gipuzkoa,dieselPlus,1.567,1.785,1.919,81
2026-05-18,Navarra,g95,1.329,1.536,1.699,216
2026-05-18,Navarra,diesel,1.455,1.662,1.879,240
2026-05-18,Navarra,dieselPlus,1.559,1.764,1.909,97
2026-05-18,Navarra,g98,1.489,1.731,1.994,62
2026-05-18,Bizkaia,g95,1.374,1.581,1.729,125
2026-05-18,Bizkaia,g98,1.539,1.749,1.829,69
2026-05-18,Bizkaia,diesel,1.489,1.703,1.81,127
2026-05-18,Bizkaia,dieselPlus,1.549,1.754,1.909,44
2026-05-19,Araba,g95,1.425,1.578,1.699,67
2026-05-19,Araba,diesel,1.545,1.707,1.839,71
2026-05-19,Araba,dieselPlus,1.605,1.78,1.889,36
2026-05-19,Araba,g98,1.549,1.731,1.815,37
2026-05-19,Gipuzkoa,g95,1.369,1.569,1.689,131
2026-05-19,Gipuzkoa,g98,1.529,1.738,1.799,77
2026-05-19,Gipuzkoa,diesel,1.489,1.709,1.859,146
2026-05-19,Gipuzkoa,dieselPlus,1.567,1.787,1.919,81
2026-05-19,Navarra,g95,1.369,1.54,1.699,216
2026-05-19,Navarra,diesel,1.459,1.661,1.829,240
2026-05-19,Navarra,dieselPlus,1.559,1.763,1.909,97
2026-05-19,Navarra,g98,1.489,1.734,1.994,62
2026-05-19,Bizkaia,g95,1.409,1.586,1.729,125
2026-05-19,Bizkaia,g98,1.539,1.754,1.839,69
2026-05-19,Bizkaia,diesel,1.509,1.704,1.809,127
2026-05-19,Bizkaia,dieselPlus,1.549,1.752,1.909,45
2026-05-20,Araba,g95,1.425,1.59,1.709,67
2026-05-20,Araba,diesel,1.549,1.716,1.839,71
2026-05-20,Araba,dieselPlus,1.609,1.788,1.935,36
2026-05-20,Araba,g98,1.549,1.747,1.865,37
2026-05-20,Gipuzkoa,g95,1.339,1.579,1.689,131
2026-05-20,Gipuzkoa,g98,1.529,1.754,1.829,77
2026-05-20,Gipuzkoa,diesel,1.439,1.716,1.859,146
2026-05-20,Gipuzkoa,dieselPlus,1.579,1.795,1.919,81
2026-05-20,Navarra,g95,1.379,1.547,1.699,216
2026-05-20,Navarra,diesel,1.485,1.666,1.829,240
2026-05-20,Navarra,dieselPlus,1.559,1.77,1.909,97
2026-05-20,Navarra,g98,1.489,1.748,1.994,62
2026-05-20,Bizkaia,g95,1.409,1.605,1.729,125
2026-05-20,Bizkaia,g98,1.539,1.777,1.875,69
2026-05-20,Bizkaia,diesel,1.509,1.718,1.815,127
2026-05-20,Bizkaia,dieselPlus,1.549,1.757,1.909,45
2026-05-21,Araba,g95,1.425,1.591,1.709,67
2026-05-21,Araba,diesel,1.549,1.716,1.839,71
2026-05-21,Araba,dieselPlus,1.609,1.789,1.935,36
2026-05-21,Araba,g98,1.549,1.748,1.865,37
2026-05-21,Gipuzkoa,g95,1.289,1.582,1.689,131
2026-05-21,Gipuzkoa,g98,1.529,1.757,1.829,77
2026-05-21,Gipuzkoa,diesel,1.389,1.715,1.859,146
2026-05-21,Gipuzkoa,dieselPlus,1.579,1.795,1.919,81
2026-05-21,Navarra,g95,1.379,1.55,1.699,216
2026-05-21,Navarra,diesel,1.485,1.66,1.829,240
2026-05-21,Navarra,dieselPlus,1.559,1.769,1.909,97
2026-05-21,Navarra,g98,1.489,1.751,1.994,62
2026-05-21,Bizkaia,g95,1.409,1.609,1.729,125
2026-05-21,Bizkaia,g98,1.539,1.78,1.875,69
2026-05-21,Bizkaia,diesel,1.509,1.72,1.819,127
2026-05-21,Bizkaia,dieselPlus,1.549,1.759,1.909,45
2026-05-22,Araba,g95,1.428,1.593,1.709,67
2026-05-22,Araba,diesel,1.542,1.709,1.839,70
2026-05-22,Araba,dieselPlus,1.599,1.786,1.935,35
2026-05-22,Araba,g98,1.549,1.753,1.865,37
2026-05-22,Gipuzkoa,g95,1.269,1.586,1.699,130
2026-05-22,Gipuzkoa,g98,1.569,1.762,1.839,77
2026-05-22,Gipuzkoa,diesel,1.369,1.71,1.859,146
2026-05-22,Gipuzkoa,dieselPlus,1.579,1.793,1.919,81
2026-05-22,Navarra,g95,1.379,1.551,1.699,214
2026-05-22,Navarra,diesel,1.465,1.653,1.829,239
2026-05-22,Navarra,dieselPlus,1.539,1.765,1.909,97
2026-05-22,Navarra,g98,1.489,1.755,1.994,62
2026-05-22,Bizkaia,g95,1.409,1.612,1.729,124
2026-05-22,Bizkaia,g98,1.539,1.788,1.889,69
2026-05-22,Bizkaia,diesel,1.489,1.709,1.809,127
2026-05-22,Bizkaia,dieselPlus,1.529,1.754,1.909,45
2026-05-23,Araba,g95,1.427,1.591,1.705,67
2026-05-23,Araba,diesel,1.541,1.704,1.839,70
2026-05-23,Araba,dieselPlus,1.599,1.783,1.935,35
2026-05-23,Araba,g98,1.549,1.746,1.865,37
2026-05-23,Gipuzkoa,g95,1.369,1.584,1.699,130
2026-05-23,Gipuzkoa,g98,1.569,1.755,1.825,77
2026-05-23,Gipuzkoa,diesel,1.459,1.708,1.859,146
2026-05-23,Gipuzkoa,dieselPlus,1.579,1.789,1.919,81
2026-05-23,Navarra,g95,1.379,1.549,1.699,214
2026-05-23,Navarra,diesel,1.465,1.651,1.829,239
2026-05-23,Navarra,dieselPlus,1.539,1.759,1.909,97
2026-05-23,Navarra,g98,1.489,1.747,1.994,62
2026-05-23,Bizkaia,g95,1.409,1.608,1.729,124
2026-05-23,Bizkaia,g98,1.539,1.778,1.869,69
2026-05-23,Bizkaia,diesel,1.489,1.705,1.809,127
2026-05-23,Bizkaia,dieselPlus,1.529,1.753,1.909,45
2026-05-24,Araba,g95,1.427,1.588,1.705,67
2026-05-24,Araba,diesel,1.541,1.701,1.839,70
2026-05-24,Araba,dieselPlus,1.599,1.782,1.935,35
2026-05-24,Araba,g98,1.549,1.741,1.865,37
2026-05-24,Gipuzkoa,g95,1.369,1.582,1.699,130
2026-05-24,Gipuzkoa,g98,1.569,1.752,1.819,77
2026-05-24,Gipuzkoa,diesel,1.459,1.706,1.859,146
2026-05-24,Gipuzkoa,dieselPlus,1.579,1.788,1.919,81
2026-05-24,Navarra,g95,1.377,1.547,1.699,213
2026-05-24,Navarra,diesel,1.465,1.648,1.829,238
2026-05-24,Navarra,dieselPlus,1.539,1.755,1.909,96
2026-05-24,Navarra,g98,1.489,1.744,1.994,62
2026-05-24,Bizkaia,g95,1.409,1.604,1.729,124
2026-05-24,Bizkaia,g98,1.539,1.772,1.859,69
2026-05-24,Bizkaia,diesel,1.489,1.7,1.809,127
2026-05-24,Bizkaia,dieselPlus,1.529,1.753,1.909,45
2026-05-25,Araba,g95,1.428,1.59,1.699,64
2026-05-25,Araba,diesel,1.519,1.693,1.839,71
2026-05-25,Araba,dieselPlus,1.579,1.768,1.935,36
2026-05-25,Araba,g98,1.549,1.739,1.855,37
2026-05-25,Gipuzkoa,g95,1.377,1.578,1.699,130
2026-05-25,Gipuzkoa,g98,1.555,1.749,1.819,77
2026-05-25,Gipuzkoa,diesel,1.467,1.7,1.859,146
2026-05-25,Gipuzkoa,dieselPlus,1.517,1.779,1.889,81
2026-05-25,Navarra,g95,1.377,1.543,1.699,214
2026-05-25,Navarra,diesel,1.465,1.64,1.829,238
2026-05-25,Navarra,dieselPlus,1.539,1.752,1.909,96
2026-05-25,Navarra,g98,1.489,1.739,1.994,62
2026-05-25,Bizkaia,g95,1.409,1.6,1.729,125
2026-05-25,Bizkaia,g98,1.539,1.772,1.859,69
2026-05-25,Bizkaia,diesel,1.499,1.694,1.809,127
2026-05-25,Bizkaia,dieselPlus,1.519,1.748,1.909,44
2026-05-26,Araba,g95,1.428,1.587,1.699,67
2026-05-26,Araba,diesel,1.482,1.689,1.829,71
2026-05-26,Araba,dieselPlus,1.559,1.765,1.899,36
2026-05-26,Araba,g98,1.549,1.744,1.855,37
2026-05-26,Gipuzkoa,g95,1.377,1.578,1.699,131
2026-05-26,Gipuzkoa,g98,1.555,1.748,1.809,77
2026-05-26,Gipuzkoa,diesel,1.467,1.697,1.859,144
2026-05-26,Gipuzkoa,dieselPlus,1.517,1.779,1.889,79
2026-05-26,Navarra,g95,1.375,1.54,1.699,211
2026-05-26,Navarra,diesel,1.465,1.631,1.829,236
2026-05-26,Navarra,dieselPlus,1.519,1.743,1.889,95
2026-05-26,Navarra,g98,1.489,1.733,1.994,61
2026-05-26,Bizkaia,g95,1.409,1.6,1.729,122
2026-05-26,Bizkaia,g98,1.539,1.767,1.835,69
2026-05-26,Bizkaia,diesel,1.479,1.691,1.809,125
2026-05-26,Bizkaia,dieselPlus,1.509,1.735,1.909,43
2026-05-27,Araba,g95,1.428,1.586,1.699,67
2026-05-27,Araba,diesel,1.499,1.688,1.829,71
2026-05-27,Araba,dieselPlus,1.559,1.763,1.899,36
2026-05-27,Araba,g98,1.549,1.744,1.855,37
2026-05-27,Gipuzkoa,g95,1.377,1.578,1.689,131
2026-05-27,Gipuzkoa,g98,1.555,1.748,1.809,77
2026-05-27,Gipuzkoa,diesel,1.459,1.692,1.859,146
2026-05-27,Gipuzkoa,dieselPlus,1.517,1.773,1.889,81
2026-05-27,Navarra,g95,1.369,1.534,1.699,209
2026-05-27,Navarra,diesel,1.439,1.619,1.829,233
2026-05-27,Navarra,dieselPlus,1.519,1.735,1.909,92
2026-05-27,Navarra,g98,1.489,1.733,1.994,62
2026-05-27,Bizkaia,g95,1.409,1.594,1.729,123
2026-05-27,Bizkaia,g98,1.539,1.766,1.829,69
2026-05-27,Bizkaia,diesel,1.469,1.691,1.809,123
2026-05-27,Bizkaia,dieselPlus,1.509,1.73,1.909,42
2026-05-28,Araba,g95,1.424,1.58,1.699,67
2026-05-28,Araba,diesel,1.479,1.68,1.799,71
2026-05-28,Araba,dieselPlus,1.539,1.755,1.899,36
2026-05-28,Araba,g98,1.549,1.738,1.855,37
2026-05-28,Gipuzkoa,g95,1.377,1.576,1.689,129
2026-05-28,Gipuzkoa,g98,1.555,1.743,1.809,77
2026-05-28,Gipuzkoa,diesel,1.459,1.686,1.859,145
2026-05-28,Gipuzkoa,dieselPlus,1.517,1.764,1.869,80
2026-05-28,Navarra,g95,1.339,1.53,1.699,209
2026-05-28,Navarra,diesel,1.409,1.613,1.799,233
2026-05-28,Navarra,dieselPlus,1.498,1.729,1.889,92
2026-05-28,Navarra,g98,1.489,1.728,1.994,62
2026-05-28,Bizkaia,g95,1.409,1.586,1.729,123
2026-05-28,Bizkaia,g98,1.539,1.758,1.829,69
2026-05-28,Bizkaia,diesel,1.459,1.683,1.809,124
2026-05-28,Bizkaia,dieselPlus,1.509,1.728,1.909,43
2026-05-29,Araba,g95,1.424,1.574,1.699,67
2026-05-29,Araba,diesel,1.47,1.673,1.799,71
2026-05-29,Araba,dieselPlus,1.539,1.751,1.899,36
2026-05-29,Araba,g98,1.549,1.733,1.839,37
2026-05-29,Gipuzkoa,g95,1.377,1.565,1.689,131
2026-05-29,Gipuzkoa,g98,1.539,1.737,1.805,77
2026-05-29,Gipuzkoa,diesel,1.439,1.674,1.859,146
2026-05-29,Gipuzkoa,dieselPlus,1.517,1.752,1.869,80
2026-05-29,Navarra,g95,1.309,1.522,1.699,209
2026-05-29,Navarra,diesel,1.375,1.603,1.799,233
2026-05-29,Navarra,dieselPlus,1.498,1.72,1.889,92
2026-05-29,Navarra,g98,1.489,1.722,1.994,62
2026-05-29,Bizkaia,g95,1.409,1.578,1.729,123
2026-05-29,Bizkaia,g98,1.539,1.755,1.829,69
2026-05-29,Bizkaia,diesel,1.449,1.672,1.809,125
2026-05-29,Bizkaia,dieselPlus,1.509,1.717,1.909,44
2026-05-30,Araba,g95,1.424,1.568,1.689,67
2026-05-30,Araba,diesel,1.47,1.666,1.799,70
2026-05-30,Araba,dieselPlus,1.539,1.742,1.89,36
2026-05-30,Araba,g98,1.549,1.721,1.809,37
2026-05-30,Gipuzkoa,g95,1.369,1.561,1.689,131
2026-05-30,Gipuzkoa,g98,1.539,1.731,1.799,77
2026-05-30,Gipuzkoa,diesel,1.409,1.667,1.859,146
2026-05-30,Gipuzkoa,dieselPlus,1.517,1.743,1.869,80
2026-05-30,Navarra,g95,1.309,1.519,1.699,208
2026-05-30,Navarra,diesel,1.375,1.598,1.799,232
2026-05-30,Navarra,dieselPlus,1.497,1.71,1.889,92
2026-05-30,Navarra,g98,1.489,1.712,1.994,62
2026-05-30,Bizkaia,g95,1.399,1.573,1.729,123
2026-05-30,Bizkaia,g98,1.529,1.743,1.829,69
2026-05-30,Bizkaia,diesel,1.429,1.666,1.809,125
2026-05-30,Bizkaia,dieselPlus,1.489,1.713,1.909,44
2026-05-31,Araba,g95,1.424,1.565,1.689,67
2026-05-31,Araba,diesel,1.47,1.663,1.799,70
2026-05-31,Araba,dieselPlus,1.539,1.741,1.89,36
2026-05-31,Araba,g98,1.549,1.716,1.809,37
2026-05-31,Gipuzkoa,g95,1.367,1.559,1.689,130
2026-05-31,Gipuzkoa,g98,1.539,1.727,1.799,77
2026-05-31,Gipuzkoa,diesel,1.399,1.664,1.859,145
2026-05-31,Gipuzkoa,dieselPlus,1.517,1.74,1.869,79
2026-05-31,Navarra,g95,1.309,1.517,1.699,208
2026-05-31,Navarra,diesel,1.375,1.596,1.799,232
2026-05-31,Navarra,dieselPlus,1.497,1.707,1.889,92
2026-05-31,Navarra,g98,1.489,1.709,1.994,62
2026-05-31,Bizkaia,g95,1.399,1.569,1.729,123
2026-05-31,Bizkaia,g98,1.529,1.737,1.829,69
2026-05-31,Bizkaia,diesel,1.429,1.662,1.809,125
2026-05-31,Bizkaia,dieselPlus,1.489,1.713,1.909,44
2026-06-01,Araba,g95,1.419,1.564,1.689,68
2026-06-01,Araba,diesel,1.449,1.66,1.799,71
2026-06-01,Araba,dieselPlus,1.509,1.738,1.89,36
2026-06-01,Araba,g98,1.549,1.713,1.809,38
2026-06-01,Gipuzkoa,g95,1.377,1.557,1.669,130
2026-06-01,Gipuzkoa,g98,1.535,1.725,1.795,77
2026-06-01,Gipuzkoa,diesel,1.409,1.657,1.859,145
2026-06-01,Gipuzkoa,dieselPlus,1.474,1.733,1.869,79
2026-06-01,Navarra,g95,1.309,1.511,1.699,209
2026-06-01,Navarra,diesel,1.375,1.589,1.799,233
2026-06-01,Navarra,dieselPlus,1.497,1.705,1.889,92
2026-06-01,Navarra,g98,1.489,1.705,1.994,62
2026-06-01,Bizkaia,g95,1.389,1.565,1.689,125
2026-06-01,Bizkaia,g98,1.529,1.734,1.799,69
2026-06-01,Bizkaia,diesel,1.429,1.657,1.769,127
2026-06-01,Bizkaia,dieselPlus,1.459,1.706,1.889,45
2026-06-02,Araba,g95,1.419,1.558,1.689,68
2026-06-02,Araba,diesel,1.449,1.652,1.779,72
2026-06-02,Araba,dieselPlus,1.509,1.731,1.839,36
2026-06-02,Araba,g98,1.549,1.705,1.809,38
2026-06-02,Gipuzkoa,g95,1.349,1.552,1.669,130
2026-06-02,Gipuzkoa,g98,1.535,1.72,1.789,77
2026-06-02,Gipuzkoa,diesel,1.429,1.655,1.859,145
2026-06-02,Gipuzkoa,dieselPlus,1.474,1.732,1.869,79
2026-06-02,Navarra,g95,1.309,1.511,1.699,214
2026-06-02,Navarra,diesel,1.375,1.588,1.812,238
2026-06-02,Navarra,dieselPlus,1.47,1.706,1.889,97
2026-06-02,Navarra,g98,1.489,1.701,1.994,62
2026-06-02,Bizkaia,g95,1.369,1.557,1.689,125
2026-06-02,Bizkaia,g98,1.529,1.723,1.795,69
2026-06-02,Bizkaia,diesel,1.419,1.653,1.769,127
2026-06-02,Bizkaia,dieselPlus,1.459,1.701,1.889,45
2026-06-03,Araba,g95,1.419,1.557,1.689,68
2026-06-03,Araba,diesel,1.459,1.649,1.779,72
2026-06-03,Araba,dieselPlus,1.519,1.729,1.839,36
2026-06-03,Araba,g98,1.549,1.703,1.809,38
2026-06-03,Gipuzkoa,g95,1.269,1.547,1.669,131
2026-06-03,Gipuzkoa,g98,1.535,1.715,1.785,77
2026-06-03,Gipuzkoa,diesel,1.369,1.652,1.859,145
2026-06-03,Gipuzkoa,dieselPlus,1.471,1.731,1.869,80
2026-06-03,Navarra,g95,1.309,1.509,1.699,215
2026-06-03,Navarra,diesel,1.375,1.586,1.8,239
2026-06-03,Navarra,dieselPlus,1.469,1.703,1.889,97
2026-06-03,Navarra,g98,1.489,1.7,1.994,62
2026-06-03,Bizkaia,g95,1.369,1.553,1.689,125
2026-06-03,Bizkaia,g98,1.529,1.72,1.789,69
2026-06-03,Bizkaia,diesel,1.419,1.649,1.769,127
2026-06-03,Bizkaia,dieselPlus,1.459,1.698,1.889,45
2026-06-04,Araba,g95,1.419,1.559,1.689,66
2026-06-04,Araba,diesel,1.459,1.649,1.779,72
2026-06-04,Araba,dieselPlus,1.519,1.728,1.839,36
2026-06-04,Araba,g98,1.549,1.702,1.809,38
2026-06-04,Gipuzkoa,g95,1.299,1.545,1.669,130
2026-06-04,Gipuzkoa,g98,1.535,1.714,1.775,77
2026-06-04,Gipuzkoa,diesel,1.409,1.648,1.859,145
2026-06-04,Gipuzkoa,dieselPlus,1.479,1.73,1.869,80
2026-06-04,Navarra,g95,1.309,1.508,1.699,215
2026-06-04,Navarra,diesel,1.375,1.584,1.779,239
2026-06-04,Navarra,dieselPlus,1.479,1.7,1.889,97
2026-06-04,Navarra,g98,1.489,1.699,1.994,62
2026-06-04,Bizkaia,g95,1.369,1.554,1.689,125
2026-06-04,Bizkaia,g98,1.529,1.72,1.789,69
2026-06-04,Bizkaia,diesel,1.419,1.649,1.769,127
2026-06-04,Bizkaia,dieselPlus,1.459,1.698,1.889,45
2026-06-05,Araba,g95,1.419,1.554,1.689,68
2026-06-05,Araba,diesel,1.459,1.647,1.779,72
2026-06-05,Araba,dieselPlus,1.539,1.73,1.839,36
2026-06-05,Araba,g98,1.549,1.705,1.789,38
2026-06-05,Gipuzkoa,g95,1.299,1.545,1.669,131
2026-06-05,Gipuzkoa,g98,1.535,1.721,1.805,77
2026-06-05,Gipuzkoa,diesel,1.439,1.648,1.859,145
2026-06-05,Gipuzkoa,dieselPlus,1.484,1.733,1.869,80
2026-06-05,Navarra,g95,1.309,1.506,1.699,215
2026-06-05,Navarra,diesel,1.375,1.583,1.779,239
2026-06-05,Navarra,dieselPlus,1.479,1.701,1.889,97
2026-06-05,Navarra,g98,1.489,1.702,1.994,62
2026-06-05,Bizkaia,g95,1.369,1.554,1.689,123
2026-06-05,Bizkaia,g98,1.529,1.724,1.799,69
2026-06-05,Bizkaia,diesel,1.419,1.651,1.769,127
2026-06-05,Bizkaia,dieselPlus,1.459,1.699,1.889,45
2026-06-06,Araba,g95,1.419,1.549,1.669,68
2026-06-06,Araba,diesel,1.459,1.643,1.779,72
2026-06-06,Araba,dieselPlus,1.539,1.724,1.839,36
2026-06-06,Araba,g98,1.549,1.693,1.779,38
2026-06-06,Gipuzkoa,g95,1.299,1.542,1.659,131
2026-06-06,Gipuzkoa,g98,1.535,1.713,1.775,77
2026-06-06,Gipuzkoa,diesel,1.439,1.643,1.859,145
2026-06-06,Gipuzkoa,dieselPlus,1.484,1.727,1.869,80
2026-06-06,Navarra,g95,1.309,1.503,1.669,216
2026-06-06,Navarra,diesel,1.375,1.58,1.779,240
2026-06-06,Navarra,dieselPlus,1.479,1.692,1.889,97
2026-06-06,Navarra,g98,1.489,1.689,1.994,62
2026-06-06,Bizkaia,g95,1.359,1.549,1.679,123
2026-06-06,Bizkaia,g98,1.529,1.714,1.789,69
2026-06-06,Bizkaia,diesel,1.419,1.645,1.769,127
2026-06-06,Bizkaia,dieselPlus,1.459,1.697,1.889,45
2026-06-07,Araba,g95,1.419,1.548,1.669,68
2026-06-07,Araba,diesel,1.459,1.641,1.779,72
2026-06-07,Araba,dieselPlus,1.539,1.723,1.839,36
2026-06-07,Araba,g98,1.549,1.69,1.779,38
2026-06-07,Gipuzkoa,g95,1.299,1.541,1.659,131
2026-06-07,Gipuzkoa,g98,1.535,1.711,1.769,77
2026-06-07,Gipuzkoa,diesel,1.439,1.642,1.859,145
2026-06-07,Gipuzkoa,dieselPlus,1.484,1.726,1.869,80
2026-06-07,Navarra,g95,1.309,1.502,1.669,216
2026-06-07,Navarra,diesel,1.375,1.579,1.779,240
2026-06-07,Navarra,dieselPlus,1.479,1.691,1.889,97
2026-06-07,Navarra,g98,1.489,1.686,1.994,62
2026-06-07,Bizkaia,g95,1.359,1.546,1.679,123
2026-06-07,Bizkaia,g98,1.529,1.711,1.789,69
2026-06-07,Bizkaia,diesel,1.419,1.642,1.769,127
2026-06-07,Bizkaia,dieselPlus,1.459,1.697,1.889,45
2026-06-08,Araba,g95,1.379,1.545,1.669,68
2026-06-08,Araba,diesel,1.459,1.64,1.779,72
2026-06-08,Araba,dieselPlus,1.539,1.722,1.839,36
2026-06-08,Araba,g98,1.549,1.69,1.779,38
2026-06-08,Gipuzkoa,g95,1.299,1.54,1.659,131
2026-06-08,Gipuzkoa,g98,1.535,1.712,1.899,77
2026-06-08,Gipuzkoa,diesel,1.447,1.642,1.859,145
2026-06-08,Gipuzkoa,dieselPlus,1.487,1.724,1.869,80
2026-06-08,Navarra,g95,1.309,1.497,1.669,213
2026-06-08,Navarra,diesel,1.375,1.575,1.769,237
2026-06-08,Navarra,dieselPlus,1.469,1.687,1.889,96
2026-06-08,Navarra,g98,1.439,1.684,1.994,62
2026-06-08,Bizkaia,g95,1.359,1.542,1.679,125
2026-06-08,Bizkaia,g98,1.528,1.71,1.789,69
2026-06-08,Bizkaia,diesel,1.419,1.64,1.769,127
2026-06-08,Bizkaia,dieselPlus,1.459,1.692,1.849,45
2026-06-09,Araba,g95,1.379,1.544,1.669,67
2026-06-09,Araba,diesel,1.459,1.636,1.779,71
2026-06-09,Araba,dieselPlus,1.539,1.715,1.839,35
2026-06-09,Araba,g98,1.549,1.69,1.779,37
2026-06-09,Gipuzkoa,g95,1.299,1.538,1.659,131
2026-06-09,Gipuzkoa,g98,1.535,1.709,1.889,77
2026-06-09,Gipuzkoa,diesel,1.449,1.639,1.859,145
2026-06-09,Gipuzkoa,dieselPlus,1.487,1.721,1.869,80
2026-06-09,Navarra,g95,1.279,1.496,1.669,213
2026-06-09,Navarra,diesel,1.389,1.574,1.769,237
2026-06-09,Navarra,dieselPlus,1.469,1.686,1.889,96
2026-06-09,Navarra,g98,1.439,1.684,1.994,62
2026-06-09,Bizkaia,g95,1.359,1.539,1.669,125
2026-06-09,Bizkaia,g98,1.528,1.707,1.779,69
2026-06-09,Bizkaia,diesel,1.439,1.637,1.769,127
2026-06-09,Bizkaia,dieselPlus,1.459,1.689,1.849,45
2026-06-10,Araba,g95,1.379,1.543,1.669,68
2026-06-10,Araba,diesel,1.459,1.637,1.779,72
2026-06-10,Araba,dieselPlus,1.539,1.718,1.839,36
2026-06-10,Araba,g98,1.549,1.689,1.779,38
2026-06-10,Gipuzkoa,g95,1.299,1.536,1.659,131
2026-06-10,Gipuzkoa,g98,1.535,1.707,1.889,77
2026-06-10,Gipuzkoa,diesel,1.449,1.637,1.859,145
2026-06-10,Gipuzkoa,dieselPlus,1.514,1.72,1.869,80
2026-06-10,Navarra,g95,1.259,1.494,1.669,213
2026-06-10,Navarra,diesel,1.377,1.573,1.769,237
2026-06-10,Navarra,dieselPlus,1.469,1.686,1.889,96
2026-06-10,Navarra,g98,1.439,1.684,1.994,62
2026-06-10,Bizkaia,g95,1.339,1.537,1.659,124
2026-06-10,Bizkaia,g98,1.529,1.707,1.769,68
2026-06-10,Bizkaia,diesel,1.419,1.633,1.739,126
2026-06-10,Bizkaia,dieselPlus,1.439,1.683,1.849,45
2026-06-11,Araba,g95,1.379,1.537,1.669,68
2026-06-11,Araba,diesel,1.45,1.624,1.779,72
2026-06-11,Araba,dieselPlus,1.519,1.711,1.839,36
2026-06-11,Araba,g98,1.549,1.684,1.779,38
2026-06-11,Gipuzkoa,g95,1.299,1.533,1.659,131
2026-06-11,Gipuzkoa,g98,1.535,1.703,1.889,77
2026-06-11,Gipuzkoa,diesel,1.447,1.632,1.859,145
2026-06-11,Gipuzkoa,dieselPlus,1.489,1.716,1.869,80
2026-06-11,Navarra,g95,1.259,1.489,1.669,212
2026-06-11,Navarra,diesel,1.377,1.564,1.769,236
2026-06-11,Navarra,dieselPlus,1.459,1.674,1.889,95
2026-06-11,Navarra,g98,1.439,1.679,1.994,62
2026-06-11,Bizkaia,g95,1.299,1.528,1.649,125
2026-06-11,Bizkaia,g98,1.509,1.699,1.769,68
2026-06-11,Bizkaia,diesel,1.399,1.621,1.739,127
2026-06-11,Bizkaia,dieselPlus,1.419,1.671,1.839,46
2026-06-12,Araba,g95,1.379,1.535,1.669,68
2026-06-12,Araba,diesel,1.449,1.623,1.779,72
2026-06-12,Araba,dieselPlus,1.519,1.71,1.839,36
2026-06-12,Araba,g98,1.499,1.686,1.779,38
2026-06-12,Gipuzkoa,g95,1.299,1.528,1.659,131
2026-06-12,Gipuzkoa,g98,1.535,1.702,1.775,77
2026-06-12,Gipuzkoa,diesel,1.447,1.626,1.859,145
2026-06-12,Gipuzkoa,dieselPlus,1.489,1.712,1.869,80
2026-06-12,Navarra,g95,1.259,1.487,1.669,212
2026-06-12,Navarra,diesel,1.377,1.561,1.769,236
2026-06-12,Navarra,dieselPlus,1.459,1.673,1.889,95
2026-06-12,Navarra,g98,1.439,1.68,1.994,62
2026-06-12,Bizkaia,g95,1.299,1.527,1.649,123
2026-06-12,Bizkaia,g98,1.499,1.702,1.775,68
2026-06-12,Bizkaia,diesel,1.399,1.621,1.739,127
2026-06-12,Bizkaia,dieselPlus,1.419,1.668,1.839,46
2026-06-13,Araba,g95,1.379,1.534,1.669,68
2026-06-13,Araba,diesel,1.449,1.617,1.779,72
2026-06-13,Araba,dieselPlus,1.519,1.704,1.839,36
2026-06-13,Araba,g98,1.499,1.681,1.779,38
2026-06-13,Gipuzkoa,g95,1.299,1.527,1.659,131
2026-06-13,Gipuzkoa,g98,1.535,1.697,1.769,77
2026-06-13,Gipuzkoa,diesel,1.447,1.622,1.859,145
2026-06-13,Gipuzkoa,dieselPlus,1.489,1.706,1.869,80
2026-06-13,Navarra,g95,1.259,1.485,1.669,210
2026-06-13,Navarra,diesel,1.377,1.558,1.769,234
2026-06-13,Navarra,dieselPlus,1.459,1.667,1.889,95
2026-06-13,Navarra,g98,1.439,1.674,1.994,62
2026-06-13,Bizkaia,g95,1.299,1.526,1.649,125
2026-06-13,Bizkaia,g98,1.499,1.698,1.769,68
2026-06-13,Bizkaia,diesel,1.399,1.621,1.739,127
2026-06-13,Bizkaia,dieselPlus,1.419,1.667,1.839,46
2026-06-14,Araba,g95,1.379,1.524,1.669,65
2026-06-14,Araba,diesel,1.449,1.61,1.759,69
2026-06-14,Araba,dieselPlus,1.519,1.695,1.839,33
2026-06-14,Araba,g98,1.499,1.672,1.779,36
2026-06-14,Gipuzkoa,g95,1.299,1.523,1.659,131
2026-06-14,Gipuzkoa,g98,1.535,1.692,1.769,77
2026-06-14,Gipuzkoa,diesel,1.447,1.62,1.859,145
2026-06-14,Gipuzkoa,dieselPlus,1.489,1.704,1.869,80
2026-06-14,Navarra,g95,1.259,1.482,1.669,211
2026-06-14,Navarra,diesel,1.377,1.556,1.769,235
2026-06-14,Navarra,dieselPlus,1.459,1.665,1.889,95
2026-06-14,Navarra,g98,1.439,1.669,1.994,62
2026-06-14,Bizkaia,g95,1.299,1.52,1.649,125
2026-06-14,Bizkaia,g98,1.499,1.69,1.769,68
2026-06-14,Bizkaia,diesel,1.399,1.618,1.739,127
2026-06-14,Bizkaia,dieselPlus,1.419,1.665,1.839,46
2026-06-15,Araba,g95,1.379,1.521,1.649,65
2026-06-15,Araba,diesel,1.424,1.601,1.719,69
2026-06-15,Araba,dieselPlus,1.519,1.687,1.825,33
2026-06-15,Araba,g98,1.499,1.67,1.779,36
2026-06-15,Gipuzkoa,g95,1.299,1.518,1.609,131
2026-06-15,Gipuzkoa,g98,1.535,1.688,1.749,77
2026-06-15,Gipuzkoa,diesel,1.429,1.612,1.709,145
2026-06-15,Gipuzkoa,dieselPlus,1.489,1.695,1.799,80
2026-06-15,Navarra,g95,1.249,1.477,1.649,211
2026-06-15,Navarra,diesel,1.329,1.543,1.769,235
2026-06-15,Navarra,dieselPlus,1.439,1.653,1.849,95
2026-06-15,Navarra,g98,1.439,1.668,1.994,62
2026-06-15,Bizkaia,g95,1.299,1.516,1.649,126
2026-06-15,Bizkaia,g98,1.499,1.686,1.769,68
2026-06-15,Bizkaia,diesel,1.379,1.61,1.715,128
2026-06-15,Bizkaia,dieselPlus,1.399,1.654,1.819,46
2026-06-16,Araba,g95,1.379,1.517,1.649,66
2026-06-16,Araba,diesel,1.379,1.593,1.719,70
2026-06-16,Araba,dieselPlus,1.499,1.68,1.819,34
2026-06-16,Araba,g98,1.499,1.664,1.779,37
2026-06-16,Gipuzkoa,g95,1.299,1.509,1.609,131
2026-06-16,Gipuzkoa,g98,1.535,1.678,1.749,77
2026-06-16,Gipuzkoa,diesel,1.427,1.601,1.699,145
2026-06-16,Gipuzkoa,dieselPlus,1.468,1.683,1.799,80
2026-06-16,Navarra,g95,1.249,1.469,1.649,212
2026-06-16,Navarra,diesel,1.316,1.531,1.769,236
2026-06-16,Navarra,dieselPlus,1.387,1.641,1.849,96
2026-06-16,Navarra,g98,1.439,1.656,1.994,62
2026-06-16,Bizkaia,g95,1.296,1.505,1.629,126
2026-06-16,Bizkaia,g98,1.477,1.674,1.769,68
2026-06-16,Bizkaia,diesel,1.359,1.597,1.715,127
2026-06-16,Bizkaia,dieselPlus,1.399,1.647,1.819,45
2026-06-17,Araba,g95,1.369,1.51,1.639,68
2026-06-17,Araba,diesel,1.358,1.578,1.719,72
2026-06-17,Araba,dieselPlus,1.469,1.669,1.819,36
2026-06-17,Araba,g98,1.499,1.652,1.759,38
2026-06-17,Gipuzkoa,g95,1.299,1.497,1.599,131
2026-06-17,Gipuzkoa,g98,1.529,1.67,1.739,77
2026-06-17,Gipuzkoa,diesel,1.407,1.59,1.699,144
2026-06-17,Gipuzkoa,dieselPlus,1.448,1.67,1.789,80
2026-06-17,Navarra,g95,1.227,1.463,1.649,214
2026-06-17,Navarra,diesel,1.267,1.517,1.769,238
2026-06-17,Navarra,dieselPlus,1.386,1.631,1.849,97
2026-06-17,Navarra,g98,1.439,1.653,1.994,62
2026-06-17,Bizkaia,g95,1.295,1.494,1.625,126
2026-06-17,Bizkaia,g98,1.465,1.664,1.769,68
2026-06-17,Bizkaia,diesel,1.349,1.586,1.715,127
2026-06-17,Bizkaia,dieselPlus,1.409,1.634,1.819,45
2026-06-18,Araba,g95,1.349,1.5,1.639,68
2026-06-18,Araba,diesel,1.351,1.556,1.719,72
2026-06-18,Araba,dieselPlus,1.439,1.653,1.819,36
2026-06-18,Araba,g98,1.499,1.644,1.759,38
2026-06-18,Gipuzkoa,g95,1.297,1.49,1.599,131
2026-06-18,Gipuzkoa,g98,1.529,1.664,1.726,77
2026-06-18,Gipuzkoa,diesel,1.407,1.578,1.699,144
2026-06-18,Gipuzkoa,dieselPlus,1.448,1.659,1.789,80
2026-06-18,Navarra,g95,1.227,1.456,1.649,214
2026-06-18,Navarra,diesel,1.265,1.504,1.769,237
2026-06-18,Navarra,dieselPlus,1.383,1.616,1.849,97
2026-06-18,Navarra,g98,1.439,1.643,1.994,62
2026-06-18,Bizkaia,g95,1.249,1.483,1.619,126
2026-06-18,Bizkaia,g98,1.447,1.655,1.769,68
2026-06-18,Bizkaia,diesel,1.329,1.568,1.699,127
2026-06-18,Bizkaia,dieselPlus,1.369,1.621,1.819,46
2026-06-19,Araba,g95,1.349,1.49,1.619,68
2026-06-19,Araba,diesel,1.337,1.548,1.719,72
2026-06-19,Araba,dieselPlus,1.419,1.642,1.819,36
2026-06-19,Araba,g98,1.499,1.64,1.759,38
2026-06-19,Gipuzkoa,g95,1.287,1.481,1.599,131
2026-06-19,Gipuzkoa,g98,1.479,1.66,1.726,77
2026-06-19,Gipuzkoa,diesel,1.379,1.564,1.699,145
2026-06-19,Gipuzkoa,dieselPlus,1.448,1.653,1.789,80
2026-06-19,Navarra,g95,1.227,1.45,1.632,213
2026-06-19,Navarra,diesel,1.265,1.493,1.769,237
2026-06-19,Navarra,dieselPlus,1.369,1.608,1.849,97
2026-06-19,Navarra,g98,1.439,1.638,1.994,62
2026-06-19,Bizkaia,g95,1.249,1.475,1.619,126
2026-06-19,Bizkaia,g98,1.443,1.654,1.769,68
2026-06-19,Bizkaia,diesel,1.319,1.555,1.699,127
2026-06-19,Bizkaia,dieselPlus,1.369,1.609,1.819,46
2026-06-20,Araba,g95,1.336,1.486,1.619,68
2026-06-20,Araba,diesel,1.337,1.542,1.719,72
2026-06-20,Araba,dieselPlus,1.399,1.637,1.819,36
2026-06-20,Araba,g98,1.499,1.633,1.759,38
2026-06-20,Gipuzkoa,g95,1.277,1.478,1.599,131
2026-06-20,Gipuzkoa,g98,1.479,1.654,1.726,77
2026-06-20,Gipuzkoa,diesel,1.379,1.56,1.699,145
2026-06-20,Gipuzkoa,dieselPlus,1.448,1.646,1.789,80
2026-06-20,Navarra,g95,1.227,1.447,1.632,214
2026-06-20,Navarra,diesel,1.265,1.486,1.769,238
2026-06-20,Navarra,dieselPlus,1.344,1.598,1.849,98
2026-06-20,Navarra,g98,1.439,1.629,1.994,62
2026-06-20,Bizkaia,g95,1.249,1.472,1.619,126
2026-06-20,Bizkaia,g98,1.443,1.646,1.769,68
2026-06-20,Bizkaia,diesel,1.319,1.552,1.699,127
2026-06-20,Bizkaia,dieselPlus,1.369,1.605,1.819,46
2026-06-21,Araba,g95,1.336,1.486,1.619,68
2026-06-21,Araba,diesel,1.337,1.542,1.719,72
2026-06-21,Araba,dieselPlus,1.399,1.636,1.819,36
2026-06-21,Araba,g98,1.499,1.633,1.759,38
2026-06-21,Gipuzkoa,g95,1.277,1.478,1.599,131
2026-06-21,Gipuzkoa,g98,1.479,1.654,1.726,77
2026-06-21,Gipuzkoa,diesel,1.379,1.559,1.699,145
2026-06-21,Gipuzkoa,dieselPlus,1.448,1.646,1.789,80
2026-06-21,Navarra,g95,1.227,1.448,1.632,215
2026-06-21,Navarra,diesel,1.265,1.485,1.769,239
2026-06-21,Navarra,dieselPlus,1.344,1.597,1.849,98
2026-06-21,Navarra,g98,1.439,1.63,1.994,62
2026-06-21,Bizkaia,g95,1.249,1.473,1.619,126
2026-06-21,Bizkaia,g98,1.443,1.647,1.769,68
2026-06-21,Bizkaia,diesel,1.319,1.553,1.699,127
2026-06-21,Bizkaia,dieselPlus,1.369,1.606,1.819,46
2026-06-22,Araba,g95,1.336,1.484,1.619,68
2026-06-22,Araba,diesel,1.339,1.54,1.719,72
2026-06-22,Araba,dieselPlus,1.399,1.635,1.819,36
2026-06-22,Araba,g98,1.499,1.633,1.759,38
2026-06-22,Gipuzkoa,g95,1.277,1.476,1.589,131
2026-06-22,Gipuzkoa,g98,1.479,1.651,1.726,77
2026-06-22,Gipuzkoa,diesel,1.369,1.554,1.689,145
2026-06-22,Gipuzkoa,dieselPlus,1.439,1.642,1.769,80
2026-06-22,Navarra,g95,1.205,1.439,1.632,218
2026-06-22,Navarra,diesel,1.235,1.475,1.769,242
2026-06-22,Navarra,dieselPlus,1.344,1.592,1.849,99
2026-06-22,Navarra,g98,1.439,1.627,1.994,62
2026-06-22,Bizkaia,g95,1.249,1.47,1.599,126
2026-06-22,Bizkaia,g98,1.443,1.645,1.769,68
2026-06-22,Bizkaia,diesel,1.299,1.55,1.689,128
2026-06-22,Bizkaia,dieselPlus,1.369,1.601,1.819,46
2026-06-23,Araba,g95,1.246,1.482,1.619,68
2026-06-23,Araba,diesel,1.339,1.534,1.719,72
2026-06-23,Araba,dieselPlus,1.399,1.629,1.819,36
2026-06-23,Araba,g98,1.499,1.635,1.759,38
2026-06-23,Gipuzkoa,g95,1.277,1.472,1.569,131
2026-06-23,Gipuzkoa,g98,1.479,1.648,1.726,77
2026-06-23,Gipuzkoa,diesel,1.359,1.549,1.689,145
2026-06-23,Gipuzkoa,dieselPlus,1.394,1.636,1.769,80
2026-06-23,Navarra,g95,1.205,1.435,1.629,219
2026-06-23,Navarra,diesel,1.235,1.466,1.769,243
2026-06-23,Navarra,dieselPlus,1.358,1.589,1.849,100
2026-06-23,Navarra,g98,1.439,1.625,1.994,63
2026-06-23,Bizkaia,g95,1.249,1.467,1.599,126
2026-06-23,Bizkaia,g98,1.443,1.644,1.769,68
2026-06-23,Bizkaia,diesel,1.299,1.544,1.689,128
2026-06-23,Bizkaia,dieselPlus,1.369,1.597,1.819,46
2026-06-24,Araba,g95,1.266,1.476,1.619,68
2026-06-24,Araba,diesel,1.335,1.53,1.719,72
2026-06-24,Araba,dieselPlus,1.399,1.624,1.819,36
2026-06-24,Araba,g98,1.499,1.629,1.759,38
2026-06-24,Gipuzkoa,g95,1.267,1.467,1.569,131
2026-06-24,Gipuzkoa,g98,1.479,1.643,1.726,77
2026-06-24,Gipuzkoa,diesel,1.339,1.542,1.689,145
2026-06-24,Gipuzkoa,dieselPlus,1.394,1.628,1.769,80
2026-06-24,Navarra,g95,1.205,1.43,1.589,219
2026-06-24,Navarra,diesel,1.235,1.46,1.766,243
2026-06-24,Navarra,dieselPlus,1.339,1.582,1.849,99
2026-06-24,Navarra,g98,1.439,1.621,1.994,63
2026-06-24,Bizkaia,g95,1.246,1.461,1.599,126
2026-06-24,Bizkaia,g98,1.443,1.638,1.769,68
2026-06-24,Bizkaia,diesel,1.299,1.535,1.66,128
2026-06-24,Bizkaia,dieselPlus,1.369,1.595,1.819,44
2026-06-25,Araba,g95,1.319,1.472,1.619,68
2026-06-25,Araba,diesel,1.319,1.526,1.719,72
2026-06-25,Araba,dieselPlus,1.399,1.616,1.819,36
2026-06-25,Araba,g98,1.469,1.623,1.759,38
2026-06-25,Gipuzkoa,g95,1.257,1.464,1.569,131
2026-06-25,Gipuzkoa,g98,1.479,1.641,1.726,77
2026-06-25,Gipuzkoa,diesel,1.339,1.538,1.689,145
2026-06-25,Gipuzkoa,dieselPlus,1.394,1.624,1.769,80
2026-06-25,Navarra,g95,1.205,1.43,1.589,219
2026-06-25,Navarra,diesel,1.225,1.458,1.766,243
2026-06-25,Navarra,dieselPlus,1.339,1.578,1.849,100
2026-06-25,Navarra,g98,1.439,1.62,1.994,63
2026-06-25,Bizkaia,g95,1.245,1.459,1.599,124
2026-06-25,Bizkaia,g98,1.445,1.633,1.769,68
2026-06-25,Bizkaia,diesel,1.299,1.529,1.66,128
2026-06-25,Bizkaia,dieselPlus,1.359,1.582,1.819,46
2026-06-26,Araba,g95,1.319,1.472,1.619,68
2026-06-26,Araba,diesel,1.319,1.524,1.719,72
2026-06-26,Araba,dieselPlus,1.399,1.616,1.819,36
2026-06-26,Araba,g98,1.469,1.626,1.759,38
2026-06-26,Gipuzkoa,g95,1.247,1.46,1.559,131
2026-06-26,Gipuzkoa,g98,1.479,1.643,1.726,77
2026-06-26,Gipuzkoa,diesel,1.339,1.533,1.689,145
2026-06-26,Gipuzkoa,dieselPlus,1.394,1.622,1.76,80
2026-06-26,Navarra,g95,1.199,1.428,1.589,220
2026-06-26,Navarra,diesel,1.225,1.454,1.766,244
2026-06-26,Navarra,dieselPlus,1.339,1.576,1.739,100
2026-06-26,Navarra,g98,1.439,1.623,1.994,63
2026-06-26,Bizkaia,g95,1.246,1.457,1.579,126
2026-06-26,Bizkaia,g98,1.445,1.638,1.769,68
2026-06-26,Bizkaia,diesel,1.299,1.527,1.66,128
2026-06-26,Bizkaia,dieselPlus,1.359,1.581,1.819,46
2026-06-27,Araba,g95,1.319,1.472,1.619,68
2026-06-27,Araba,diesel,1.319,1.524,1.719,72
2026-06-27,Araba,dieselPlus,1.399,1.615,1.819,36
2026-06-27,Araba,g98,1.469,1.622,1.759,38
2026-06-27,Gipuzkoa,g95,1.237,1.458,1.559,131
2026-06-27,Gipuzkoa,g98,1.479,1.64,1.726,77
2026-06-27,Gipuzkoa,diesel,1.339,1.529,1.689,145
2026-06-27,Gipuzkoa,dieselPlus,1.394,1.618,1.76,80
2026-06-27,Navarra,g95,1.199,1.428,1.579,220
2026-06-27,Navarra,diesel,1.225,1.455,1.766,244
2026-06-27,Navarra,dieselPlus,1.339,1.573,1.739,100
2026-06-27,Navarra,g98,1.465,1.619,1.994,63
2026-06-27,Bizkaia,g95,1.246,1.457,1.579,126
2026-06-27,Bizkaia,g98,1.445,1.633,1.769,68
2026-06-27,Bizkaia,diesel,1.299,1.523,1.66,128
2026-06-27,Bizkaia,dieselPlus,1.359,1.582,1.819,46
2026-06-28,Araba,g95,1.319,1.471,1.619,68
2026-06-28,Araba,diesel,1.319,1.52,1.719,72
2026-06-28,Araba,dieselPlus,1.399,1.613,1.819,36
2026-06-28,Araba,g98,1.469,1.621,1.759,38
2026-06-28,Gipuzkoa,g95,1.209,1.456,1.559,131
2026-06-28,Gipuzkoa,g98,1.479,1.64,1.726,77
2026-06-28,Gipuzkoa,diesel,1.299,1.53,1.689,145
2026-06-28,Gipuzkoa,dieselPlus,1.394,1.62,1.76,80
2026-06-28,Navarra,g95,1.199,1.427,1.579,220
2026-06-28,Navarra,diesel,1.225,1.455,1.766,244
2026-06-28,Navarra,dieselPlus,1.339,1.572,1.739,100
2026-06-28,Navarra,g98,1.465,1.618,1.994,63
2026-06-28,Bizkaia,g95,1.246,1.458,1.579,126
2026-06-28,Bizkaia,g98,1.445,1.633,1.769,68
2026-06-28,Bizkaia,diesel,1.299,1.518,1.66,128
2026-06-28,Bizkaia,dieselPlus,1.359,1.581,1.819,46
2026-06-29,Araba,g95,1.319,1.469,1.619,68
2026-06-29,Araba,diesel,1.319,1.52,1.719,72
2026-06-29,Araba,dieselPlus,1.399,1.612,1.819,36
2026-06-29,Araba,g98,1.469,1.621,1.759,38
2026-06-29,Gipuzkoa,g95,1.149,1.453,1.559,131
2026-06-29,Gipuzkoa,g98,1.479,1.639,1.726,77
2026-06-29,Gipuzkoa,diesel,1.239,1.526,1.689,145
2026-06-29,Gipuzkoa,dieselPlus,1.354,1.617,1.729,80
2026-06-29,Navarra,g95,1.199,1.428,1.569,220
2026-06-29,Navarra,diesel,1.225,1.455,1.766,244
2026-06-29,Navarra,dieselPlus,1.339,1.57,1.739,100
2026-06-29,Navarra,g98,1.399,1.617,1.994,63
2026-06-29,Bizkaia,g95,1.246,1.457,1.579,126
2026-06-29,Bizkaia,g98,1.445,1.632,1.769,68
2026-06-29,Bizkaia,diesel,1.299,1.516,1.629,128
2026-06-29,Bizkaia,dieselPlus,1.359,1.578,1.819,46
2026-06-30,Araba,g95,1.319,1.471,1.619,68
2026-06-30,Araba,diesel,1.319,1.527,1.719,72
2026-06-30,Araba,dieselPlus,1.399,1.615,1.819,36
2026-06-30,Araba,g98,1.469,1.623,1.759,38
2026-06-30,Gipuzkoa,g95,1.189,1.454,1.617,131
2026-06-30,Gipuzkoa,g98,1.479,1.646,1.779,77
2026-06-30,Gipuzkoa,diesel,1.239,1.524,1.689,145
2026-06-30,Gipuzkoa,dieselPlus,1.354,1.618,1.747,80
2026-06-30,Navarra,g95,1.199,1.431,1.639,220
2026-06-30,Navarra,diesel,1.225,1.458,1.766,244
2026-06-30,Navarra,dieselPlus,1.339,1.574,1.799,100
2026-06-30,Navarra,g98,1.399,1.623,1.994,63
2026-06-30,Bizkaia,g95,1.246,1.46,1.649,126
2026-06-30,Bizkaia,g98,1.445,1.641,1.769,68
2026-06-30,Bizkaia,diesel,1.299,1.524,1.699,128
2026-06-30,Bizkaia,dieselPlus,1.319,1.58,1.819,46
2026-07-01,Araba,g95,1.349,1.557,1.749,67
2026-07-01,Araba,diesel,1.339,1.564,1.759,71
2026-07-01,Araba,dieselPlus,1.399,1.649,1.78,35
2026-07-01,Araba,g98,1.499,1.745,1.852,37
2026-07-01,Gipuzkoa,g95,1.227,1.552,1.699,131
2026-07-01,Gipuzkoa,g98,1.589,1.784,1.869,77
2026-07-01,Gipuzkoa,diesel,1.289,1.569,1.789,145
2026-07-01,Gipuzkoa,dieselPlus,1.409,1.665,1.899,80
2026-07-01,Navarra,g95,1.199,1.521,1.719,215
2026-07-01,Navarra,diesel,1.271,1.52,1.766,239
2026-07-01,Navarra,dieselPlus,1.339,1.627,1.799,95
2026-07-01,Navarra,g98,1.499,1.746,1.994,63
2026-07-01,Bizkaia,g95,1.295,1.551,1.749,126
2026-07-01,Bizkaia,g98,1.569,1.778,1.869,68
2026-07-01,Bizkaia,diesel,1.329,1.568,1.699,128
2026-07-01,Bizkaia,dieselPlus,1.372,1.61,1.789,46
2026-07-02,Araba,g95,1.388,1.565,1.749,67
2026-07-02,Araba,diesel,1.389,1.567,1.759,71
2026-07-02,Araba,dieselPlus,1.459,1.656,1.78,35
2026-07-02,Araba,g98,1.569,1.725,1.849,37
2026-07-02,Gipuzkoa,g95,1.317,1.558,1.699,131
2026-07-02,Gipuzkoa,g98,1.569,1.761,1.869,77
2026-07-02,Gipuzkoa,diesel,1.389,1.572,1.729,145
2026-07-02,Gipuzkoa,dieselPlus,1.409,1.664,1.769,80
2026-07-02,Navarra,g95,1.299,1.531,1.719,216
2026-07-02,Navarra,diesel,1.295,1.524,1.766,240
2026-07-02,Navarra,dieselPlus,1.349,1.623,1.799,97
2026-07-02,Navarra,g98,1.499,1.734,1.994,63
2026-07-02,Bizkaia,g95,1.399,1.565,1.749,125
2026-07-02,Bizkaia,g98,1.569,1.754,1.849,68
2026-07-02,Bizkaia,diesel,1.404,1.572,1.699,128
2026-07-02,Bizkaia,dieselPlus,1.439,1.628,1.789,46
2026-07-03,Araba,g95,1.388,1.565,1.749,67
2026-07-03,Araba,diesel,1.39,1.566,1.759,71
2026-07-03,Araba,dieselPlus,1.459,1.656,1.78,35
2026-07-03,Araba,g98,1.569,1.731,1.849,37
2026-07-03,Gipuzkoa,g95,1.317,1.559,1.699,131
2026-07-03,Gipuzkoa,g98,1.569,1.764,1.869,77
2026-07-03,Gipuzkoa,diesel,1.389,1.572,1.729,145
2026-07-03,Gipuzkoa,dieselPlus,1.409,1.666,1.799,80
2026-07-03,Navarra,g95,1.305,1.531,1.719,216
2026-07-03,Navarra,diesel,1.295,1.522,1.766,240
2026-07-03,Navarra,dieselPlus,1.399,1.627,1.799,96
2026-07-03,Navarra,g98,1.499,1.741,1.994,63
2026-07-03,Bizkaia,g95,1.389,1.56,1.749,126
2026-07-03,Bizkaia,g98,1.569,1.757,1.849,68
2026-07-03,Bizkaia,diesel,1.389,1.567,1.699,128
2026-07-03,Bizkaia,dieselPlus,1.429,1.623,1.789,45
2026-07-04,Araba,g95,1.388,1.566,1.749,68
2026-07-04,Araba,diesel,1.39,1.565,1.759,72
2026-07-04,Araba,dieselPlus,1.459,1.657,1.799,36
2026-07-04,Araba,g98,1.569,1.731,1.939,38
2026-07-04,Gipuzkoa,g95,1.317,1.557,1.699,131
2026-07-04,Gipuzkoa,g98,1.569,1.757,1.849,77
2026-07-04,Gipuzkoa,diesel,1.389,1.568,1.729,145
2026-07-04,Gipuzkoa,dieselPlus,1.409,1.66,1.799,80
2026-07-04,Navarra,g95,1.305,1.53,1.699,216
2026-07-04,Navarra,diesel,1.295,1.52,1.766,240
2026-07-04,Navarra,dieselPlus,1.379,1.621,1.799,97
2026-07-04,Navarra,g98,1.499,1.736,1.994,63
2026-07-04,Bizkaia,g95,1.389,1.558,1.749,126
2026-07-04,Bizkaia,g98,1.569,1.748,1.849,68
2026-07-04,Bizkaia,diesel,1.399,1.566,1.699,128
2026-07-04,Bizkaia,dieselPlus,1.429,1.619,1.789,46
2026-07-05,Araba,g95,1.388,1.566,1.749,68
2026-07-05,Araba,diesel,1.39,1.565,1.759,72
2026-07-05,Araba,dieselPlus,1.459,1.656,1.799,36
2026-07-05,Araba,g98,1.569,1.731,1.939,38
2026-07-05,Gipuzkoa,g95,1.317,1.557,1.699,131
2026-07-05,Gipuzkoa,g98,1.569,1.757,1.849,77
2026-07-05,Gipuzkoa,diesel,1.389,1.566,1.729,145
2026-07-05,Gipuzkoa,dieselPlus,1.409,1.658,1.799,80
2026-07-05,Navarra,g95,1.305,1.531,1.699,214
2026-07-05,Navarra,diesel,1.295,1.52,1.766,238
2026-07-05,Navarra,dieselPlus,1.379,1.62,1.799,96
2026-07-05,Navarra,g98,1.499,1.735,1.994,63
2026-07-05,Bizkaia,g95,1.389,1.558,1.749,126
2026-07-05,Bizkaia,g98,1.569,1.748,1.849,68
2026-07-05,Bizkaia,diesel,1.399,1.565,1.699,128
2026-07-05,Bizkaia,dieselPlus,1.429,1.617,1.789,46
2026-07-06,Araba,g95,1.419,1.568,1.749,68
2026-07-06,Araba,diesel,1.39,1.566,1.759,71
2026-07-06,Araba,dieselPlus,1.459,1.661,1.799,35
2026-07-06,Araba,g98,1.569,1.732,1.889,38
2026-07-06,Gipuzkoa,g95,1.317,1.555,1.689,131
2026-07-06,Gipuzkoa,g98,1.499,1.752,1.849,77
2026-07-06,Gipuzkoa,diesel,1.349,1.563,1.689,145
2026-07-06,Gipuzkoa,dieselPlus,1.399,1.655,1.799,80
2026-07-06,Navarra,g95,1.295,1.527,1.699,214
2026-07-06,Navarra,diesel,1.279,1.511,1.766,238
2026-07-06,Navarra,dieselPlus,1.379,1.617,1.799,96
2026-07-06,Navarra,g98,1.499,1.737,1.994,63
2026-07-06,Bizkaia,g95,1.389,1.558,1.749,126
2026-07-06,Bizkaia,g98,1.569,1.747,1.849,68
2026-07-06,Bizkaia,diesel,1.349,1.562,1.699,128
2026-07-06,Bizkaia,dieselPlus,1.389,1.614,1.789,46
2026-07-07,Araba,g95,1.419,1.568,1.749,68
2026-07-07,Araba,diesel,1.39,1.565,1.759,72
2026-07-07,Araba,dieselPlus,1.459,1.655,1.799,36
2026-07-07,Araba,g98,1.549,1.731,1.889,38
2026-07-07,Gipuzkoa,g95,1.269,1.554,1.689,131
2026-07-07,Gipuzkoa,g98,1.499,1.75,1.849,77
2026-07-07,Gipuzkoa,diesel,1.299,1.56,1.689,145
2026-07-07,Gipuzkoa,dieselPlus,1.399,1.654,1.799,80
2026-07-07,Navarra,g95,1.295,1.526,1.699,215
2026-07-07,Navarra,diesel,1.279,1.508,1.766,239
2026-07-07,Navarra,dieselPlus,1.379,1.616,1.799,97
2026-07-07,Navarra,g98,1.499,1.736,1.994,63
2026-07-07,Bizkaia,g95,1.389,1.558,1.749,126
2026-07-07,Bizkaia,g98,1.569,1.745,1.849,68
2026-07-07,Bizkaia,diesel,1.349,1.559,1.699,127
2026-07-07,Bizkaia,dieselPlus,1.389,1.608,1.789,45
2026-07-08,Araba,g95,1.419,1.571,1.749,68
2026-07-08,Araba,diesel,1.39,1.565,1.759,72
2026-07-08,Araba,dieselPlus,1.459,1.653,1.799,36
2026-07-08,Araba,g98,1.549,1.733,1.889,38
2026-07-08,Gipuzkoa,g95,1.229,1.555,1.689,131
2026-07-08,Gipuzkoa,g98,1.499,1.752,1.849,77
2026-07-08,Gipuzkoa,diesel,1.259,1.556,1.689,145
2026-07-08,Gipuzkoa,dieselPlus,1.399,1.654,1.799,80
2026-07-08,Navarra,g95,1.295,1.528,1.699,215
2026-07-08,Navarra,diesel,1.279,1.506,1.766,239
2026-07-08,Navarra,dieselPlus,1.379,1.615,1.799,97
2026-07-08,Navarra,g98,1.499,1.742,1.994,63
2026-07-08,Bizkaia,g95,1.389,1.558,1.749,126
2026-07-08,Bizkaia,g98,1.569,1.743,1.845,68
2026-07-08,Bizkaia,diesel,1.329,1.559,1.699,127
2026-07-08,Bizkaia,dieselPlus,1.379,1.609,1.799,45
2026-07-09,Araba,g95,1.419,1.572,1.749,68
2026-07-09,Araba,diesel,1.389,1.565,1.759,72
2026-07-09,Araba,dieselPlus,1.444,1.656,1.799,36
2026-07-09,Araba,g98,1.549,1.739,1.889,38
2026-07-09,Gipuzkoa,g95,1.299,1.557,1.689,131
2026-07-09,Gipuzkoa,g98,1.499,1.751,1.849,77
2026-07-09,Gipuzkoa,diesel,1.299,1.557,1.689,145
2026-07-09,Gipuzkoa,dieselPlus,1.409,1.653,1.799,80
2026-07-09,Navarra,g95,1.295,1.532,1.699,215
2026-07-09,Navarra,diesel,1.279,1.513,1.699,239
2026-07-09,Navarra,dieselPlus,1.379,1.617,1.799,97
2026-07-09,Navarra,g98,1.499,1.744,1.994,63
2026-07-09,Bizkaia,g95,1.389,1.56,1.749,126
2026-07-09,Bizkaia,g98,1.569,1.746,1.845,68
2026-07-09,Bizkaia,diesel,1.329,1.56,1.699,128
2026-07-09,Bizkaia,dieselPlus,1.379,1.612,1.799,46
2026-07-10,Araba,g95,1.434,1.582,1.749,68
2026-07-10,Araba,diesel,1.389,1.581,1.759,72
2026-07-10,Araba,dieselPlus,1.444,1.67,1.8,36
2026-07-10,Araba,g98,1.549,1.754,1.889,38
2026-07-10,Gipuzkoa,g95,1.347,1.569,1.699,131
2026-07-10,Gipuzkoa,g98,1.499,1.769,1.859,77
2026-07-10,Gipuzkoa,diesel,1.369,1.578,1.689,145
2026-07-10,Gipuzkoa,dieselPlus,1.429,1.674,1.799,80
2026-07-10,Navarra,g95,1.295,1.537,1.699,215
2026-07-10,Navarra,diesel,1.279,1.522,1.699,239
2026-07-10,Navarra,dieselPlus,1.36,1.633,1.799,97
2026-07-10,Navarra,g98,1.499,1.759,1.994,63
2026-07-10,Bizkaia,g95,1.389,1.575,1.749,125
2026-07-10,Bizkaia,g98,1.579,1.768,1.859,68
2026-07-10,Bizkaia,diesel,1.329,1.587,1.699,126
2026-07-10,Bizkaia,dieselPlus,1.379,1.629,1.829,45
2026-07-11,Araba,g95,1.434,1.584,1.749,68
2026-07-11,Araba,diesel,1.389,1.584,1.759,72
2026-07-11,Araba,dieselPlus,1.444,1.673,1.8,36
2026-07-11,Araba,g98,1.549,1.751,1.889,38
2026-07-11,Gipuzkoa,g95,1.347,1.57,1.699,131
2026-07-11,Gipuzkoa,g98,1.499,1.77,1.859,77
2026-07-11,Gipuzkoa,diesel,1.369,1.582,1.69,145
2026-07-11,Gipuzkoa,dieselPlus,1.429,1.678,1.799,80
2026-07-11,Navarra,g95,1.295,1.538,1.719,215
2026-07-11,Navarra,diesel,1.279,1.524,1.699,239
2026-07-11,Navarra,dieselPlus,1.38,1.635,1.799,97
2026-07-11,Navarra,g98,1.499,1.757,1.994,63
2026-07-11,Bizkaia,g95,1.409,1.576,1.749,126
2026-07-11,Bizkaia,g98,1.579,1.764,1.859,68
2026-07-11,Bizkaia,diesel,1.339,1.586,1.699,128
2026-07-11,Bizkaia,dieselPlus,1.379,1.633,1.829,46
2026-07-12,Araba,g95,1.434,1.584,1.749,68
2026-07-12,Araba,diesel,1.389,1.583,1.759,72
2026-07-12,Araba,dieselPlus,1.444,1.672,1.8,36
2026-07-12,Araba,g98,1.549,1.751,1.889,38
2026-07-12,Gipuzkoa,g95,1.347,1.568,1.699,131
2026-07-12,Gipuzkoa,g98,1.499,1.767,1.859,77
2026-07-12,Gipuzkoa,diesel,1.369,1.579,1.689,145
2026-07-12,Gipuzkoa,dieselPlus,1.429,1.674,1.799,80
2026-07-12,Navarra,g95,1.295,1.54,1.719,220
2026-07-12,Navarra,diesel,1.279,1.526,1.699,244
2026-07-12,Navarra,dieselPlus,1.38,1.64,1.799,102
2026-07-12,Navarra,g98,1.499,1.756,1.994,63
2026-07-12,Bizkaia,g95,1.409,1.576,1.749,126
2026-07-12,Bizkaia,g98,1.579,1.764,1.859,68
2026-07-12,Bizkaia,diesel,1.339,1.586,1.699,128
2026-07-12,Bizkaia,dieselPlus,1.379,1.633,1.829,46
2026-07-13,Araba,g95,1.434,1.586,1.749,68
2026-07-13,Araba,diesel,1.389,1.585,1.719,72
2026-07-13,Araba,dieselPlus,1.459,1.676,1.819,36
2026-07-13,Araba,g98,1.549,1.753,1.909,38
2026-07-13,Gipuzkoa,g95,1.347,1.573,1.699,131
2026-07-13,Gipuzkoa,g98,1.549,1.767,1.849,77
2026-07-13,Gipuzkoa,diesel,1.369,1.584,1.689,145
2026-07-13,Gipuzkoa,dieselPlus,1.429,1.679,1.789,80
2026-07-13,Navarra,g95,1.319,1.544,1.719,220
2026-07-13,Navarra,diesel,1.307,1.531,1.699,244
2026-07-13,Navarra,dieselPlus,1.38,1.643,1.799,102
2026-07-13,Navarra,g98,1.499,1.757,1.994,63
2026-07-13,Bizkaia,g95,1.409,1.581,1.749,126
2026-07-13,Bizkaia,g98,1.579,1.766,1.859,68
2026-07-13,Bizkaia,diesel,1.339,1.591,1.705,128
2026-07-13,Bizkaia,dieselPlus,1.379,1.639,1.846,46
2026-07-14,Araba,g95,1.434,1.585,1.689,68
2026-07-14,Araba,diesel,1.399,1.588,1.719,72
2026-07-14,Araba,dieselPlus,1.459,1.674,1.819,36
2026-07-14,Araba,g98,1.549,1.754,1.909,38
2026-07-14,Gipuzkoa,g95,1.357,1.58,1.699,131
2026-07-14,Gipuzkoa,g98,1.549,1.77,1.859,77
2026-07-14,Gipuzkoa,diesel,1.409,1.593,1.689,145
2026-07-14,Gipuzkoa,dieselPlus,1.469,1.687,1.789,80
2026-07-14,Navarra,g95,1.329,1.547,1.719,220
2026-07-14,Navarra,diesel,1.34,1.538,1.699,244
2026-07-14,Navarra,dieselPlus,1.38,1.645,1.799,102
2026-07-14,Navarra,g98,1.519,1.758,1.994,63
2026-07-14,Bizkaia,g95,1.404,1.583,1.699,126
2026-07-14,Bizkaia,g98,1.579,1.77,1.869,68
2026-07-14,Bizkaia,diesel,1.339,1.593,1.705,128
2026-07-14,Bizkaia,dieselPlus,1.379,1.641,1.846,46
2026-07-15,Araba,g95,1.434,1.598,1.719,68
2026-07-15,Araba,diesel,1.399,1.613,1.769,72
2026-07-15,Araba,dieselPlus,1.484,1.703,1.859,36
2026-07-15,Araba,g98,1.569,1.767,1.909,38
2026-07-15,Gipuzkoa,g95,1.377,1.593,1.699,131
2026-07-15,Gipuzkoa,g98,1.549,1.779,1.869,77
2026-07-15,Gipuzkoa,diesel,1.419,1.621,1.729,145
2026-07-15,Gipuzkoa,dieselPlus,1.494,1.712,1.839,80
2026-07-15,Navarra,g95,1.329,1.557,1.719,220
2026-07-15,Navarra,diesel,1.34,1.558,1.769,244
2026-07-15,Navarra,dieselPlus,1.38,1.669,1.859,102
2026-07-15,Navarra,g98,1.519,1.769,1.994,63
2026-07-15,Bizkaia,g95,1.409,1.594,1.704,126
2026-07-15,Bizkaia,g98,1.579,1.781,1.869,68
2026-07-15,Bizkaia,diesel,1.399,1.617,1.744,126
2026-07-15,Bizkaia,dieselPlus,1.439,1.658,1.849,44
2026-07-16,Araba,g95,1.434,1.611,1.719,68
2026-07-16,Araba,diesel,1.42,1.638,1.799,72
2026-07-16,Araba,dieselPlus,1.484,1.727,1.909,36
2026-07-16,Araba,g98,1.599,1.781,1.909,38
2026-07-16,Gipuzkoa,g95,1.387,1.609,1.699,131
2026-07-16,Gipuzkoa,g98,1.579,1.797,1.869,77
2026-07-16,Gipuzkoa,diesel,1.439,1.643,1.749,144
2026-07-16,Gipuzkoa,dieselPlus,1.533,1.733,1.859,80
2026-07-16,Navarra,g95,1.329,1.566,1.719,215
2026-07-16,Navarra,diesel,1.34,1.575,1.789,239
2026-07-16,Navarra,dieselPlus,1.38,1.692,1.879,101
2026-07-16,Navarra,g98,1.519,1.784,1.994,62
2026-07-16,Bizkaia,g95,1.429,1.612,1.725,126
2026-07-16,Bizkaia,g98,1.599,1.797,1.899,68
2026-07-16,Bizkaia,diesel,1.399,1.642,1.759,126
2026-07-16,Bizkaia,dieselPlus,1.439,1.683,1.899,44
2026-07-17,Araba,g95,1.434,1.621,1.749,68
2026-07-17,Araba,diesel,1.42,1.662,1.809,72
2026-07-17,Araba,dieselPlus,1.519,1.752,1.909,36
2026-07-17,Araba,g98,1.599,1.795,1.909,38
2026-07-17,Gipuzkoa,g95,1.397,1.621,1.719,131
2026-07-17,Gipuzkoa,g98,1.579,1.812,1.889,77
2026-07-17,Gipuzkoa,diesel,1.464,1.665,1.775,144
2026-07-17,Gipuzkoa,dieselPlus,1.543,1.759,1.889,80
2026-07-17,Navarra,g95,1.357,1.571,1.719,214
2026-07-17,Navarra,diesel,1.34,1.595,1.789,238
2026-07-17,Navarra,dieselPlus,1.409,1.715,1.879,100
2026-07-17,Navarra,g98,1.519,1.792,1.994,62
2026-07-17,Bizkaia,g95,1.409,1.624,1.739,126
2026-07-17,Bizkaia,g98,1.609,1.813,1.899,68
2026-07-17,Bizkaia,diesel,1.399,1.666,1.789,128
2026-07-17,Bizkaia,dieselPlus,1.439,1.703,1.899,46
2026-07-18,Araba,g95,1.434,1.628,1.749,68
2026-07-18,Araba,diesel,1.487,1.677,1.809,72
2026-07-18,Araba,dieselPlus,1.534,1.762,1.909,36
2026-07-18,Araba,g98,1.599,1.797,1.909,38
2026-07-18,Gipuzkoa,g95,1.407,1.627,1.719,131
2026-07-18,Gipuzkoa,g98,1.609,1.816,1.889,77
2026-07-18,Gipuzkoa,diesel,1.474,1.68,1.795,144
2026-07-18,Gipuzkoa,dieselPlus,1.543,1.773,1.899,80
2026-07-18,Navarra,g95,1.357,1.575,1.719,215
2026-07-18,Navarra,diesel,1.379,1.604,1.794,239
2026-07-18,Navarra,dieselPlus,1.409,1.725,1.884,100
2026-07-18,Navarra,g98,1.519,1.794,1.994,62
2026-07-18,Bizkaia,g95,1.409,1.632,1.739,126
2026-07-18,Bizkaia,g98,1.619,1.816,1.899,68
2026-07-18,Bizkaia,diesel,1.399,1.681,1.799,128
2026-07-18,Bizkaia,dieselPlus,1.439,1.718,1.919,46
2026-07-19,Araba,g95,1.434,1.635,1.749,68
2026-07-19,Araba,diesel,1.489,1.683,1.815,72
2026-07-19,Araba,dieselPlus,1.534,1.766,1.909,36
2026-07-19,Araba,g98,1.599,1.806,1.909,38
2026-07-19,Gipuzkoa,g95,1.407,1.635,1.739,131
2026-07-19,Gipuzkoa,g98,1.609,1.826,1.899,77
2026-07-19,Gipuzkoa,diesel,1.479,1.687,1.819,144
2026-07-19,Gipuzkoa,dieselPlus,1.543,1.781,1.919,80
2026-07-19,Navarra,g95,1.357,1.581,1.739,215
2026-07-19,Navarra,diesel,1.379,1.61,1.809,239
2026-07-19,Navarra,dieselPlus,1.409,1.733,1.899,100
2026-07-19,Navarra,g98,1.519,1.804,1.994,62
2026-07-19,Bizkaia,g95,1.409,1.639,1.739,126
2026-07-19,Bizkaia,g98,1.619,1.826,1.899,68
2026-07-19,Bizkaia,diesel,1.399,1.69,1.809,128
2026-07-19,Bizkaia,dieselPlus,1.439,1.72,1.919,46
2026-07-20,Araba,g95,1.434,1.635,1.749,68
2026-07-20,Araba,diesel,1.489,1.684,1.815,72
2026-07-20,Araba,dieselPlus,1.534,1.768,1.909,36
2026-07-20,Araba,g98,1.599,1.807,1.909,38
2026-07-20,Gipuzkoa,g95,1.407,1.636,1.739,131
2026-07-20,Gipuzkoa,g98,1.609,1.828,1.904,77
2026-07-20,Gipuzkoa,diesel,1.479,1.688,1.819,144
2026-07-20,Gipuzkoa,dieselPlus,1.543,1.783,1.924,80
2026-07-20,Navarra,g95,1.357,1.582,1.759,215
2026-07-20,Navarra,diesel,1.379,1.611,1.809,239
2026-07-20,Navarra,dieselPlus,1.409,1.735,1.899,100
2026-07-20,Navarra,g98,1.519,1.805,1.994,62
2026-07-20,Bizkaia,g95,1.409,1.64,1.819,126
2026-07-20,Bizkaia,g98,1.619,1.826,1.899,68
2026-07-20,Bizkaia,diesel,1.399,1.691,1.829,128
2026-07-20,Bizkaia,dieselPlus,1.439,1.723,1.939,46
2026-07-21,Araba,g95,1.434,1.647,1.769,68
2026-07-21,Araba,diesel,1.489,1.704,1.869,72
2026-07-21,Araba,dieselPlus,1.534,1.784,1.959,36
2026-07-21,Araba,g98,1.599,1.817,1.929,38
2026-07-21,Gipuzkoa,g95,1.409,1.657,1.789,131
2026-07-21,Gipuzkoa,g98,1.639,1.845,1.979,77
2026-07-21,Gipuzkoa,diesel,1.489,1.717,1.834,144
2026-07-21,Gipuzkoa,dieselPlus,1.583,1.81,1.944,80
2026-07-21,Navarra,g95,1.359,1.607,1.769,216
2026-07-21,Navarra,diesel,1.39,1.644,1.869,239
2026-07-21,Navarra,dieselPlus,1.41,1.757,1.959,100
2026-07-21,Navarra,g98,1.569,1.827,1.994,62
2026-07-21,Bizkaia,g95,1.439,1.659,1.819,125
2026-07-21,Bizkaia,g98,1.629,1.838,1.915,68
2026-07-21,Bizkaia,diesel,1.524,1.717,1.849,127
2026-07-21,Bizkaia,dieselPlus,1.559,1.76,1.969,46
2026-07-22,Araba,g95,1.489,1.656,1.769,68
2026-07-22,Araba,diesel,1.494,1.714,1.879,72
2026-07-22,Araba,dieselPlus,1.534,1.79,1.959,36
2026-07-22,Araba,g98,1.599,1.824,1.915,38
2026-07-22,Gipuzkoa,g95,1.409,1.661,1.789,131
2026-07-22,Gipuzkoa,g98,1.639,1.844,1.979,77
2026-07-22,Gipuzkoa,diesel,1.504,1.73,1.849,144
2026-07-22,Gipuzkoa,dieselPlus,1.583,1.825,1.939,80
2026-07-22,Navarra,g95,1.359,1.614,1.769,216
2026-07-22,Navarra,diesel,1.42,1.657,1.879,239
2026-07-22,Navarra,dieselPlus,1.43,1.768,1.959,101
2026-07-22,Navarra,g98,1.569,1.831,1.994,62
2026-07-22,Bizkaia,g95,1.439,1.67,1.819,125
2026-07-22,Bizkaia,g98,1.629,1.846,1.925,68
2026-07-22,Bizkaia,diesel,1.539,1.729,1.859,127
2026-07-22,Bizkaia,dieselPlus,1.559,1.768,1.939,46
2026-07-23,Araba,g95,1.489,1.667,1.799,68
2026-07-23,Araba,diesel,1.514,1.728,1.899,72
2026-07-23,Araba,dieselPlus,1.569,1.806,1.979,36
2026-07-23,Araba,g98,1.599,1.834,1.949,38
2026-07-23,Gipuzkoa,g95,1.429,1.67,1.789,131
2026-07-23,Gipuzkoa,g98,1.659,1.852,1.979,77
2026-07-23,Gipuzkoa,diesel,1.504,1.747,1.856,144
2026-07-23,Gipuzkoa,dieselPlus,1.593,1.84,1.959,80
2026-07-23,Navarra,g95,1.359,1.624,1.769,216
2026-07-23,Navarra,diesel,1.439,1.679,1.899,239
2026-07-23,Navarra,dieselPlus,1.539,1.786,1.979,101
2026-07-23,Navarra,g98,1.609,1.846,1.994,62
2026-07-23,Bizkaia,g95,1.459,1.678,1.819,125
2026-07-23,Bizkaia,g98,1.659,1.852,1.919,68
2026-07-23,Bizkaia,diesel,1.543,1.742,1.869,127
2026-07-23,Bizkaia,dieselPlus,1.589,1.782,1.939,46
2026-07-24,Araba,g95,1.489,1.672,1.799,68
2026-07-24,Araba,diesel,1.514,1.737,1.909,72
2026-07-24,Araba,dieselPlus,1.569,1.814,1.989,36
2026-07-24,Araba,g98,1.599,1.843,1.949,38
2026-07-24,Bizkaia,g95,1.459,1.684,1.819,125
2026-07-24,Bizkaia,diesel,1.542,1.752,1.869,127
2026-07-24,Bizkaia,dieselPlus,1.589,1.786,1.949,45
2026-07-24,Bizkaia,g98,1.659,1.862,1.945,68
2026-07-24,Gipuzkoa,g95,1.429,1.677,1.789,131
2026-07-24,Gipuzkoa,diesel,1.504,1.759,1.871,144
2026-07-24,Gipuzkoa,g98,1.659,1.859,1.979,77
2026-07-24,Gipuzkoa,dieselPlus,1.593,1.854,1.979,80
2026-07-24,Navarra,g95,1.376,1.631,1.789,216
2026-07-24,Navarra,diesel,1.439,1.689,1.909,239
2026-07-24,Navarra,dieselPlus,1.539,1.796,1.989,101
2026-07-24,Navarra,g98,1.609,1.858,1.994,62
2026-07-25,Araba,g95,1.489,1.679,1.799,68
2026-07-25,Araba,diesel,1.514,1.75,1.909,72
2026-07-25,Araba,dieselPlus,1.569,1.821,1.989,36
2026-07-25,Araba,g98,1.639,1.847,1.949,38
2026-07-25,Bizkaia,g95,1.499,1.69,1.819,125
2026-07-25,Bizkaia,g98,1.659,1.864,1.945,68
2026-07-25,Bizkaia,diesel,1.542,1.767,1.895,127
2026-07-25,Bizkaia,dieselPlus,1.589,1.791,1.979,45
2026-07-25,Gipuzkoa,g95,1.429,1.684,1.789,131
2026-07-25,Gipuzkoa,diesel,1.504,1.775,1.905,144
2026-07-25,Gipuzkoa,g98,1.659,1.865,1.979,77
2026-07-25,Gipuzkoa,dieselPlus,1.593,1.87,1.999,80
2026-07-25,Navarra,g95,1.375,1.636,1.799,216
2026-07-25,Navarra,diesel,1.439,1.701,1.909,239
2026-07-25,Navarra,dieselPlus,1.539,1.812,1.989,101
2026-07-25,Navarra,g98,1.609,1.861,1.994,62
2026-07-26,Araba,g95,1.489,1.677,1.799,68
2026-07-26,Araba,diesel,1.514,1.75,1.909,72
2026-07-26,Araba,dieselPlus,1.569,1.824,1.989,36
2026-07-26,Araba,g98,1.639,1.845,1.949,38
2026-07-26,Bizkaia,g95,1.499,1.689,1.819,125
2026-07-26,Bizkaia,g98,1.659,1.863,1.939,68
2026-07-26,Bizkaia,diesel,1.542,1.766,1.885,127
2026-07-26,Bizkaia,dieselPlus,1.589,1.791,1.979,45
2026-07-26,Gipuzkoa,g95,1.429,1.684,1.789,131
2026-07-26,Gipuzkoa,diesel,1.504,1.775,1.901,144
2026-07-26,Gipuzkoa,g98,1.659,1.865,1.979,77
2026-07-26,Gipuzkoa,dieselPlus,1.593,1.871,2.005,80
2026-07-26,Navarra,g95,1.375,1.637,1.799,216
2026-07-26,Navarra,diesel,1.439,1.702,1.909,240
2026-07-26,Navarra,dieselPlus,1.539,1.813,1.989,101
2026-07-26,Navarra,g98,1.609,1.863,1.994,62
2026-07-27,Araba,g95,1.482,1.682,1.809,68
2026-07-27,Araba,diesel,1.499,1.757,1.939,72
2026-07-27,Araba,dieselPlus,1.593,1.83,2.019,36
2026-07-27,Araba,g98,1.639,1.85,1.949,38
2026-07-27,Bizkaia,g95,1.475,1.693,1.849,125
2026-07-27,Bizkaia,diesel,1.553,1.774,1.899,127
2026-07-27,Bizkaia,dieselPlus,1.609,1.803,1.999,45
2026-07-27,Bizkaia,g98,1.669,1.866,1.939,68
2026-07-27,Gipuzkoa,g95,1.429,1.689,1.789,131
2026-07-27,Gipuzkoa,diesel,1.534,1.784,1.909,144
2026-07-27,Gipuzkoa,g98,1.659,1.865,1.979,77
2026-07-27,Gipuzkoa,dieselPlus,1.649,1.877,2.005,80
2026-07-27,Navarra,g95,1.385,1.639,1.809,217
2026-07-27,Navarra,diesel,1.519,1.708,1.939,241
2026-07-27,Navarra,dieselPlus,1.546,1.818,2.019,101
2026-07-27,Navarra,g98,1.629,1.863,1.994,62
2026-07-28,Araba,g95,1.482,1.68,1.809,68
2026-07-28,Araba,diesel,1.499,1.76,1.939,72
2026-07-28,Araba,dieselPlus,1.593,1.834,2.019,36
2026-07-28,Araba,g98,1.639,1.854,1.949,38
2026-07-28,Bizkaia,g95,1.475,1.695,1.849,123
2026-07-28,Bizkaia,diesel,1.553,1.778,1.899,125
2026-07-28,Bizkaia,dieselPlus,1.609,1.806,1.999,44
2026-07-28,Bizkaia,g98,1.669,1.87,1.925,68
2026-07-28,Gipuzkoa,g95,1.429,1.69,1.789,131
2026-07-28,Gipuzkoa,diesel,1.534,1.791,1.909,144
2026-07-28,Gipuzkoa,g98,1.66,1.868,1.979,77
2026-07-28,Gipuzkoa,dieselPlus,1.656,1.886,1.999,80
2026-07-28,Navarra,g95,1.385,1.642,1.809,212
2026-07-28,Navarra,diesel,1.519,1.716,1.939,236
2026-07-28,Navarra,dieselPlus,1.589,1.828,2.019,96
2026-07-28,Navarra,g98,1.629,1.866,1.994,62
2026-07-29,Araba,g95,1.482,1.686,1.829,68
2026-07-29,Araba,diesel,1.519,1.772,1.939,72
2026-07-29,Araba,dieselPlus,1.639,1.855,2.039,36
2026-07-29,Araba,g98,1.639,1.856,1.949,38
2026-07-29,Bizkaia,g95,1.482,1.697,1.849,124
2026-07-29,Bizkaia,g98,1.669,1.872,1.939,68
2026-07-29,Bizkaia,diesel,1.553,1.779,1.899,126
2026-07-29,Bizkaia,dieselPlus,1.609,1.813,1.999,44
2026-07-29,Gipuzkoa,g95,1.429,1.69,1.789,131
2026-07-29,Gipuzkoa,diesel,1.534,1.794,1.909,144
2026-07-29,Gipuzkoa,g98,1.689,1.868,1.979,77
2026-07-29,Gipuzkoa,dieselPlus,1.669,1.889,1.999,80
2026-07-29,Navarra,g95,1.399,1.643,1.809,212
2026-07-29,Navarra,diesel,1.539,1.719,1.939,236
2026-07-29,Navarra,dieselPlus,1.589,1.83,2.019,96
2026-07-29,Navarra,g98,1.629,1.866,1.994,62
2026-07-30,Araba,g95,1.482,1.69,1.829,68
2026-07-30,Araba,diesel,1.544,1.778,1.939,72
2026-07-30,Araba,dieselPlus,1.636,1.859,2.039,36
2026-07-30,Araba,g98,1.639,1.859,1.949,38
2026-07-30,Bizkaia,g95,1.482,1.7,1.849,124
2026-07-30,Bizkaia,g98,1.669,1.873,1.945,68
2026-07-30,Bizkaia,diesel,1.599,1.786,1.899,126
2026-07-30,Bizkaia,dieselPlus,1.609,1.817,1.999,44
2026-07-30,Gipuzkoa,g95,1.429,1.693,1.789,131
2026-07-30,Gipuzkoa,diesel,1.569,1.799,1.909,144
2026-07-30,Gipuzkoa,g98,1.689,1.87,1.979,77
2026-07-30,Gipuzkoa,dieselPlus,1.687,1.894,2.009,80
2026-07-30,Navarra,g95,1.409,1.644,1.809,212
2026-07-30,Navarra,diesel,1.539,1.723,1.939,236
2026-07-30,Navarra,dieselPlus,1.589,1.832,2.019,96
2026-07-30,Navarra,g98,1.649,1.867,1.994,62
2026-07-31,Araba,g95,1.499,1.696,1.829,68
2026-07-31,Araba,diesel,1.579,1.795,1.939,72
2026-07-31,Araba,dieselPlus,1.636,1.876,2.039,36
2026-07-31,Araba,g98,1.659,1.868,1.949,38
2026-07-31,Bizkaia,g95,1.559,1.709,1.849,124
2026-07-31,Bizkaia,g98,1.689,1.885,1.969,68
2026-07-31,Bizkaia,diesel,1.619,1.804,1.939,126
2026-07-31,Bizkaia,dieselPlus,1.639,1.831,1.999,44
2026-07-31,Gipuzkoa,g95,1.499,1.697,1.789,131
2026-07-31,Gipuzkoa,diesel,1.575,1.817,1.959,144
2026-07-31,Gipuzkoa,g98,1.689,1.875,1.979,77
2026-07-31,Gipuzkoa,dieselPlus,1.681,1.914,2.047,80
2026-07-31,Navarra,g95,1.409,1.65,1.809,212
2026-07-31,Navarra,diesel,1.539,1.739,1.939,236
2026-07-31,Navarra,dieselPlus,1.609,1.853,2.019,96
2026-07-31,Navarra,g98,1.649,1.875,1.994,62
2026-08-01,Araba,g95,1.499,1.73,1.856,68
2026-08-01,Araba,diesel,1.595,1.832,1.98,72
2026-08-01,Araba,dieselPlus,1.636,1.916,2.074,36
2026-08-01,Araba,g98,1.669,1.913,2.01,38
2026-08-01,Bizkaia,g95,1.559,1.746,1.866,124
2026-08-01,Bizkaia,diesel,1.629,1.843,1.979,126
2026-08-01,Bizkaia,dieselPlus,1.709,1.86,2.034,44
2026-08-01,Bizkaia,g98,1.699,1.932,2.02,68
2026-08-01,Gipuzkoa,g95,1.534,1.73,1.84,131
2026-08-01,Gipuzkoa,diesel,1.575,1.85,2,144
2026-08-01,Gipuzkoa,g98,1.689,1.915,2.01,77
2026-08-01,Gipuzkoa,dieselPlus,1.681,1.945,2.1,80
2026-08-01,Navarra,g95,1.425,1.676,1.836,212
2026-08-01,Navarra,diesel,1.539,1.767,1.979,236
2026-08-01,Navarra,dieselPlus,1.62,1.892,2.069,96
2026-08-01,Navarra,g98,1.649,1.912,2.006,62
2026-08-02,Araba,g95,1.513,1.734,1.846,68
2026-08-02,Araba,diesel,1.606,1.836,1.98,72
2026-08-02,Araba,dieselPlus,1.636,1.923,2.079,36
2026-08-02,Araba,g98,1.669,1.915,2.01,38
2026-08-02,Bizkaia,g95,1.559,1.751,1.875,124
2026-08-02,Bizkaia,diesel,1.629,1.849,1.995,126
2026-08-02,Bizkaia,dieselPlus,1.709,1.876,2.049,44
2026-08-02,Bizkaia,g98,1.699,1.936,2.02,68
2026-08-02,Gipuzkoa,g95,1.534,1.735,1.839,131
2026-08-02,Gipuzkoa,diesel,1.575,1.857,2,144
2026-08-02,Gipuzkoa,g98,1.729,1.919,2.01,77
2026-08-02,Gipuzkoa,dieselPlus,1.681,1.951,2.1,80
2026-08-02,Navarra,g95,1.425,1.68,1.829,212
2026-08-02,Navarra,diesel,1.539,1.773,1.979,236
2026-08-02,Navarra,dieselPlus,1.62,1.899,2.069,96
2026-08-02,Navarra,g98,1.649,1.915,2.006,62
2026-08-03,Araba,g95,1.513,1.741,1.889,68
2026-08-03,Araba,diesel,1.61,1.846,2.019,72
2026-08-03,Araba,dieselPlus,1.698,1.934,2.119,36
2026-08-03,Araba,g98,1.679,1.92,2.015,38
2026-08-03,Bizkaia,g95,1.559,1.757,1.889,125
2026-08-03,Bizkaia,diesel,1.639,1.86,1.995,127
2026-08-03,Bizkaia,dieselPlus,1.709,1.882,2.049,44
2026-08-03,Bizkaia,g98,1.699,1.939,2.02,68
2026-08-03,Gipuzkoa,g95,1.534,1.741,1.84,131
2026-08-03,Gipuzkoa,diesel,1.575,1.864,1.999,144
2026-08-03,Gipuzkoa,g98,1.729,1.926,2.01,77
2026-08-03,Gipuzkoa,dieselPlus,1.744,1.96,2.1,80
2026-08-03,Navarra,g95,1.425,1.683,1.854,213
2026-08-03,Navarra,diesel,1.539,1.779,1.979,237
2026-08-03,Navarra,dieselPlus,1.62,1.903,2.069,97
2026-08-03,Navarra,g98,1.649,1.918,2.006,63
2026-08-04,Araba,g95,1.529,1.75,1.889,68
2026-08-04,Araba,diesel,1.639,1.862,2.019,72
2026-08-04,Araba,dieselPlus,1.719,1.952,2.119,36
2026-08-04,Araba,g98,1.729,1.922,2.015,38
2026-08-04,Bizkaia,g95,1.577,1.76,1.889,125
2026-08-04,Bizkaia,diesel,1.639,1.869,1.995,127
2026-08-04,Bizkaia,dieselPlus,1.709,1.902,2.049,44
2026-08-04,Bizkaia,g98,1.699,1.937,2.019,68
2026-08-04,Gipuzkoa,g95,1.534,1.749,1.845,131
2026-08-04,Gipuzkoa,diesel,1.575,1.876,1.999,144
2026-08-04,Gipuzkoa,g98,1.729,1.93,2.005,77
2026-08-04,Gipuzkoa,dieselPlus,1.758,1.971,2.099,80
2026-08-04,Navarra,g95,1.439,1.689,1.854,215
2026-08-04,Navarra,diesel,1.539,1.795,1.969,239
2026-08-04,Navarra,dieselPlus,1.62,1.909,2.059,97
2026-08-04,Navarra,g98,1.649,1.922,1.995,63
2026-08-05,Araba,g95,1.549,1.746,1.889,68
2026-08-05,Araba,diesel,1.659,1.856,2.019,72
2026-08-05,Araba,dieselPlus,1.719,1.945,2.119,36
2026-08-05,Araba,g98,1.729,1.915,2.015,38
2026-08-05,Bizkaia,g95,1.559,1.756,1.889,125
2026-08-05,Bizkaia,diesel,1.677,1.864,1.995,127
2026-08-05,Bizkaia,dieselPlus,1.709,1.903,2.049,44
2026-08-05,Bizkaia,g98,1.699,1.93,2.009,68
2026-08-05,Gipuzkoa,g95,1.559,1.749,1.845,131
2026-08-05,Gipuzkoa,diesel,1.665,1.874,1.999,144
2026-08-05,Gipuzkoa,g98,1.729,1.926,2.005,77
2026-08-05,Gipuzkoa,dieselPlus,1.775,1.966,2.099,80
2026-08-05,Navarra,g95,1.459,1.681,1.854,215
2026-08-05,Navarra,diesel,1.539,1.79,1.959,239
2026-08-05,Navarra,dieselPlus,1.62,1.899,2.049,97
2026-08-05,Navarra,g98,1.649,1.914,2.059,63
2026-08-06,Araba,g95,1.549,1.738,1.879,68
2026-08-06,Araba,diesel,1.639,1.844,1.989,72
2026-08-06,Araba,dieselPlus,1.719,1.937,2.089,36
2026-08-06,Araba,g98,1.729,1.906,2.015,38
2026-08-06,Bizkaia,g95,1.539,1.744,1.889,125
2026-08-06,Bizkaia,diesel,1.619,1.85,1.995,127
2026-08-06,Bizkaia,dieselPlus,1.669,1.897,2.049,44
2026-08-06,Bizkaia,g98,1.679,1.918,1.999,68
2026-08-06,Gipuzkoa,g95,1.559,1.741,1.829,131
2026-08-06,Gipuzkoa,diesel,1.659,1.863,1.989,144
2026-08-06,Gipuzkoa,g98,1.729,1.915,1.985,77
2026-08-06,Gipuzkoa,dieselPlus,1.717,1.957,2.089,80
2026-08-06,Navarra,g95,1.455,1.672,1.854,215
2026-08-06,Navarra,diesel,1.539,1.779,1.959,239
2026-08-06,Navarra,dieselPlus,1.62,1.889,2.039,97
2026-08-06,Navarra,g98,1.649,1.904,2.059,63
2026-08-07,Araba,g95,1.529,1.728,1.879,68
2026-08-07,Araba,diesel,1.619,1.834,1.989,72
2026-08-07,Araba,dieselPlus,1.719,1.931,2.089,36
2026-08-07,Araba,g98,1.729,1.899,2.015,38
2026-08-07,Bizkaia,g95,1.539,1.733,1.889,125
2026-08-07,Bizkaia,diesel,1.619,1.838,1.995,127
2026-08-07,Bizkaia,dieselPlus,1.659,1.888,2.049,44
2026-08-07,Bizkaia,g98,1.669,1.91,1.999,68
2026-08-07,Gipuzkoa,g95,1.559,1.732,1.829,131
2026-08-07,Gipuzkoa,diesel,1.659,1.856,1.969,144
2026-08-07,Gipuzkoa,g98,1.729,1.908,1.979,77
2026-08-07,Gipuzkoa,dieselPlus,1.717,1.951,2.069,80
2026-08-07,Navarra,g95,1.455,1.666,1.854,215
2026-08-07,Navarra,diesel,1.539,1.773,1.959,239
2026-08-07,Navarra,dieselPlus,1.62,1.884,2.03,97
2026-08-07,Navarra,g98,1.649,1.898,2.059,63
2026-08-08,Araba,g95,1.519,1.724,1.879,68
2026-08-08,Araba,diesel,1.619,1.828,1.989,72
2026-08-08,Araba,dieselPlus,1.706,1.927,2.089,36
2026-08-08,Araba,g98,1.699,1.89,2.015,38
2026-08-08,Bizkaia,g95,1.539,1.728,1.889,126
2026-08-08,Bizkaia,g98,1.659,1.902,1.979,68
2026-08-08,Bizkaia,diesel,1.619,1.83,1.995,128
2026-08-08,Bizkaia,dieselPlus,1.659,1.885,2.049,45
2026-08-08,Gipuzkoa,g95,1.559,1.728,1.829,131
2026-08-08,Gipuzkoa,diesel,1.659,1.85,1.949,144
2026-08-08,Gipuzkoa,g98,1.729,1.9,1.959,77
2026-08-08,Gipuzkoa,dieselPlus,1.706,1.943,2.049,80
2026-08-08,Navarra,g95,1.445,1.665,1.854,220
2026-08-08,Navarra,diesel,1.539,1.77,1.959,243
2026-08-08,Navarra,dieselPlus,1.62,1.885,2.03,101
2026-08-08,Navarra,g98,1.649,1.894,2.059,63
2026-08-09,Araba,g95,1.519,1.72,1.879,67
2026-08-09,Araba,diesel,1.619,1.826,1.989,71
2026-08-09,Araba,dieselPlus,1.706,1.922,2.089,36
2026-08-09,Araba,g98,1.699,1.892,2.015,37
2026-08-09,Bizkaia,g95,1.539,1.726,1.889,126
2026-08-09,Bizkaia,diesel,1.619,1.827,1.979,128
2026-08-09,Bizkaia,dieselPlus,1.659,1.884,2.049,45
2026-08-09,Bizkaia,g98,1.659,1.9,1.979,68
2026-08-09,Gipuzkoa,g95,1.559,1.727,1.829,131
2026-08-09,Gipuzkoa,diesel,1.659,1.849,1.949,144
2026-08-09,Gipuzkoa,g98,1.729,1.899,1.959,77
2026-08-09,Gipuzkoa,dieselPlus,1.706,1.942,2.049,80
2026-08-09,Navarra,g95,1.445,1.664,1.854,220
2026-08-09,Navarra,diesel,1.539,1.768,1.959,243
2026-08-09,Navarra,dieselPlus,1.62,1.884,2.03,101
2026-08-09,Navarra,g98,1.649,1.893,2.059,63
2026-08-10,Araba,g95,1.499,1.721,1.939,67
2026-08-10,Araba,diesel,1.579,1.826,1.989,71
2026-08-10,Araba,dieselPlus,1.679,1.921,2.089,36
2026-08-10,Araba,g98,1.699,1.891,1.989,37
2026-08-10,Bizkaia,g95,1.539,1.726,1.875,126
2026-08-10,Bizkaia,diesel,1.619,1.827,1.945,128
2026-08-10,Bizkaia,dieselPlus,1.669,1.884,2.019,45
2026-08-10,Bizkaia,g98,1.659,1.899,1.979,68
2026-08-10,Gipuzkoa,g95,1.559,1.726,1.829,131
2026-08-10,Gipuzkoa,diesel,1.659,1.849,1.954,144
2026-08-10,Gipuzkoa,g98,1.675,1.898,1.959,77
2026-08-10,Gipuzkoa,dieselPlus,1.706,1.941,2.054,80
2026-08-10,Navarra,g95,1.445,1.663,1.854,220
2026-08-10,Navarra,diesel,1.539,1.768,1.959,243
2026-08-10,Navarra,dieselPlus,1.62,1.883,2.03,101
2026-08-10,Navarra,g98,1.589,1.891,2.059,63
2026-08-11,Araba,g95,1.479,1.719,1.939,67
2026-08-11,Araba,diesel,1.579,1.824,1.989,71
2026-08-11,Araba,dieselPlus,1.679,1.922,2.089,36
2026-08-11,Araba,g98,1.699,1.891,1.989,37
2026-08-11,Bizkaia,g95,1.539,1.724,1.839,126
2026-08-11,Bizkaia,diesel,1.619,1.823,1.945,128
2026-08-11,Bizkaia,dieselPlus,1.679,1.875,2.019,45
2026-08-11,Bizkaia,g98,1.659,1.896,1.979,68
2026-08-11,Gipuzkoa,g95,1.559,1.725,1.829,131
2026-08-11,Gipuzkoa,diesel,1.659,1.847,1.949,144
2026-08-11,Gipuzkoa,g98,1.675,1.896,1.959,77
2026-08-11,Gipuzkoa,dieselPlus,1.699,1.941,2.049,80
2026-08-11,Navarra,g95,1.445,1.661,1.854,220
2026-08-11,Navarra,diesel,1.539,1.765,1.959,243
2026-08-11,Navarra,dieselPlus,1.62,1.882,2.03,101
2026-08-11,Navarra,g98,1.589,1.889,2.059,63
2026-08-12,Araba,g95,1.51,1.723,1.939,67
2026-08-12,Araba,diesel,1.61,1.835,1.989,71
2026-08-12,Araba,dieselPlus,1.71,1.929,2.089,36
2026-08-12,Araba,g98,1.699,1.896,1.989,37
2026-08-12,Bizkaia,g95,1.539,1.728,1.839,126
2026-08-12,Bizkaia,g98,1.679,1.902,1.979,68
2026-08-12,Bizkaia,diesel,1.619,1.832,1.945,128
2026-08-12,Bizkaia,dieselPlus,1.679,1.874,2.019,45
2026-08-12,Gipuzkoa,g95,1.578,1.731,1.829,130
2026-08-12,Gipuzkoa,diesel,1.674,1.857,1.969,143
2026-08-12,Gipuzkoa,g98,1.675,1.905,1.959,77
2026-08-12,Gipuzkoa,dieselPlus,1.666,1.949,2.069,80
2026-08-12,Navarra,g95,1.459,1.667,1.854,219
2026-08-12,Navarra,diesel,1.539,1.776,1.959,243
2026-08-12,Navarra,dieselPlus,1.64,1.895,2.03,101
2026-08-12,Navarra,g98,1.589,1.895,2.059,63
2026-08-13,Araba,g95,1.499,1.729,1.939,67
2026-08-13,Araba,diesel,1.579,1.84,1.989,71
2026-08-13,Araba,dieselPlus,1.679,1.931,2.089,36
2026-08-13,Araba,g98,1.699,1.901,1.989,37
2026-08-13,Bizkaia,g95,1.539,1.735,1.839,126
2026-08-13,Bizkaia,diesel,1.634,1.842,1.945,128
2026-08-13,Bizkaia,dieselPlus,1.679,1.882,2.019,45
2026-08-13,Bizkaia,g98,1.699,1.91,1.985,68
2026-08-13,Gipuzkoa,g95,1.559,1.738,1.834,130
2026-08-13,Gipuzkoa,diesel,1.659,1.863,1.974,143
2026-08-13,Gipuzkoa,g98,1.675,1.91,1.969,77
2026-08-13,Gipuzkoa,dieselPlus,1.706,1.953,2.074,80
2026-08-13,Navarra,g95,1.459,1.674,1.854,219
2026-08-13,Navarra,diesel,1.539,1.787,1.959,243
2026-08-13,Navarra,dieselPlus,1.64,1.904,2.03,101
2026-08-13,Navarra,g98,1.589,1.903,2.059,63
2026-08-14,Araba,g95,1.519,1.731,1.939,67
2026-08-14,Araba,diesel,1.599,1.845,1.989,71
2026-08-14,Araba,dieselPlus,1.699,1.936,2.089,36
2026-08-14,Araba,g98,1.699,1.907,1.989,37
2026-08-14,Bizkaia,g95,1.539,1.737,1.854,126
2026-08-14,Bizkaia,diesel,1.634,1.849,1.949,128
2026-08-14,Bizkaia,dieselPlus,1.679,1.889,2.044,45
2026-08-14,Bizkaia,g98,1.699,1.916,1.995,68
2026-08-14,Gipuzkoa,g95,1.568,1.738,1.824,131
2026-08-14,Gipuzkoa,diesel,1.668,1.868,1.979,144
2026-08-14,Gipuzkoa,g98,1.675,1.914,1.979,77
2026-08-14,Gipuzkoa,dieselPlus,1.706,1.963,2.074,80
2026-08-14,Navarra,g95,1.459,1.677,1.854,219
2026-08-14,Navarra,diesel,1.539,1.793,1.959,243
2026-08-14,Navarra,dieselPlus,1.64,1.911,2.045,101
2026-08-14,Navarra,g98,1.589,1.907,2.059,63
2026-08-15,Araba,g95,1.519,1.733,1.939,68
2026-08-15,Araba,diesel,1.599,1.845,1.989,72
2026-08-15,Araba,dieselPlus,1.699,1.937,2.089,36
2026-08-15,Araba,g98,1.699,1.901,1.989,38
2026-08-15,Bizkaia,g95,1.539,1.737,1.854,126
2026-08-15,Bizkaia,diesel,1.634,1.851,1.949,128
2026-08-15,Bizkaia,dieselPlus,1.669,1.891,2.044,45
2026-08-15,Bizkaia,g98,1.699,1.913,1.985,68
2026-08-15,Gipuzkoa,g95,1.587,1.74,1.824,131
2026-08-15,Gipuzkoa,diesel,1.687,1.871,1.984,144
2026-08-15,Gipuzkoa,g98,1.675,1.914,1.979,77
2026-08-15,Gipuzkoa,dieselPlus,1.726,1.967,2.084,80
2026-08-15,Navarra,g95,1.459,1.678,1.854,218
2026-08-15,Navarra,diesel,1.539,1.796,1.959,242
2026-08-15,Navarra,dieselPlus,1.64,1.912,2.039,101
2026-08-15,Navarra,g98,1.589,1.904,2.059,63
2026-08-16,Araba,g95,1.519,1.732,1.939,68
2026-08-16,Araba,diesel,1.599,1.846,1.989,72
2026-08-16,Araba,dieselPlus,1.699,1.937,2.089,36
2026-08-16,Araba,g98,1.699,1.901,1.989,38
2026-08-16,Bizkaia,g95,1.539,1.737,1.854,126
2026-08-16,Bizkaia,diesel,1.634,1.852,1.949,128
2026-08-16,Bizkaia,dieselPlus,1.669,1.891,2.044,45
2026-08-16,Bizkaia,g98,1.699,1.913,1.985,68
2026-08-16,Gipuzkoa,g95,1.587,1.74,1.824,131
2026-08-16,Gipuzkoa,diesel,1.687,1.871,1.984,144
2026-08-16,Gipuzkoa,g98,1.675,1.914,1.979,77
2026-08-16,Gipuzkoa,dieselPlus,1.726,1.967,2.084,80
2026-08-16,Navarra,g95,1.459,1.679,1.854,218
2026-08-16,Navarra,diesel,1.539,1.797,1.959,242
2026-08-16,Navarra,dieselPlus,1.64,1.912,2.039,101
2026-08-16,Navarra,g98,1.589,1.904,2.059,63
2026-08-17,Araba,g95,1.538,1.733,1.939,68
2026-08-17,Araba,diesel,1.619,1.847,1.999,72
2026-08-17,Araba,dieselPlus,1.719,1.939,2.099,36
2026-08-17,Araba,g98,1.699,1.9,1.979,38
2026-08-17,Bizkaia,g95,1.539,1.737,1.854,126
2026-08-17,Bizkaia,diesel,1.634,1.853,1.959,128
2026-08-17,Bizkaia,dieselPlus,1.669,1.893,2.054,45
2026-08-17,Bizkaia,g98,1.699,1.913,1.985,68
2026-08-17,Gipuzkoa,g95,1.587,1.74,1.824,131
2026-08-17,Gipuzkoa,diesel,1.687,1.871,1.984,144
2026-08-17,Gipuzkoa,g98,1.675,1.914,1.979,77
2026-08-17,Gipuzkoa,dieselPlus,1.726,1.967,2.084,80
2026-08-17,Navarra,g95,1.459,1.679,1.854,218
2026-08-17,Navarra,diesel,1.539,1.798,1.959,242
2026-08-17,Navarra,dieselPlus,1.64,1.913,2.039,101
2026-08-17,Navarra,g98,1.639,1.904,2.059,63
2026-08-18,Araba,g95,1.538,1.735,1.939,68
2026-08-18,Araba,diesel,1.639,1.851,1.999,72
2026-08-18,Araba,dieselPlus,1.719,1.939,2.099,36
2026-08-18,Araba,g98,1.699,1.905,1.979,38
2026-08-18,Bizkaia,g95,1.539,1.742,1.854,126
2026-08-18,Bizkaia,diesel,1.635,1.858,1.959,128
2026-08-18,Bizkaia,dieselPlus,1.669,1.897,2.054,45
2026-08-18,Bizkaia,g98,1.699,1.918,1.995,68
2026-08-18,Gipuzkoa,g95,1.587,1.745,1.825,131
2026-08-18,Gipuzkoa,diesel,1.687,1.875,1.989,144
2026-08-18,Gipuzkoa,g98,1.675,1.918,1.995,77
2026-08-18,Gipuzkoa,dieselPlus,1.736,1.97,2.074,80
2026-08-18,Navarra,g95,1.459,1.685,1.829,214
2026-08-18,Navarra,diesel,1.539,1.804,1.959,238
2026-08-18,Navarra,dieselPlus,1.64,1.917,2.049,99
2026-08-18,Navarra,g98,1.639,1.907,2.059,62
2026-08-19,Araba,g95,1.538,1.736,1.939,68
2026-08-19,Araba,diesel,1.65,1.857,2.009,72
2026-08-19,Araba,dieselPlus,1.719,1.947,2.109,36
2026-08-19,Araba,g98,1.699,1.906,1.989,38
2026-08-19,Bizkaia,g95,1.544,1.746,1.855,126
2026-08-19,Bizkaia,diesel,1.645,1.866,1.974,128
2026-08-19,Bizkaia,dieselPlus,1.699,1.906,2.074,45
2026-08-19,Bizkaia,g98,1.699,1.918,1.995,68
2026-08-19,Gipuzkoa,g95,1.596,1.748,1.825,131
2026-08-19,Gipuzkoa,diesel,1.696,1.881,2.004,144
2026-08-19,Gipuzkoa,g98,1.675,1.92,1.995,77
2026-08-19,Gipuzkoa,dieselPlus,1.747,1.978,2.104,79
2026-08-19,Navarra,g95,1.459,1.689,1.829,215
2026-08-19,Navarra,diesel,1.539,1.808,1.959,239
2026-08-19,Navarra,dieselPlus,1.64,1.922,2.049,100
2026-08-19,Navarra,g98,1.639,1.908,2.059,62
2026-08-20,ARABA/ÁLAVA,g95,1.538,1.743,1.899,68
2026-08-20,ARABA/ÁLAVA,diesel,1.66,1.873,2.039,72
2026-08-20,ARABA/ÁLAVA,dieselPlus,1.737,1.963,2.139,36
2026-08-20,ARABA/ÁLAVA,g98,1.749,1.917,2.009,38
2026-08-20,ALBACETE,g95,1.509,1.723,1.899,140
2026-08-20,ALBACETE,diesel,1.499,1.882,2.037,148
2026-08-20,ALBACETE,dieselPlus,1.729,2.002,2.109,68
2026-08-20,ALBACETE,g98,1.599,1.91,1.999,64
2026-08-20,ALICANTE,g95,1.549,1.76,1.899,474
2026-08-20,ALICANTE,diesel,1.645,1.859,1.989,478
2026-08-20,ALICANTE,g98,1.669,1.937,2.025,259
2026-08-20,ALICANTE,dieselPlus,1.665,1.969,2.209,275
2026-08-20,ALMERÍA,g95,1.499,1.693,1.909,217
2026-08-20,ALMERÍA,g98,1.624,1.885,2.059,94
2026-08-20,ALMERÍA,diesel,1.669,1.831,2.019,228
2026-08-20,ALMERÍA,dieselPlus,1.679,1.938,2.119,119
2026-08-20,ÁVILA,g95,1.649,1.763,1.899,69
2026-08-20,ÁVILA,diesel,1.769,1.92,2.004,70
2026-08-20,ÁVILA,dieselPlus,1.835,2.012,2.099,45
2026-08-20,ÁVILA,g98,1.739,1.901,2.029,33
2026-08-20,BADAJOZ,diesel,1.399,1.865,2.199,272
2026-08-20,BADAJOZ,g95,1.499,1.722,2.039,237
2026-08-20,BADAJOZ,dieselPlus,1.739,1.969,2.259,128
2026-08-20,BADAJOZ,g98,1.659,1.915,2.259,66
2026-08-20,BALEARS (ILLES),g95,1.668,1.828,2.149,215
2026-08-20,BALEARS (ILLES),diesel,1.829,1.978,2.199,215
2026-08-20,BALEARS (ILLES),dieselPlus,1.798,2.055,2.224,101
2026-08-20,BALEARS (ILLES),g98,1.819,1.962,2.039,126
2026-08-20,BARCELONA,g95,1.459,1.687,1.869,768
2026-08-20,BARCELONA,diesel,1.649,1.858,2.014,776
2026-08-20,BARCELONA,dieselPlus,1.689,1.939,2.309,389
2026-08-20,BARCELONA,g98,1.553,1.873,2.079,435
2026-08-20,BURGOS,g95,1.559,1.762,1.95,134
2026-08-20,BURGOS,g98,1.71,1.934,1.995,57
2026-08-20,BURGOS,diesel,1.679,1.865,1.99,138
2026-08-20,BURGOS,dieselPlus,1.689,1.95,2.049,74
2026-08-20,CÁCERES,g95,1.559,1.743,1.879,147
2026-08-20,CÁCERES,diesel,1.7,1.915,2.049,159
2026-08-20,CÁCERES,g98,1.819,1.941,2.098,46
2026-08-20,CÁCERES,dieselPlus,1.739,2.026,2.115,81
2026-08-20,CÁDIZ,g95,1.589,1.765,1.92,283
2026-08-20,CÁDIZ,g98,1.749,1.946,2.009,116
2026-08-20,CÁDIZ,diesel,1.599,1.867,2.024,287
2026-08-20,CÁDIZ,dieselPlus,1.699,1.964,2.104,174
2026-08-20,CASTELLÓN / CASTELLÓ,g95,1.465,1.704,1.919,186
2026-08-20,CASTELLÓN / CASTELLÓ,diesel,1.639,1.865,2.074,188
2026-08-20,CASTELLÓN / CASTELLÓ,dieselPlus,1.709,1.997,2.105,95
2026-08-20,CASTELLÓN / CASTELLÓ,g98,1.609,1.897,1.999,75
2026-08-20,CIUDAD REAL,g95,1.509,1.702,1.899,190
2026-08-20,CIUDAD REAL,g98,1.629,1.898,2.059,71
2026-08-20,CIUDAD REAL,diesel,1.649,1.856,1.989,211
2026-08-20,CIUDAD REAL,dieselPlus,1.709,1.959,2.095,61
2026-08-20,CÓRDOBA,g95,1.499,1.709,1.839,202
2026-08-20,CÓRDOBA,diesel,1.599,1.889,2.019,207
2026-08-20,CÓRDOBA,g98,1.649,1.87,2.029,67
2026-08-20,CÓRDOBA,dieselPlus,1.749,1.97,2.119,102
2026-08-20,CORUÑA (A),g95,1.599,1.751,1.866,282
2026-08-20,CORUÑA (A),diesel,1.669,1.867,1.979,284
2026-08-20,CORUÑA (A),g98,1.731,1.911,2.009,170
2026-08-20,CORUÑA (A),dieselPlus,1.689,1.939,2.126,165
2026-08-20,CUENCA,g95,1.569,1.753,1.879,103
2026-08-20,CUENCA,diesel,1.666,1.891,2.059,114
2026-08-20,CUENCA,dieselPlus,1.719,2.023,2.135,55
2026-08-20,CUENCA,g98,1.759,1.921,2.029,40
2026-08-20,GIRONA,g95,1.498,1.735,1.909,256
2026-08-20,GIRONA,g98,1.709,1.922,2.079,156
2026-08-20,GIRONA,diesel,1.638,1.859,2.049,266
2026-08-20,GIRONA,dieselPlus,1.709,1.975,2.169,147
2026-08-20,GRANADA,g95,1.499,1.708,1.99,272
2026-08-20,GRANADA,diesel,1.639,1.855,1.99,276
2026-08-20,GRANADA,dieselPlus,1.659,1.964,2.065,166
2026-08-20,GRANADA,g98,1.689,1.891,2.089,148
2026-08-20,GUADALAJARA,g95,1.549,1.75,1.885,87
2026-08-20,GUADALAJARA,diesel,1.719,1.887,1.995,89
2026-08-20,GUADALAJARA,g98,1.699,1.94,2.019,44
2026-08-20,GUADALAJARA,dieselPlus,1.729,1.967,2.084,44
2026-08-20,GIPUZKOA,g95,1.589,1.757,1.835,131
2026-08-20,GIPUZKOA,g98,1.729,1.932,1.999,77
2026-08-20,GIPUZKOA,diesel,1.699,1.895,2.009,144
2026-08-20,GIPUZKOA,dieselPlus,1.727,1.992,2.109,79
2026-08-20,HUELVA,g95,1.517,1.76,1.868,133
2026-08-20,HUELVA,g98,1.78,1.934,2.015,48
2026-08-20,HUELVA,diesel,1.721,1.909,2.139,138
2026-08-20,HUELVA,dieselPlus,1.745,2.006,2.109,59
2026-08-20,HUESCA,g95,1.508,1.716,1.885,113
2026-08-20,HUESCA,g98,1.729,1.896,2.029,53
2026-08-20,HUESCA,diesel,1.594,1.868,2.015,123
2026-08-20,HUESCA,dieselPlus,1.719,1.976,2.125,58
2026-08-20,JAÉN,g95,1.539,1.721,1.839,208
2026-08-20,JAÉN,g98,1.695,1.9,2.299,80
2026-08-20,JAÉN,diesel,1.679,1.896,2.029,212
2026-08-20,JAÉN,dieselPlus,1.769,1.984,2.189,102
2026-08-20,LEÓN,g95,1.579,1.739,1.839,157
2026-08-20,LEÓN,diesel,1.679,1.895,2.004,163
2026-08-20,LEÓN,dieselPlus,1.749,1.976,2.084,113
2026-08-20,LEÓN,g98,1.739,1.899,1.999,94
2026-08-20,LLEIDA,g95,1.4,1.667,1.879,160
2026-08-20,LLEIDA,diesel,1.53,1.815,1.999,176
2026-08-20,LLEIDA,dieselPlus,1.719,1.929,2.1,76
2026-08-20,LLEIDA,g98,1.558,1.858,1.999,77
2026-08-20,RIOJA (LA),g95,1.539,1.716,1.799,80
2026-08-20,RIOJA (LA),diesel,1.649,1.837,1.949,83
2026-08-20,RIOJA (LA),dieselPlus,1.768,1.946,2.034,39
2026-08-20,RIOJA (LA),g98,1.699,1.893,1.955,37
2026-08-20,LUGO,g95,1.599,1.762,1.859,126
2026-08-20,LUGO,diesel,1.679,1.899,1.999,128
2026-08-20,LUGO,dieselPlus,1.769,1.998,2.099,65
2026-08-20,LUGO,g98,1.759,1.925,1.989,59
2026-08-20,MADRID,g95,1.539,1.747,1.939,849
2026-08-20,MADRID,g98,1.709,1.934,2.239,414
2026-08-20,MADRID,diesel,1.649,1.885,2.059,854
2026-08-20,MADRID,dieselPlus,1.659,1.969,2.122,448
2026-08-20,MÁLAGA,g95,1.555,1.763,1.874,300
2026-08-20,MÁLAGA,diesel,1.698,1.907,2.019,303
2026-08-20,MÁLAGA,dieselPlus,1.769,2.006,2.114,209
2026-08-20,MÁLAGA,g98,1.729,1.933,2.014,164
2026-08-20,MURCIA,g95,1.498,1.716,2.019,426
2026-08-20,MURCIA,diesel,1.568,1.846,2.139,450
2026-08-20,MURCIA,dieselPlus,1.598,1.917,2.069,231
2026-08-20,MURCIA,g98,1.568,1.877,2.129,233
2026-08-20,NAVARRA,g95,1.495,1.695,1.844,213
2026-08-20,NAVARRA,diesel,1.539,1.819,1.994,237
2026-08-20,NAVARRA,dieselPlus,1.699,1.934,2.084,100
2026-08-20,NAVARRA,g98,1.639,1.915,2.059,62
2026-08-20,OURENSE,g95,1.599,1.752,1.889,87
2026-08-20,OURENSE,g98,1.729,1.895,2.019,62
2026-08-20,OURENSE,diesel,1.739,1.905,1.999,87
2026-08-20,OURENSE,dieselPlus,1.767,1.978,2.069,57
2026-08-20,ASTURIAS,g95,1.599,1.78,1.899,224
2026-08-20,ASTURIAS,diesel,1.709,1.914,2.019,238
2026-08-20,ASTURIAS,dieselPlus,1.739,1.997,2.109,159
2026-08-20,ASTURIAS,g98,1.769,1.935,2.069,141
2026-08-20,PALENCIA,g95,1.587,1.786,1.909,66
2026-08-20,PALENCIA,diesel,1.717,1.932,2.009,68
2026-08-20,PALENCIA,dieselPlus,1.779,2.027,2.105,45
2026-08-20,PALENCIA,g98,1.788,1.957,2.019,38
2026-08-20,PALMAS (LAS),g95,1.244,1.429,1.549,256
2026-08-20,PALMAS (LAS),g98,1.345,1.568,1.689,225
2026-08-20,PALMAS (LAS),diesel,1.417,1.526,1.68,256
2026-08-20,PALMAS (LAS),dieselPlus,1.458,1.634,1.729,154
2026-08-20,PONTEVEDRA,g95,1.599,1.739,1.879,224
2026-08-20,PONTEVEDRA,diesel,1.679,1.881,1.995,226
2026-08-20,PONTEVEDRA,dieselPlus,1.689,1.988,2.115,142
2026-08-20,PONTEVEDRA,g98,1.699,1.906,2.059,135
2026-08-20,SALAMANCA,g95,1.571,1.726,1.859,104
2026-08-20,SALAMANCA,diesel,1.689,1.869,1.989,108
2026-08-20,SALAMANCA,dieselPlus,1.737,1.975,2.089,62
2026-08-20,SALAMANCA,g98,1.737,1.894,1.999,52
2026-08-20,SANTA CRUZ DE TENERIFE,g95,1.275,1.473,1.669,240
2026-08-20,SANTA CRUZ DE TENERIFE,g98,1.345,1.605,1.869,226
2026-08-20,SANTA CRUZ DE TENERIFE,diesel,1.419,1.581,1.809,239
2026-08-20,SANTA CRUZ DE TENERIFE,dieselPlus,1.429,1.687,1.899,128
2026-08-20,CANTABRIA,g95,1.569,1.758,1.849,165
2026-08-20,CANTABRIA,g98,1.729,1.928,2.005,85
2026-08-20,CANTABRIA,diesel,1.669,1.885,2.019,165
2026-08-20,CANTABRIA,dieselPlus,1.719,1.938,2.095,81
2026-08-20,SEGOVIA,g95,1.629,1.756,1.858,75
2026-08-20,SEGOVIA,diesel,1.749,1.893,2.028,76
2026-08-20,SEGOVIA,dieselPlus,1.769,1.973,2.084,43
2026-08-20,SEGOVIA,g98,1.799,1.936,2.037,37
2026-08-20,SEVILLA,g95,1.535,1.702,1.874,432
2026-08-20,SEVILLA,diesel,1.629,1.862,2.074,439
2026-08-20,SEVILLA,dieselPlus,1.735,1.977,2.174,232
2026-08-20,SEVILLA,g98,1.649,1.9,2.219,143
2026-08-20,SORIA,g95,1.589,1.718,1.849,42
2026-08-20,SORIA,g98,1.679,1.908,1.969,17
2026-08-20,SORIA,diesel,1.668,1.85,1.975,41
2026-08-20,SORIA,dieselPlus,1.7,1.93,2.069,20
2026-08-20,TARRAGONA,g95,1.465,1.713,1.855,212
2026-08-20,TARRAGONA,diesel,1.669,1.843,2.009,222
2026-08-20,TARRAGONA,g98,1.699,1.9,2.029,122
2026-08-20,TARRAGONA,dieselPlus,1.739,1.958,2.085,121
2026-08-20,TERUEL,g95,1.514,1.717,1.819,62
2026-08-20,TERUEL,diesel,1.665,1.855,1.969,67
2026-08-20,TERUEL,dieselPlus,1.785,1.991,2.059,32
2026-08-20,TERUEL,g98,1.54,1.886,2.009,30
2026-08-20,TOLEDO,g95,1.567,1.746,2.004,237
2026-08-20,TOLEDO,g98,1.677,1.931,2.134,117
2026-08-20,TOLEDO,diesel,1.619,1.884,2.169,240
2026-08-20,TOLEDO,dieselPlus,1.659,1.96,2.274,115
2026-08-20,VALENCIA / VALÈNCIA,g95,1.489,1.719,1.909,609
2026-08-20,VALENCIA / VALÈNCIA,diesel,1.629,1.827,2.066,623
2026-08-20,VALENCIA / VALÈNCIA,g98,1.599,1.92,2.08,276
2026-08-20,VALENCIA / VALÈNCIA,dieselPlus,1.669,1.936,2.117,310
2026-08-20,VALLADOLID,g95,1.587,1.748,1.895,143
2026-08-20,VALLADOLID,diesel,1.669,1.876,2.009,148
2026-08-20,VALLADOLID,dieselPlus,1.679,1.978,2.105,78
2026-08-20,VALLADOLID,g98,1.729,1.966,2.099,70
2026-08-20,BIZKAIA,g95,1.545,1.752,1.859,126
2026-08-20,BIZKAIA,g98,1.699,1.926,2.005,68
2026-08-20,BIZKAIA,diesel,1.658,1.877,1.985,128
2026-08-20,BIZKAIA,dieselPlus,1.699,1.914,2.074,45
2026-08-20,ZAMORA,g95,1.57,1.732,1.869,79
2026-08-20,ZAMORA,g98,1.699,1.905,2.089,44
2026-08-20,ZAMORA,diesel,1.679,1.87,1.985,85
2026-08-20,ZAMORA,dieselPlus,1.699,1.99,2.109,50
2026-08-20,ZARAGOZA,g95,1.485,1.728,1.869,218
2026-08-20,ZARAGOZA,g98,1.559,1.924,2.005,94
2026-08-20,ZARAGOZA,diesel,1.607,1.851,1.959,229
2026-08-20,ZARAGOZA,dieselPlus,1.667,1.922,2.029,87
2026-08-20,CEUTA,g95,1.549,1.563,1.568,10
2026-08-20,CEUTA,g98,1.589,1.595,1.598,8
2026-08-20,CEUTA,diesel,1.674,1.69,1.699,10
2026-08-20,CEUTA,dieselPlus,1.719,1.732,1.739,4
2026-08-20,MELILLA,g95,1.464,1.465,1.465,12
2026-08-20,MELILLA,diesel,1.425,1.426,1.428,12
2026-08-20,MELILLA,dieselPlus,1.467,1.474,1.498,8
2026-08-21,ARABA/ÁLAVA,g95,1.538,1.744,1.899,68
2026-08-21,ARABA/ÁLAVA,diesel,1.679,1.876,2.039,72
2026-08-21,ARABA/ÁLAVA,dieselPlus,1.757,1.969,2.139,36
2026-08-21,ARABA/ÁLAVA,g98,1.749,1.921,2.009,38
2026-08-21,ALBACETE,g95,1.509,1.724,1.899,140
2026-08-21,ALBACETE,diesel,1.499,1.885,2.037,148
2026-08-21,ALBACETE,dieselPlus,1.729,2.009,2.119,68
2026-08-21,ALBACETE,g98,1.599,1.916,1.999,64
2026-08-21,ALICANTE,g95,1.549,1.762,1.899,474
2026-08-21,ALICANTE,diesel,1.639,1.861,1.989,478
2026-08-21,ALICANTE,g98,1.669,1.943,2.035,259
2026-08-21,ALICANTE,dieselPlus,1.659,1.974,2.119,275
2026-08-21,ALMERÍA,g95,1.499,1.697,1.919,217
2026-08-21,ALMERÍA,g98,1.624,1.891,2.059,94
2026-08-21,ALMERÍA,diesel,1.669,1.836,2.029,228
2026-08-21,ALMERÍA,dieselPlus,1.679,1.945,2.129,119
2026-08-21,ÁVILA,g95,1.659,1.765,1.899,69
2026-08-21,ÁVILA,diesel,1.769,1.924,2.004,70
2026-08-21,ÁVILA,dieselPlus,1.835,2.018,2.105,45
2026-08-21,ÁVILA,g98,1.739,1.907,2.059,33
2026-08-21,BADAJOZ,diesel,1.399,1.869,2.199,273
2026-08-21,BADAJOZ,g95,1.499,1.723,2.039,238
2026-08-21,BADAJOZ,dieselPlus,1.739,1.972,2.259,128
2026-08-21,BADAJOZ,g98,1.659,1.918,2.259,66
2026-08-21,BALEARS (ILLES),g95,1.688,1.828,2.149,215
2026-08-21,BALEARS (ILLES),diesel,1.839,1.98,2.199,215
2026-08-21,BALEARS (ILLES),dieselPlus,1.838,2.058,2.224,101
2026-08-21,BALEARS (ILLES),g98,1.859,1.964,2.039,126
2026-08-21,BARCELONA,g95,1.459,1.689,1.869,766
2026-08-21,BARCELONA,diesel,1.649,1.86,2.014,774
2026-08-21,BARCELONA,dieselPlus,1.689,1.942,2.309,387
2026-08-21,BARCELONA,g98,1.553,1.878,2.079,433
2026-08-21,BURGOS,g95,1.559,1.765,1.95,134
2026-08-21,BURGOS,g98,1.71,1.941,2.005,57
2026-08-21,BURGOS,diesel,1.679,1.87,1.995,138
2026-08-21,BURGOS,dieselPlus,1.689,1.95,2.049,77
2026-08-21,CÁCERES,g95,1.559,1.745,1.879,147
2026-08-21,CÁCERES,diesel,1.7,1.917,2.039,159
2026-08-21,CÁCERES,g98,1.829,1.947,2.098,46
2026-08-21,CÁCERES,dieselPlus,1.739,2.032,2.124,81
2026-08-21,CÁDIZ,g95,1.609,1.768,1.92,283
2026-08-21,CÁDIZ,g98,1.749,1.953,2.025,116
2026-08-21,CÁDIZ,diesel,1.689,1.871,2.024,287
2026-08-21,CÁDIZ,dieselPlus,1.699,1.969,2.104,174
2026-08-21,CASTELLÓN / CASTELLÓ,g95,1.465,1.706,1.919,186
2026-08-21,CASTELLÓN / CASTELLÓ,diesel,1.639,1.868,2.074,188
2026-08-21,CASTELLÓN / CASTELLÓ,dieselPlus,1.709,2.004,2.115,95
2026-08-21,CASTELLÓN / CASTELLÓ,g98,1.609,1.902,1.999,75
2026-08-21,CIUDAD REAL,g95,1.509,1.704,1.899,192
2026-08-21,CIUDAD REAL,g98,1.629,1.904,2.059,71
2026-08-21,CIUDAD REAL,diesel,1.629,1.858,1.989,213
2026-08-21,CIUDAD REAL,dieselPlus,1.709,1.962,2.095,61
2026-08-21,CÓRDOBA,g95,1.539,1.711,1.839,202
2026-08-21,CÓRDOBA,diesel,1.639,1.891,2.019,207
2026-08-21,CÓRDOBA,g98,1.649,1.875,2.029,67
2026-08-21,CÓRDOBA,dieselPlus,1.749,1.975,2.129,102
2026-08-21,CORUÑA (A),g95,1.599,1.754,1.869,282
2026-08-21,CORUÑA (A),diesel,1.669,1.87,1.989,284
2026-08-21,CORUÑA (A),g98,1.731,1.916,2.039,170
2026-08-21,CORUÑA (A),dieselPlus,1.689,1.943,2.126,165
2026-08-21,CUENCA,g95,1.569,1.754,1.879,102
2026-08-21,CUENCA,diesel,1.666,1.893,2.059,113
2026-08-21,CUENCA,dieselPlus,1.719,2.028,2.135,54
2026-08-21,CUENCA,g98,1.759,1.925,2.029,40
2026-08-21,GIRONA,g95,1.498,1.738,1.909,260
2026-08-21,GIRONA,g98,1.709,1.929,2.079,157
2026-08-21,GIRONA,diesel,1.638,1.865,2.049,270
2026-08-21,GIRONA,dieselPlus,1.658,1.982,2.169,150
2026-08-21,GRANADA,g95,1.519,1.71,1.99,271
2026-08-21,GRANADA,diesel,1.639,1.859,1.993,275
2026-08-21,GRANADA,dieselPlus,1.659,1.97,2.086,166
2026-08-21,GRANADA,g98,1.689,1.897,2.089,148
2026-08-21,GUADALAJARA,g95,1.549,1.749,1.885,87
2026-08-21,GUADALAJARA,diesel,1.719,1.888,1.995,89
2026-08-21,GUADALAJARA,g98,1.699,1.944,2.029,44
2026-08-21,GUADALAJARA,dieselPlus,1.729,1.97,2.084,44
2026-08-21,GIPUZKOA,g95,1.589,1.758,1.835,131
2026-08-21,GIPUZKOA,g98,1.729,1.936,1.999,77
2026-08-21,GIPUZKOA,diesel,1.706,1.898,2.019,144
2026-08-21,GIPUZKOA,dieselPlus,1.757,1.996,2.119,79
2026-08-21,HUELVA,g95,1.517,1.762,1.868,131
2026-08-21,HUELVA,g98,1.78,1.941,2.025,48
2026-08-21,HUELVA,diesel,1.721,1.913,2.139,136
2026-08-21,HUELVA,dieselPlus,1.745,2.009,2.108,58
2026-08-21,HUESCA,g95,1.508,1.718,1.885,113
2026-08-21,HUESCA,g98,1.789,1.903,2.029,53
2026-08-21,HUESCA,diesel,1.594,1.87,2.009,123
2026-08-21,HUESCA,dieselPlus,1.719,1.982,2.119,58
2026-08-21,JAÉN,g95,1.539,1.723,1.839,208
2026-08-21,JAÉN,g98,1.695,1.905,2.299,80
2026-08-21,JAÉN,diesel,1.679,1.9,2.029,212
2026-08-21,JAÉN,dieselPlus,1.769,1.989,2.189,101
2026-08-21,LEÓN,g95,1.579,1.741,1.839,158
2026-08-21,LEÓN,diesel,1.679,1.9,2.004,164
2026-08-21,LEÓN,dieselPlus,1.749,1.983,2.089,114
2026-08-21,LEÓN,g98,1.739,1.903,1.999,95
2026-08-21,LLEIDA,g95,1.4,1.669,1.879,161
2026-08-21,LLEIDA,diesel,1.53,1.817,1.999,177
2026-08-21,LLEIDA,dieselPlus,1.719,1.935,2.1,77
2026-08-21,LLEIDA,g98,1.558,1.863,1.999,77
2026-08-21,RIOJA (LA),g95,1.539,1.72,1.819,80
2026-08-21,RIOJA (LA),diesel,1.639,1.843,1.959,83
2026-08-21,RIOJA (LA),dieselPlus,1.798,1.955,2.034,39
2026-08-21,RIOJA (LA),g98,1.728,1.903,1.965,37
2026-08-21,LUGO,g95,1.599,1.763,1.859,126
2026-08-21,LUGO,diesel,1.659,1.901,1.999,128
2026-08-21,LUGO,dieselPlus,1.769,2.002,2.105,65
2026-08-21,LUGO,g98,1.759,1.93,1.989,59
2026-08-21,MADRID,g95,1.559,1.748,1.939,847
2026-08-21,MADRID,g98,1.709,1.938,2.239,414
2026-08-21,MADRID,diesel,1.679,1.887,2.059,852
2026-08-21,MADRID,dieselPlus,1.699,1.971,2.122,448
2026-08-21,MÁLAGA,g95,1.555,1.766,1.874,299
2026-08-21,MÁLAGA,diesel,1.698,1.911,2.025,302
2026-08-21,MÁLAGA,dieselPlus,1.769,2.013,2.114,208
2026-08-21,MÁLAGA,g98,1.729,1.939,2.014,163
2026-08-21,MURCIA,g95,1.498,1.719,2.019,426
2026-08-21,MURCIA,diesel,1.568,1.85,2.139,450
2026-08-21,MURCIA,dieselPlus,1.598,1.923,2.069,231
2026-08-21,MURCIA,g98,1.568,1.883,2.129,233
2026-08-21,NAVARRA,g95,1.495,1.699,1.839,213
2026-08-21,NAVARRA,diesel,1.539,1.823,1.989,237
2026-08-21,NAVARRA,dieselPlus,1.718,1.941,2.085,100
2026-08-21,NAVARRA,g98,1.649,1.924,2.059,62
2026-08-21,OURENSE,g95,1.599,1.753,1.889,87
2026-08-21,OURENSE,g98,1.729,1.898,2.019,62
2026-08-21,OURENSE,diesel,1.737,1.906,1.999,87
2026-08-21,OURENSE,dieselPlus,1.757,1.982,2.069,57
2026-08-21,ASTURIAS,g95,1.599,1.781,1.899,224
2026-08-21,ASTURIAS,diesel,1.709,1.916,2.019,238
2026-08-21,ASTURIAS,dieselPlus,1.739,2,2.119,159
2026-08-21,ASTURIAS,g98,1.769,1.939,2.069,141
2026-08-21,PALENCIA,g95,1.587,1.786,1.909,66
2026-08-21,PALENCIA,diesel,1.717,1.935,2.009,68
2026-08-21,PALENCIA,dieselPlus,1.799,2.034,2.109,45
2026-08-21,PALENCIA,g98,1.788,1.962,2.019,38
2026-08-21,PALMAS (LAS),g95,1.244,1.428,1.549,256
2026-08-21,PALMAS (LAS),g98,1.345,1.568,1.689,225
2026-08-21,PALMAS (LAS),diesel,1.417,1.527,1.68,256
2026-08-21,PALMAS (LAS),dieselPlus,1.458,1.635,1.729,154
2026-08-21,PONTEVEDRA,g95,1.599,1.74,1.879,224
2026-08-21,PONTEVEDRA,diesel,1.679,1.883,1.995,225
2026-08-21,PONTEVEDRA,dieselPlus,1.689,1.995,2.115,142
2026-08-21,PONTEVEDRA,g98,1.699,1.911,2.059,135
2026-08-21,SALAMANCA,g95,1.571,1.728,1.859,102
2026-08-21,SALAMANCA,diesel,1.699,1.872,1.989,106
2026-08-21,SALAMANCA,dieselPlus,1.737,1.981,2.089,60
2026-08-21,SALAMANCA,g98,1.737,1.899,1.999,51
2026-08-21,SANTA CRUZ DE TENERIFE,g95,1.275,1.473,1.669,240
2026-08-21,SANTA CRUZ DE TENERIFE,g98,1.345,1.606,1.869,226
2026-08-21,SANTA CRUZ DE TENERIFE,diesel,1.419,1.583,1.809,239
2026-08-21,SANTA CRUZ DE TENERIFE,dieselPlus,1.449,1.689,1.899,128
2026-08-21,CANTABRIA,g95,1.589,1.759,1.859,165
2026-08-21,CANTABRIA,g98,1.729,1.932,2.029,85
2026-08-21,CANTABRIA,diesel,1.699,1.888,2.019,165
2026-08-21,CANTABRIA,dieselPlus,1.719,1.94,2.109,81
2026-08-21,SEGOVIA,g95,1.629,1.757,1.859,75
2026-08-21,SEGOVIA,diesel,1.749,1.898,2.028,76
2026-08-21,SEGOVIA,dieselPlus,1.799,1.98,2.099,43
2026-08-21,SEGOVIA,g98,1.799,1.939,2.057,37
2026-08-21,SEVILLA,g95,1.535,1.703,1.879,433
2026-08-21,SEVILLA,diesel,1.629,1.863,2.074,440
2026-08-21,SEVILLA,dieselPlus,1.735,1.981,2.174,233
2026-08-21,SEVILLA,g98,1.649,1.905,2.219,145
2026-08-21,SORIA,g95,1.6,1.723,1.869,42
2026-08-21,SORIA,g98,1.699,1.916,1.985,17
2026-08-21,SORIA,diesel,1.668,1.854,1.975,41
2026-08-21,SORIA,dieselPlus,1.7,1.937,2.079,20
2026-08-21,TARRAGONA,g95,1.465,1.715,1.885,212
2026-08-21,TARRAGONA,diesel,1.669,1.847,2.009,222
2026-08-21,TARRAGONA,g98,1.699,1.906,2.029,122
2026-08-21,TARRAGONA,dieselPlus,1.739,1.964,2.085,121
2026-08-21,TERUEL,g95,1.514,1.718,1.829,61
2026-08-21,TERUEL,diesel,1.665,1.861,1.969,66
2026-08-21,TERUEL,dieselPlus,1.785,1.998,2.069,31
2026-08-21,TERUEL,g98,1.54,1.891,2.009,30
2026-08-21,TOLEDO,g95,1.567,1.748,2.004,237
2026-08-21,TOLEDO,g98,1.677,1.936,2.134,117
2026-08-21,TOLEDO,diesel,1.619,1.887,2.169,240
2026-08-21,TOLEDO,dieselPlus,1.659,1.963,2.274,115
2026-08-21,VALENCIA / VALÈNCIA,g95,1.529,1.72,1.909,609
2026-08-21,VALENCIA / VALÈNCIA,diesel,1.619,1.83,2.066,623
2026-08-21,VALENCIA / VALÈNCIA,g98,1.599,1.926,2.08,276
2026-08-21,VALENCIA / VALÈNCIA,dieselPlus,1.669,1.942,2.117,310
2026-08-21,VALLADOLID,g95,1.587,1.749,1.895,144
2026-08-21,VALLADOLID,diesel,1.669,1.874,2.015,149
2026-08-21,VALLADOLID,dieselPlus,1.679,1.98,2.109,78
2026-08-21,VALLADOLID,g98,1.729,1.971,2.099,70
2026-08-21,BIZKAIA,g95,1.544,1.753,1.875,125
2026-08-21,BIZKAIA,g98,1.709,1.932,2.015,67
2026-08-21,BIZKAIA,diesel,1.664,1.881,1.985,125
2026-08-21,BIZKAIA,dieselPlus,1.719,1.92,2.074,44
2026-08-21,ZAMORA,g95,1.57,1.732,1.869,79
2026-08-21,ZAMORA,g98,1.699,1.909,2.089,44
2026-08-21,ZAMORA,diesel,1.679,1.871,1.985,85
2026-08-21,ZAMORA,dieselPlus,1.699,1.994,2.109,50
2026-08-21,ZARAGOZA,g95,1.509,1.73,1.869,218
2026-08-21,ZARAGOZA,g98,1.559,1.931,2.015,94
2026-08-21,ZARAGOZA,diesel,1.65,1.855,1.969,230
2026-08-21,ZARAGOZA,dieselPlus,1.729,1.926,2.039,87
2026-08-21,CEUTA,g95,1.549,1.563,1.568,10
2026-08-21,CEUTA,g98,1.589,1.595,1.598,8
2026-08-21,CEUTA,diesel,1.674,1.69,1.699,10
2026-08-21,CEUTA,dieselPlus,1.719,1.732,1.739,4
2026-08-21,MELILLA,g95,1.464,1.465,1.465,12
2026-08-21,MELILLA,diesel,1.425,1.426,1.428,12
2026-08-21,MELILLA,dieselPlus,1.467,1.474,1.498,8
2026-08-22,ARABA/ÁLAVA,g95,1.538,1.745,1.899,68
2026-08-22,ARABA/ÁLAVA,diesel,1.679,1.876,2.039,72
2026-08-22,ARABA/ÁLAVA,dieselPlus,1.757,1.967,2.139,36
2026-08-22,ARABA/ÁLAVA,g98,1.749,1.916,2.009,38
2026-08-22,ALBACETE,g95,1.509,1.724,1.899,140
2026-08-22,ALBACETE,diesel,1.499,1.886,2.021,148
2026-08-22,ALBACETE,dieselPlus,1.729,2.008,2.119,68
2026-08-22,ALBACETE,g98,1.599,1.912,1.999,64
2026-08-22,ALICANTE,g95,1.549,1.762,1.899,473
2026-08-22,ALICANTE,diesel,1.629,1.862,1.989,477
2026-08-22,ALICANTE,g98,1.669,1.941,2.029,259
2026-08-22,ALICANTE,dieselPlus,1.649,1.973,2.119,275
2026-08-22,ALMERÍA,g95,1.499,1.697,1.919,217
2026-08-22,ALMERÍA,g98,1.624,1.89,2.059,94
2026-08-22,ALMERÍA,diesel,1.669,1.837,2.029,228
2026-08-22,ALMERÍA,dieselPlus,1.679,1.946,2.129,119
2026-08-22,ÁVILA,g95,1.659,1.766,1.899,69
2026-08-22,ÁVILA,diesel,1.769,1.926,2.005,70
2026-08-22,ÁVILA,dieselPlus,1.839,2.019,2.105,45
2026-08-22,ÁVILA,g98,1.739,1.905,2.059,33
2026-08-22,BADAJOZ,diesel,1.399,1.87,2.199,272
2026-08-22,BADAJOZ,g95,1.499,1.724,2.039,237
2026-08-22,BADAJOZ,dieselPlus,1.739,1.973,2.259,127
2026-08-22,BADAJOZ,g98,1.699,1.917,2.259,66
2026-08-22,BALEARS (ILLES),g95,1.688,1.827,2.149,215
2026-08-22,BALEARS (ILLES),diesel,1.839,1.978,2.199,215
2026-08-22,BALEARS (ILLES),dieselPlus,1.838,2.057,2.224,101
2026-08-22,BALEARS (ILLES),g98,1.859,1.962,2.039,126
2026-08-22,BARCELONA,g95,1.459,1.69,1.869,766
2026-08-22,BARCELONA,diesel,1.649,1.861,2.014,774
2026-08-22,BARCELONA,dieselPlus,1.689,1.942,2.309,387
2026-08-22,BARCELONA,g98,1.553,1.876,2.079,433
2026-08-22,BURGOS,g95,1.559,1.766,1.95,134
2026-08-22,BURGOS,g98,1.71,1.939,1.999,57
2026-08-22,BURGOS,diesel,1.679,1.871,1.998,138
2026-08-22,BURGOS,dieselPlus,1.689,1.95,2.049,77
2026-08-22,CÁCERES,g95,1.559,1.746,1.869,147
2026-08-22,CÁCERES,diesel,1.7,1.918,2.039,159
2026-08-22,CÁCERES,g98,1.829,1.943,2.098,46
2026-08-22,CÁCERES,dieselPlus,1.739,2.029,2.124,81
2026-08-22,CÁDIZ,g95,1.609,1.769,1.92,283
2026-08-22,CÁDIZ,g98,1.749,1.951,2.015,116
2026-08-22,CÁDIZ,diesel,1.689,1.872,2.024,287
2026-08-22,CÁDIZ,dieselPlus,1.699,1.97,2.104,174
2026-08-22,CASTELLÓN / CASTELLÓ,g95,1.485,1.707,1.919,187
2026-08-22,CASTELLÓN / CASTELLÓ,diesel,1.659,1.87,2.074,189
2026-08-22,CASTELLÓN / CASTELLÓ,dieselPlus,1.716,2.003,2.109,96
2026-08-22,CASTELLÓN / CASTELLÓ,g98,1.609,1.899,1.999,76
2026-08-22,CIUDAD REAL,g95,1.509,1.704,1.899,192
2026-08-22,CIUDAD REAL,g98,1.629,1.899,2.059,71
2026-08-22,CIUDAD REAL,diesel,1.629,1.859,1.989,213
2026-08-22,CIUDAD REAL,dieselPlus,1.709,1.962,2.095,61
2026-08-22,CÓRDOBA,g95,1.539,1.711,1.839,202
2026-08-22,CÓRDOBA,diesel,1.639,1.891,2.019,207
2026-08-22,CÓRDOBA,g98,1.649,1.872,2.029,67
2026-08-22,CÓRDOBA,dieselPlus,1.749,1.973,2.129,102
2026-08-22,CORUÑA (A),g95,1.599,1.754,1.869,282
2026-08-22,CORUÑA (A),diesel,1.669,1.871,1.989,284
2026-08-22,CORUÑA (A),g98,1.731,1.915,2.039,170
2026-08-22,CORUÑA (A),dieselPlus,1.689,1.943,2.126,165
2026-08-22,CUENCA,g95,1.569,1.755,1.879,103
2026-08-22,CUENCA,diesel,1.666,1.895,2.059,114
2026-08-22,CUENCA,dieselPlus,1.719,2.028,2.135,55
2026-08-22,CUENCA,g98,1.759,1.922,2.029,40
2026-08-22,GIRONA,g95,1.498,1.738,1.909,260
2026-08-22,GIRONA,g98,1.709,1.927,2.079,157
2026-08-22,GIRONA,diesel,1.638,1.867,2.049,270
2026-08-22,GIRONA,dieselPlus,1.658,1.982,2.169,150
2026-08-22,GRANADA,g95,1.519,1.711,1.99,272
2026-08-22,GRANADA,diesel,1.639,1.86,1.993,276
2026-08-22,GRANADA,dieselPlus,1.659,1.969,2.086,166
2026-08-22,GRANADA,g98,1.689,1.894,2.089,149
2026-08-22,GUADALAJARA,g95,1.549,1.749,1.885,87
2026-08-22,GUADALAJARA,diesel,1.719,1.889,1.995,89
2026-08-22,GUADALAJARA,g98,1.699,1.941,2.019,44
2026-08-22,GUADALAJARA,dieselPlus,1.729,1.971,2.084,44
2026-08-22,GIPUZKOA,g95,1.589,1.758,1.835,131
2026-08-22,GIPUZKOA,g98,1.729,1.933,1.999,77
2026-08-22,GIPUZKOA,diesel,1.706,1.899,2.019,144
2026-08-22,GIPUZKOA,dieselPlus,1.757,1.997,2.119,79
2026-08-22,HUELVA,g95,1.517,1.763,1.868,132
2026-08-22,HUELVA,g98,1.78,1.938,2.019,48
2026-08-22,HUELVA,diesel,1.724,1.913,2.139,137
2026-08-22,HUELVA,dieselPlus,1.762,2.011,2.108,59
2026-08-22,HUESCA,g95,1.508,1.72,1.905,113
2026-08-22,HUESCA,g98,1.789,1.901,2.049,53
2026-08-22,HUESCA,diesel,1.594,1.87,2.019,123
2026-08-22,HUESCA,dieselPlus,1.719,1.979,2.135,58
2026-08-22,JAÉN,g95,1.539,1.724,1.839,208
2026-08-22,JAÉN,g98,1.695,1.903,2.299,80
2026-08-22,JAÉN,diesel,1.679,1.901,2.029,212
2026-08-22,JAÉN,dieselPlus,1.769,1.991,2.189,101
2026-08-22,LEÓN,g95,1.579,1.741,1.839,158
2026-08-22,LEÓN,diesel,1.679,1.9,2.004,164
2026-08-22,LEÓN,dieselPlus,1.749,1.98,2.085,114
2026-08-22,LEÓN,g98,1.739,1.899,1.999,95
2026-08-22,LLEIDA,g95,1.4,1.67,1.879,161
2026-08-22,LLEIDA,diesel,1.53,1.819,1.999,177
2026-08-22,LLEIDA,dieselPlus,1.72,1.934,2.1,77
2026-08-22,LLEIDA,g98,1.558,1.86,1.999,77
2026-08-22,RIOJA (LA),g95,1.539,1.722,1.819,75
2026-08-22,RIOJA (LA),diesel,1.639,1.849,1.969,77
2026-08-22,RIOJA (LA),dieselPlus,1.798,1.96,2.035,34
2026-08-22,RIOJA (LA),g98,1.728,1.909,1.959,33
2026-08-22,LUGO,g95,1.599,1.763,1.859,126
2026-08-22,LUGO,diesel,1.659,1.902,1.999,128
2026-08-22,LUGO,dieselPlus,1.769,2,2.099,65
2026-08-22,LUGO,g98,1.759,1.926,1.989,59
2026-08-22,MADRID,g95,1.559,1.748,1.939,847
2026-08-22,MADRID,g98,1.709,1.936,2.239,414
2026-08-22,MADRID,diesel,1.679,1.886,2.059,852
2026-08-22,MADRID,dieselPlus,1.699,1.97,2.129,448
2026-08-22,MÁLAGA,g95,1.555,1.767,1.874,300
2026-08-22,MÁLAGA,diesel,1.698,1.912,2.025,303
2026-08-22,MÁLAGA,dieselPlus,1.769,2.012,2.114,208
2026-08-22,MÁLAGA,g98,1.729,1.938,2.014,163
2026-08-22,MURCIA,g95,1.498,1.72,2.019,427
2026-08-22,MURCIA,diesel,1.568,1.851,2.139,451
2026-08-22,MURCIA,dieselPlus,1.598,1.923,2.069,232
2026-08-22,MURCIA,g98,1.568,1.881,2.129,234
2026-08-22,NAVARRA,g95,1.495,1.697,1.839,208
2026-08-22,NAVARRA,diesel,1.65,1.823,1.989,231
2026-08-22,NAVARRA,dieselPlus,1.718,1.938,2.079,95
2026-08-22,NAVARRA,g98,1.689,1.924,2.059,61
2026-08-22,OURENSE,g95,1.599,1.755,1.889,87
2026-08-22,OURENSE,g98,1.729,1.898,2.019,62
2026-08-22,OURENSE,diesel,1.737,1.909,1.999,87
2026-08-22,OURENSE,dieselPlus,1.757,1.981,2.069,57
2026-08-22,ASTURIAS,g95,1.599,1.782,1.899,224
2026-08-22,ASTURIAS,diesel,1.709,1.917,2.019,238
2026-08-22,ASTURIAS,dieselPlus,1.739,1.998,2.095,159
2026-08-22,ASTURIAS,g98,1.769,1.936,2.069,141
2026-08-22,PALENCIA,g95,1.587,1.787,1.909,66
2026-08-22,PALENCIA,diesel,1.717,1.935,2.009,68
2026-08-22,PALENCIA,dieselPlus,1.799,2.031,2.109,45
2026-08-22,PALENCIA,g98,1.788,1.959,2.019,38
2026-08-22,PALMAS (LAS),g95,1.244,1.429,1.549,256
2026-08-22,PALMAS (LAS),g98,1.345,1.568,1.689,225
2026-08-22,PALMAS (LAS),diesel,1.417,1.528,1.68,256
2026-08-22,PALMAS (LAS),dieselPlus,1.458,1.636,1.729,154
2026-08-22,PONTEVEDRA,g95,1.599,1.741,1.879,224
2026-08-22,PONTEVEDRA,diesel,1.679,1.883,1.995,225
2026-08-22,PONTEVEDRA,dieselPlus,1.689,1.993,2.115,142
2026-08-22,PONTEVEDRA,g98,1.699,1.911,2.059,135
2026-08-22,SALAMANCA,g95,1.571,1.729,1.859,102
2026-08-22,SALAMANCA,diesel,1.699,1.873,1.989,106
2026-08-22,SALAMANCA,dieselPlus,1.737,1.978,2.089,60
2026-08-22,SALAMANCA,g98,1.737,1.896,1.999,51
2026-08-22,SANTA CRUZ DE TENERIFE,g95,1.275,1.473,1.669,240
2026-08-22,SANTA CRUZ DE TENERIFE,g98,1.345,1.606,1.869,226
2026-08-22,SANTA CRUZ DE TENERIFE,diesel,1.419,1.583,1.809,239
2026-08-22,SANTA CRUZ DE TENERIFE,dieselPlus,1.449,1.69,1.899,128
2026-08-22,CANTABRIA,g95,1.589,1.76,1.859,165
2026-08-22,CANTABRIA,g98,1.729,1.93,2.029,85
2026-08-22,CANTABRIA,diesel,1.699,1.888,2.019,165
2026-08-22,CANTABRIA,dieselPlus,1.719,1.941,2.109,81
2026-08-22,SEGOVIA,g95,1.629,1.757,1.859,75
2026-08-22,SEGOVIA,diesel,1.749,1.897,2.028,76
2026-08-22,SEGOVIA,dieselPlus,1.799,1.978,2.084,43
2026-08-22,SEGOVIA,g98,1.799,1.938,2.057,37
2026-08-22,SEVILLA,g95,1.535,1.703,1.879,433
2026-08-22,SEVILLA,diesel,1.629,1.864,2.074,440
2026-08-22,SEVILLA,dieselPlus,1.735,1.98,2.174,233
2026-08-22,SEVILLA,g98,1.649,1.903,2.219,145
2026-08-22,SORIA,g95,1.6,1.724,1.869,42
2026-08-22,SORIA,g98,1.699,1.914,1.975,17
2026-08-22,SORIA,diesel,1.668,1.855,1.979,41
2026-08-22,SORIA,dieselPlus,1.7,1.937,2.085,20
2026-08-22,TARRAGONA,g95,1.465,1.716,1.905,212
2026-08-22,TARRAGONA,diesel,1.669,1.847,2.019,222
2026-08-22,TARRAGONA,g98,1.699,1.904,2.049,122
2026-08-22,TARRAGONA,dieselPlus,1.739,1.962,2.105,121
2026-08-22,TERUEL,g95,1.514,1.716,1.829,62
2026-08-22,TERUEL,diesel,1.665,1.858,1.969,67
2026-08-22,TERUEL,dieselPlus,1.785,1.994,2.059,31
2026-08-22,TERUEL,g98,1.54,1.888,1.999,30
2026-08-22,TOLEDO,g95,1.569,1.749,2.004,237
2026-08-22,TOLEDO,g98,1.677,1.934,2.134,117
2026-08-22,TOLEDO,diesel,1.619,1.889,2.169,239
2026-08-22,TOLEDO,dieselPlus,1.659,1.965,2.274,115
2026-08-22,VALENCIA / VALÈNCIA,g95,1.529,1.721,1.895,609
2026-08-22,VALENCIA / VALÈNCIA,diesel,1.619,1.83,2.066,623
2026-08-22,VALENCIA / VALÈNCIA,g98,1.599,1.924,2.08,276
2026-08-22,VALENCIA / VALÈNCIA,dieselPlus,1.669,1.939,2.117,310
2026-08-22,VALLADOLID,g95,1.587,1.748,1.875,144
2026-08-22,VALLADOLID,diesel,1.669,1.876,2.015,149
2026-08-22,VALLADOLID,dieselPlus,1.679,1.98,2.109,78
2026-08-22,VALLADOLID,g98,1.729,1.967,2.099,70
2026-08-22,BIZKAIA,g95,1.544,1.753,1.875,125
2026-08-22,BIZKAIA,g98,1.709,1.927,2.005,67
2026-08-22,BIZKAIA,diesel,1.664,1.881,1.985,126
2026-08-22,BIZKAIA,dieselPlus,1.719,1.919,2.074,45
2026-08-22,ZAMORA,g95,1.57,1.733,1.869,79
2026-08-22,ZAMORA,g98,1.699,1.906,2.089,44
2026-08-22,ZAMORA,diesel,1.679,1.872,1.989,85
2026-08-22,ZAMORA,dieselPlus,1.699,1.992,2.109,50
2026-08-22,ZARAGOZA,g95,1.509,1.731,1.869,217
2026-08-22,ZARAGOZA,g98,1.559,1.926,1.999,94
2026-08-22,ZARAGOZA,diesel,1.65,1.856,1.969,229
2026-08-22,ZARAGOZA,dieselPlus,1.729,1.927,2.039,86
2026-08-22,CEUTA,g95,1.549,1.563,1.568,10
2026-08-22,CEUTA,g98,1.589,1.595,1.598,8
2026-08-22,CEUTA,diesel,1.679,1.694,1.699,10
2026-08-22,CEUTA,dieselPlus,1.719,1.741,1.754,4
2026-08-22,MELILLA,g95,1.464,1.465,1.465,12
2026-08-22,MELILLA,diesel,1.425,1.426,1.428,12
2026-08-22,MELILLA,dieselPlus,1.467,1.474,1.498,8
2026-08-23,ARABA/ÁLAVA,g95,1.538,1.745,1.899,68
2026-08-23,ARABA/ÁLAVA,diesel,1.679,1.876,2.039,72
2026-08-23,ARABA/ÁLAVA,dieselPlus,1.757,1.967,2.139,36
2026-08-23,ARABA/ÁLAVA,g98,1.749,1.916,2.009,38
2026-08-23,ALBACETE,g95,1.509,1.725,1.899,140
2026-08-23,ALBACETE,diesel,1.499,1.888,2.021,148
2026-08-23,ALBACETE,dieselPlus,1.729,2.009,2.119,68
2026-08-23,ALBACETE,g98,1.599,1.912,1.999,64
2026-08-23,ALICANTE,g95,1.549,1.764,1.899,473
2026-08-23,ALICANTE,diesel,1.629,1.864,1.989,477
2026-08-23,ALICANTE,g98,1.669,1.941,2.029,259
2026-08-23,ALICANTE,dieselPlus,1.649,1.972,2.119,275
2026-08-23,ALMERÍA,g95,1.499,1.7,1.919,216
2026-08-23,ALMERÍA,g98,1.624,1.89,2.059,93
2026-08-23,ALMERÍA,diesel,1.669,1.84,2.029,227
2026-08-23,ALMERÍA,dieselPlus,1.679,1.946,2.129,119
2026-08-23,ÁVILA,g95,1.659,1.766,1.899,69
2026-08-23,ÁVILA,diesel,1.769,1.927,2.005,70
2026-08-23,ÁVILA,dieselPlus,1.843,2.02,2.105,45
2026-08-23,ÁVILA,g98,1.739,1.905,2.059,33
2026-08-23,BADAJOZ,diesel,1.399,1.871,2.199,272
2026-08-23,BADAJOZ,g95,1.499,1.724,2.039,237
2026-08-23,BADAJOZ,dieselPlus,1.739,1.974,2.259,127
2026-08-23,BADAJOZ,g98,1.699,1.919,2.259,66
2026-08-23,BALEARS (ILLES),g95,1.688,1.827,2.149,215
2026-08-23,BALEARS (ILLES),diesel,1.839,1.979,2.199,215
2026-08-23,BALEARS (ILLES),dieselPlus,1.838,2.056,2.224,101
2026-08-23,BALEARS (ILLES),g98,1.859,1.962,2.039,126
2026-08-23,BARCELONA,g95,1.459,1.691,1.869,766
2026-08-23,BARCELONA,diesel,1.649,1.861,2.014,774
2026-08-23,BARCELONA,dieselPlus,1.689,1.943,2.309,387
2026-08-23,BARCELONA,g98,1.553,1.876,2.079,433
2026-08-23,BURGOS,g95,1.559,1.766,1.95,134
2026-08-23,BURGOS,g98,1.71,1.939,1.999,57
2026-08-23,BURGOS,diesel,1.679,1.872,1.998,138
2026-08-23,BURGOS,dieselPlus,1.689,1.95,2.049,77
2026-08-23,CÁCERES,g95,1.559,1.746,1.869,147
2026-08-23,CÁCERES,diesel,1.7,1.919,2.039,159
2026-08-23,CÁCERES,g98,1.829,1.943,2.098,46
2026-08-23,CÁCERES,dieselPlus,1.739,2.03,2.124,81
2026-08-23,CÁDIZ,g95,1.609,1.77,1.92,283
2026-08-23,CÁDIZ,g98,1.749,1.951,2.015,116
2026-08-23,CÁDIZ,diesel,1.689,1.874,2.024,287
2026-08-23,CÁDIZ,dieselPlus,1.699,1.97,2.104,174
2026-08-23,CASTELLÓN / CASTELLÓ,g95,1.485,1.709,1.919,187
2026-08-23,CASTELLÓN / CASTELLÓ,diesel,1.659,1.871,2.074,189
2026-08-23,CASTELLÓN / CASTELLÓ,dieselPlus,1.716,2.003,2.109,96
2026-08-23,CASTELLÓN / CASTELLÓ,g98,1.609,1.899,1.999,76
2026-08-23,CIUDAD REAL,g95,1.509,1.705,1.899,192
2026-08-23,CIUDAD REAL,g98,1.629,1.899,2.059,71
2026-08-23,CIUDAD REAL,diesel,1.629,1.86,1.989,213
2026-08-23,CIUDAD REAL,dieselPlus,1.709,1.962,2.095,61
2026-08-23,CÓRDOBA,g95,1.539,1.712,1.839,202
2026-08-23,CÓRDOBA,diesel,1.639,1.892,2.019,207
2026-08-23,CÓRDOBA,g98,1.649,1.872,2.029,67
2026-08-23,CÓRDOBA,dieselPlus,1.749,1.973,2.129,102
2026-08-23,CORUÑA (A),g95,1.599,1.756,1.869,282
2026-08-23,CORUÑA (A),diesel,1.669,1.873,1.989,284
2026-08-23,CORUÑA (A),g98,1.731,1.915,2.039,170
2026-08-23,CORUÑA (A),dieselPlus,1.689,1.943,2.126,165
2026-08-23,CUENCA,g95,1.569,1.756,1.889,103
2026-08-23,CUENCA,diesel,1.666,1.895,2.059,114
2026-08-23,CUENCA,dieselPlus,1.719,2.028,2.135,55
2026-08-23,CUENCA,g98,1.759,1.922,2.029,40
2026-08-23,GIRONA,g95,1.498,1.739,1.909,260
2026-08-23,GIRONA,g98,1.709,1.927,2.079,157
2026-08-23,GIRONA,diesel,1.638,1.867,2.049,270
2026-08-23,GIRONA,dieselPlus,1.658,1.982,2.169,150
2026-08-23,GRANADA,g95,1.519,1.713,1.99,273
2026-08-23,GRANADA,diesel,1.639,1.862,1.993,277
2026-08-23,GRANADA,dieselPlus,1.659,1.969,2.086,167
2026-08-23,GRANADA,g98,1.689,1.894,2.089,150
2026-08-23,GUADALAJARA,g95,1.549,1.751,1.885,87
2026-08-23,GUADALAJARA,diesel,1.719,1.89,1.995,89
2026-08-23,GUADALAJARA,g98,1.699,1.94,2.019,44
2026-08-23,GUADALAJARA,dieselPlus,1.729,1.971,2.084,44
2026-08-23,GIPUZKOA,g95,1.589,1.759,1.835,131
2026-08-23,GIPUZKOA,g98,1.729,1.933,1.999,77
2026-08-23,GIPUZKOA,diesel,1.706,1.9,2.019,144
2026-08-23,GIPUZKOA,dieselPlus,1.757,1.997,2.119,79
2026-08-23,HUELVA,g95,1.517,1.763,1.868,132
2026-08-23,HUELVA,g98,1.78,1.938,2.019,48
2026-08-23,HUELVA,diesel,1.724,1.913,2.139,137
2026-08-23,HUELVA,dieselPlus,1.762,2.011,2.108,59
2026-08-23,HUESCA,g95,1.508,1.72,1.905,113
2026-08-23,HUESCA,g98,1.789,1.901,2.049,53
2026-08-23,HUESCA,diesel,1.594,1.87,2.019,123
2026-08-23,HUESCA,dieselPlus,1.719,1.979,2.135,58
2026-08-23,JAÉN,g95,1.539,1.725,1.839,208
2026-08-23,JAÉN,g98,1.695,1.903,2.299,80
2026-08-23,JAÉN,diesel,1.679,1.903,2.029,212
2026-08-23,JAÉN,dieselPlus,1.769,1.991,2.189,101
2026-08-23,LEÓN,g95,1.579,1.742,1.839,158
2026-08-23,LEÓN,diesel,1.679,1.901,2.004,164
2026-08-23,LEÓN,dieselPlus,1.749,1.98,2.085,114
2026-08-23,LEÓN,g98,1.739,1.899,1.999,95
2026-08-23,LLEIDA,g95,1.4,1.67,1.879,161
2026-08-23,LLEIDA,diesel,1.53,1.819,1.999,177
2026-08-23,LLEIDA,dieselPlus,1.72,1.934,2.1,77
2026-08-23,LLEIDA,g98,1.558,1.86,1.999,77
2026-08-23,RIOJA (LA),g95,1.539,1.724,1.825,75
2026-08-23,RIOJA (LA),diesel,1.639,1.851,1.969,77
2026-08-23,RIOJA (LA),dieselPlus,1.798,1.96,2.035,34
2026-08-23,RIOJA (LA),g98,1.728,1.909,1.959,33
2026-08-23,LUGO,g95,1.599,1.764,1.859,126
2026-08-23,LUGO,diesel,1.659,1.903,1.999,128
2026-08-23,LUGO,dieselPlus,1.769,2,2.099,65
2026-08-23,LUGO,g98,1.759,1.926,1.989,59
2026-08-23,MADRID,g95,1.559,1.75,1.939,848
2026-08-23,MADRID,g98,1.709,1.936,2.239,414
2026-08-23,MADRID,diesel,1.679,1.888,2.059,853
2026-08-23,MADRID,dieselPlus,1.699,1.97,2.129,448
2026-08-23,MÁLAGA,g95,1.555,1.767,1.874,301
2026-08-23,MÁLAGA,diesel,1.698,1.913,2.025,304
2026-08-23,MÁLAGA,dieselPlus,1.769,2.012,2.114,208
2026-08-23,MÁLAGA,g98,1.729,1.937,2.014,163
2026-08-23,MURCIA,g95,1.498,1.72,2.019,427
2026-08-23,MURCIA,diesel,1.568,1.851,2.139,451
2026-08-23,MURCIA,dieselPlus,1.598,1.924,2.069,232
2026-08-23,MURCIA,g98,1.568,1.882,2.129,234
2026-08-23,NAVARRA,g95,1.497,1.697,1.839,211
2026-08-23,NAVARRA,diesel,1.65,1.823,1.989,234
2026-08-23,NAVARRA,dieselPlus,1.718,1.937,2.079,96
2026-08-23,NAVARRA,g98,1.689,1.924,2.059,61
2026-08-23,OURENSE,g95,1.599,1.757,1.889,87
2026-08-23,OURENSE,g98,1.729,1.9,2.025,62
2026-08-23,OURENSE,diesel,1.737,1.911,1.999,87
2026-08-23,OURENSE,dieselPlus,1.757,1.981,2.069,57
2026-08-23,ASTURIAS,g95,1.599,1.782,1.899,224
2026-08-23,ASTURIAS,diesel,1.709,1.918,2.019,238
2026-08-23,ASTURIAS,dieselPlus,1.739,1.999,2.095,159
2026-08-23,ASTURIAS,g98,1.769,1.937,2.069,141
2026-08-23,PALENCIA,g95,1.587,1.787,1.909,66
2026-08-23,PALENCIA,diesel,1.717,1.935,2.009,68
2026-08-23,PALENCIA,dieselPlus,1.799,2.031,2.109,45
2026-08-23,PALENCIA,g98,1.788,1.959,2.019,38
2026-08-23,PALMAS (LAS),g95,1.244,1.43,1.549,256
2026-08-23,PALMAS (LAS),g98,1.345,1.568,1.689,225
2026-08-23,PALMAS (LAS),diesel,1.419,1.53,1.68,256
2026-08-23,PALMAS (LAS),dieselPlus,1.458,1.636,1.729,154
2026-08-23,PONTEVEDRA,g95,1.609,1.744,1.879,224
2026-08-23,PONTEVEDRA,diesel,1.679,1.886,1.995,225
2026-08-23,PONTEVEDRA,dieselPlus,1.689,1.993,2.115,142
2026-08-23,PONTEVEDRA,g98,1.699,1.911,2.059,135
2026-08-23,SALAMANCA,g95,1.571,1.73,1.859,102
2026-08-23,SALAMANCA,diesel,1.699,1.874,1.989,106
2026-08-23,SALAMANCA,dieselPlus,1.737,1.978,2.089,60
2026-08-23,SALAMANCA,g98,1.737,1.896,1.999,51
2026-08-23,SANTA CRUZ DE TENERIFE,g95,1.275,1.474,1.669,240
2026-08-23,SANTA CRUZ DE TENERIFE,g98,1.345,1.607,1.869,226
2026-08-23,SANTA CRUZ DE TENERIFE,diesel,1.429,1.584,1.809,239
2026-08-23,SANTA CRUZ DE TENERIFE,dieselPlus,1.449,1.69,1.899,128
2026-08-23,CANTABRIA,g95,1.589,1.762,1.859,165
2026-08-23,CANTABRIA,g98,1.729,1.93,2.029,85
2026-08-23,CANTABRIA,diesel,1.699,1.89,2.019,165
2026-08-23,CANTABRIA,dieselPlus,1.719,1.942,2.109,81
2026-08-23,SEGOVIA,g95,1.629,1.758,1.859,75
2026-08-23,SEGOVIA,diesel,1.749,1.897,2.028,76
2026-08-23,SEGOVIA,dieselPlus,1.799,1.978,2.084,43
2026-08-23,SEGOVIA,g98,1.799,1.938,2.057,37
2026-08-23,SEVILLA,g95,1.535,1.705,1.879,432
2026-08-23,SEVILLA,diesel,1.629,1.866,2.074,439
2026-08-23,SEVILLA,dieselPlus,1.735,1.981,2.174,232
2026-08-23,SEVILLA,g98,1.649,1.903,2.219,145
2026-08-23,SORIA,g95,1.6,1.725,1.879,42
2026-08-23,SORIA,g98,1.699,1.915,1.975,17
2026-08-23,SORIA,diesel,1.668,1.856,1.979,41
2026-08-23,SORIA,dieselPlus,1.7,1.937,2.085,20
2026-08-23,TARRAGONA,g95,1.465,1.717,1.905,212
2026-08-23,TARRAGONA,diesel,1.669,1.847,2.019,222
2026-08-23,TARRAGONA,g98,1.699,1.904,2.049,122
2026-08-23,TARRAGONA,dieselPlus,1.739,1.962,2.105,121
2026-08-23,TERUEL,g95,1.514,1.716,1.829,62
2026-08-23,TERUEL,diesel,1.665,1.858,1.969,67
2026-08-23,TERUEL,dieselPlus,1.785,1.994,2.059,31
2026-08-23,TERUEL,g98,1.54,1.888,1.999,30
2026-08-23,TOLEDO,g95,1.569,1.751,2.004,237
2026-08-23,TOLEDO,g98,1.677,1.934,2.134,117
2026-08-23,TOLEDO,diesel,1.619,1.891,2.169,239
2026-08-23,TOLEDO,dieselPlus,1.659,1.965,2.274,115
2026-08-23,VALENCIA / VALÈNCIA,g95,1.529,1.722,1.895,610
2026-08-23,VALENCIA / VALÈNCIA,g98,1.599,1.924,2.08,276
2026-08-23,VALENCIA / VALÈNCIA,diesel,1.619,1.832,2.066,624
2026-08-23,VALENCIA / VALÈNCIA,dieselPlus,1.669,1.939,2.117,310
2026-08-23,VALLADOLID,g95,1.587,1.75,1.875,144
2026-08-23,VALLADOLID,diesel,1.669,1.877,2.015,149
2026-08-23,VALLADOLID,dieselPlus,1.679,1.981,2.109,78
2026-08-23,VALLADOLID,g98,1.729,1.967,2.099,70
2026-08-23,BIZKAIA,g95,1.544,1.753,1.875,125
2026-08-23,BIZKAIA,g98,1.709,1.927,2.005,67
2026-08-23,BIZKAIA,diesel,1.664,1.881,1.985,126
2026-08-23,BIZKAIA,dieselPlus,1.719,1.919,2.074,45
2026-08-23,ZAMORA,g95,1.57,1.734,1.869,78
2026-08-23,ZAMORA,g98,1.699,1.907,2.089,44
2026-08-23,ZAMORA,diesel,1.679,1.873,1.989,84
2026-08-23,ZAMORA,dieselPlus,1.699,1.993,2.109,50
2026-08-23,ZARAGOZA,g95,1.509,1.731,1.869,217
2026-08-23,ZARAGOZA,g98,1.559,1.926,1.999,94
2026-08-23,ZARAGOZA,diesel,1.65,1.856,1.969,229
2026-08-23,ZARAGOZA,dieselPlus,1.729,1.927,2.039,86
2026-08-23,CEUTA,g95,1.549,1.563,1.568,10
2026-08-23,CEUTA,g98,1.589,1.595,1.598,8
2026-08-23,CEUTA,diesel,1.679,1.694,1.699,10
2026-08-23,CEUTA,dieselPlus,1.719,1.741,1.754,4
2026-08-23,MELILLA,g95,1.464,1.465,1.465,12
2026-08-23,MELILLA,diesel,1.425,1.426,1.428,12
2026-08-23,MELILLA,dieselPlus,1.467,1.474,1.498,8
2026-08-24,ARABA/ÁLAVA,g95,1.569,1.748,1.899,68
2026-08-24,ARABA/ÁLAVA,diesel,1.69,1.878,2.039,72
2026-08-24,ARABA/ÁLAVA,dieselPlus,1.757,1.967,2.139,36
2026-08-24,ARABA/ÁLAVA,g98,1.749,1.916,2.009,38
2026-08-24,ALBACETE,g95,1.519,1.726,1.899,141
2026-08-24,ALBACETE,diesel,1.499,1.89,2.021,150
2026-08-24,ALBACETE,dieselPlus,1.729,2.011,2.119,68
2026-08-24,ALBACETE,g98,1.609,1.912,1.999,64
2026-08-24,ALICANTE,g95,1.549,1.766,1.899,473
2026-08-24,ALICANTE,diesel,1.637,1.866,1.989,477
2026-08-24,ALICANTE,g98,1.699,1.942,2.025,259
2026-08-24,ALICANTE,dieselPlus,1.657,1.975,2.119,275
2026-08-24,ALMERÍA,g95,1.499,1.7,1.919,216
2026-08-24,ALMERÍA,g98,1.624,1.89,2.059,93
2026-08-24,ALMERÍA,diesel,1.669,1.841,2.029,227
2026-08-24,ALMERÍA,dieselPlus,1.679,1.947,2.129,119
2026-08-24,ÁVILA,g95,1.659,1.767,1.899,69
2026-08-24,ÁVILA,diesel,1.769,1.929,2.005,70
2026-08-24,ÁVILA,dieselPlus,1.843,2.023,2.105,45
2026-08-24,ÁVILA,g98,1.739,1.908,2.059,33
2026-08-24,BADAJOZ,diesel,1.399,1.875,2.199,273
2026-08-24,BADAJOZ,g95,1.499,1.727,2.039,238
2026-08-24,BADAJOZ,dieselPlus,1.739,1.977,2.259,128
2026-08-24,BADAJOZ,g98,1.699,1.922,2.259,67
2026-08-24,BALEARS (ILLES),g95,1.688,1.83,2.149,215
2026-08-24,BALEARS (ILLES),diesel,1.849,1.982,2.199,215
2026-08-24,BALEARS (ILLES),dieselPlus,1.838,2.058,2.224,101
2026-08-24,BALEARS (ILLES),g98,1.859,1.964,2.039,126
2026-08-24,BARCELONA,g95,1.459,1.692,1.869,767
2026-08-24,BARCELONA,diesel,1.649,1.864,2.014,775
2026-08-24,BARCELONA,dieselPlus,1.689,1.945,2.309,388
2026-08-24,BARCELONA,g98,1.558,1.876,2.079,434
2026-08-24,BURGOS,g95,1.559,1.768,1.96,134
2026-08-24,BURGOS,g98,1.76,1.941,1.999,57
2026-08-24,BURGOS,diesel,1.679,1.873,1.998,138
2026-08-24,BURGOS,dieselPlus,1.689,1.952,2.049,77
2026-08-24,CÁCERES,g95,1.559,1.747,1.869,147
2026-08-24,CÁCERES,diesel,1.7,1.92,2.039,159
2026-08-24,CÁCERES,g98,1.739,1.94,2.098,46
2026-08-24,CÁCERES,dieselPlus,1.739,2.031,2.124,81
2026-08-24,CÁDIZ,g95,1.614,1.772,1.92,283
2026-08-24,CÁDIZ,g98,1.769,1.952,2.019,116
2026-08-24,CÁDIZ,diesel,1.689,1.877,2.024,287
2026-08-24,CÁDIZ,dieselPlus,1.699,1.973,2.104,174
2026-08-24,CASTELLÓN / CASTELLÓ,g95,1.485,1.713,1.919,187
2026-08-24,CASTELLÓN / CASTELLÓ,diesel,1.659,1.877,2.074,189
2026-08-24,CASTELLÓN / CASTELLÓ,dieselPlus,1.716,2.005,2.109,96
2026-08-24,CASTELLÓN / CASTELLÓ,g98,1.609,1.898,1.999,76
2026-08-24,CIUDAD REAL,g95,1.509,1.707,1.899,192
2026-08-24,CIUDAD REAL,g98,1.659,1.9,2.059,71
2026-08-24,CIUDAD REAL,diesel,1.659,1.862,1.989,213
2026-08-24,CIUDAD REAL,dieselPlus,1.709,1.963,2.095,61
2026-08-24,CÓRDOBA,g95,1.539,1.714,1.839,202
2026-08-24,CÓRDOBA,diesel,1.639,1.896,2.019,207
2026-08-24,CÓRDOBA,g98,1.649,1.873,2.029,67
2026-08-24,CÓRDOBA,dieselPlus,1.759,1.977,2.129,102
2026-08-24,CORUÑA (A),g95,1.599,1.757,1.879,282
2026-08-24,CORUÑA (A),diesel,1.669,1.874,1.999,284
2026-08-24,CORUÑA (A),g98,1.731,1.917,2.039,170
2026-08-24,CORUÑA (A),dieselPlus,1.709,1.947,2.126,165
2026-08-24,CUENCA,g95,1.569,1.757,1.909,104
2026-08-24,CUENCA,diesel,1.666,1.897,2.059,115
2026-08-24,CUENCA,dieselPlus,1.719,2.032,2.135,55
2026-08-24,CUENCA,g98,1.759,1.925,2.029,40
2026-08-24,GIRONA,g95,1.498,1.74,1.909,260
2026-08-24,GIRONA,g98,1.709,1.929,2.079,157
2026-08-24,GIRONA,diesel,1.638,1.868,2.049,270
2026-08-24,GIRONA,dieselPlus,1.658,1.984,2.169,150
2026-08-24,GRANADA,g95,1.415,1.713,1.99,274
2026-08-24,GRANADA,diesel,1.639,1.864,1.993,278
2026-08-24,GRANADA,dieselPlus,1.659,1.972,2.086,168
2026-08-24,GRANADA,g98,1.689,1.896,2.089,151
2026-08-24,GUADALAJARA,g95,1.549,1.752,1.885,87
2026-08-24,GUADALAJARA,diesel,1.719,1.893,1.995,89
2026-08-24,GUADALAJARA,g98,1.709,1.941,2.019,44
2026-08-24,GUADALAJARA,dieselPlus,1.729,1.974,2.084,44
2026-08-24,GIPUZKOA,g95,1.589,1.761,1.849,131
2026-08-24,GIPUZKOA,g98,1.759,1.933,1.999,77
2026-08-24,GIPUZKOA,diesel,1.709,1.906,2.019,144
2026-08-24,GIPUZKOA,dieselPlus,1.757,1.999,2.119,79
2026-08-24,HUELVA,g95,1.517,1.764,1.874,134
2026-08-24,HUELVA,g98,1.78,1.941,2.035,48
2026-08-24,HUELVA,diesel,1.724,1.915,2.139,139
2026-08-24,HUELVA,dieselPlus,1.762,2.012,2.108,60
2026-08-24,HUESCA,g95,1.521,1.724,1.885,113
2026-08-24,HUESCA,g98,1.795,1.904,2.029,53
2026-08-24,HUESCA,diesel,1.594,1.876,1.999,123
2026-08-24,HUESCA,dieselPlus,1.74,1.984,2.129,58
2026-08-24,JAÉN,g95,1.539,1.727,1.839,208
2026-08-24,JAÉN,g98,1.695,1.905,2.299,80
2026-08-24,JAÉN,diesel,1.679,1.905,2.029,212
2026-08-24,JAÉN,dieselPlus,1.769,1.995,2.189,101
2026-08-24,LEÓN,g95,1.599,1.744,1.854,158
2026-08-24,LEÓN,diesel,1.699,1.903,2.014,164
2026-08-24,LEÓN,dieselPlus,1.767,1.982,2.094,114
2026-08-24,LEÓN,g98,1.759,1.9,1.999,95
2026-08-24,LLEIDA,g95,1.4,1.675,1.879,162
2026-08-24,LLEIDA,diesel,1.53,1.825,1.999,178
2026-08-24,LLEIDA,dieselPlus,1.72,1.936,2.1,78
2026-08-24,LLEIDA,g98,1.563,1.863,1.999,78
2026-08-24,RIOJA (LA),g95,1.539,1.723,1.825,78
2026-08-24,RIOJA (LA),diesel,1.639,1.854,1.985,81
2026-08-24,RIOJA (LA),dieselPlus,1.798,1.955,2.035,38
2026-08-24,RIOJA (LA),g98,1.728,1.903,1.969,36
2026-08-24,LUGO,g95,1.599,1.768,1.859,126
2026-08-24,LUGO,diesel,1.649,1.907,2.004,128
2026-08-24,LUGO,dieselPlus,1.799,2.003,2.099,65
2026-08-24,LUGO,g98,1.759,1.926,1.989,59
2026-08-24,MADRID,g95,1.569,1.752,1.939,849
2026-08-24,MADRID,g98,1.709,1.936,2.239,414
2026-08-24,MADRID,diesel,1.679,1.891,2.069,854
2026-08-24,MADRID,dieselPlus,1.699,1.973,2.129,449
2026-08-24,MÁLAGA,g95,1.555,1.771,2.099,302
2026-08-24,MÁLAGA,diesel,1.698,1.916,2.149,306
2026-08-24,MÁLAGA,dieselPlus,1.769,2.015,2.114,209
2026-08-24,MÁLAGA,g98,1.729,1.937,2.024,164
2026-08-24,MURCIA,g95,1.498,1.722,2.019,429
2026-08-24,MURCIA,diesel,1.568,1.854,2.139,452
2026-08-24,MURCIA,dieselPlus,1.598,1.926,2.069,233
2026-08-24,MURCIA,g98,1.568,1.883,2.129,234
2026-08-24,NAVARRA,g95,1.495,1.699,1.839,211
2026-08-24,NAVARRA,diesel,1.539,1.824,1.989,235
2026-08-24,NAVARRA,dieselPlus,1.718,1.938,2.079,96
2026-08-24,NAVARRA,g98,1.649,1.92,2.059,62
2026-08-24,OURENSE,g95,1.619,1.758,1.889,87
2026-08-24,OURENSE,g98,1.729,1.902,2.025,62
2026-08-24,OURENSE,diesel,1.757,1.912,1.999,87
2026-08-24,OURENSE,dieselPlus,1.777,1.984,2.069,57
2026-08-24,ASTURIAS,g95,1.599,1.784,1.909,224
2026-08-24,ASTURIAS,diesel,1.709,1.92,2.019,238
2026-08-24,ASTURIAS,dieselPlus,1.759,2.002,2.099,159
2026-08-24,ASTURIAS,g98,1.769,1.938,2.079,141
2026-08-24,PALENCIA,g95,1.587,1.788,1.909,66
2026-08-24,PALENCIA,diesel,1.717,1.935,2.009,68
2026-08-24,PALENCIA,dieselPlus,1.809,2.03,2.109,45
2026-08-24,PALENCIA,g98,1.788,1.958,2.019,38
2026-08-24,PALMAS (LAS),g95,1.244,1.43,1.549,256
2026-08-24,PALMAS (LAS),g98,1.345,1.569,1.689,225
2026-08-24,PALMAS (LAS),diesel,1.417,1.533,1.68,256
2026-08-24,PALMAS (LAS),dieselPlus,1.458,1.64,1.729,154
2026-08-24,PONTEVEDRA,g95,1.609,1.744,1.919,223
2026-08-24,PONTEVEDRA,diesel,1.679,1.887,1.999,225
2026-08-24,PONTEVEDRA,dieselPlus,1.689,1.994,2.115,142
2026-08-24,PONTEVEDRA,g98,1.699,1.911,2.099,135
2026-08-24,SALAMANCA,g95,1.579,1.731,1.859,102
2026-08-24,SALAMANCA,diesel,1.689,1.877,1.989,106
2026-08-24,SALAMANCA,dieselPlus,1.757,1.982,2.089,60
2026-08-24,SALAMANCA,g98,1.748,1.897,1.999,51
2026-08-24,SANTA CRUZ DE TENERIFE,g95,1.275,1.475,1.719,240
2026-08-24,SANTA CRUZ DE TENERIFE,g98,1.345,1.608,1.869,226
2026-08-24,SANTA CRUZ DE TENERIFE,diesel,1.419,1.589,1.855,239
2026-08-24,SANTA CRUZ DE TENERIFE,dieselPlus,1.429,1.692,1.899,128
2026-08-24,CANTABRIA,g95,1.589,1.763,1.859,165
2026-08-24,CANTABRIA,g98,1.739,1.929,2.029,85
2026-08-24,CANTABRIA,diesel,1.699,1.892,2.019,166
2026-08-24,CANTABRIA,dieselPlus,1.719,1.948,2.119,81
2026-08-24,SEGOVIA,g95,1.629,1.76,1.859,75
2026-08-24,SEGOVIA,diesel,1.749,1.9,2.034,76
2026-08-24,SEGOVIA,dieselPlus,1.799,1.982,2.114,43
2026-08-24,SEGOVIA,g98,1.799,1.939,2.057,37
2026-08-24,SEVILLA,g95,1.569,1.707,1.879,434
2026-08-24,SEVILLA,diesel,1.629,1.869,2.074,441
2026-08-24,SEVILLA,dieselPlus,1.735,1.985,2.174,232
2026-08-24,SEVILLA,g98,1.649,1.904,2.219,145
2026-08-24,SORIA,g95,1.6,1.725,1.879,42
2026-08-24,SORIA,g98,1.699,1.915,1.975,17
2026-08-24,SORIA,diesel,1.668,1.858,1.984,41
2026-08-24,SORIA,dieselPlus,1.7,1.941,2.085,20
2026-08-24,TARRAGONA,g95,1.465,1.72,1.885,212
2026-08-24,TARRAGONA,diesel,1.669,1.85,2.009,223
2026-08-24,TARRAGONA,g98,1.699,1.905,2.029,122
2026-08-24,TARRAGONA,dieselPlus,1.739,1.964,2.085,121
2026-08-24,TERUEL,g95,1.529,1.718,1.829,62
2026-08-24,TERUEL,diesel,1.665,1.861,1.969,67
2026-08-24,TERUEL,dieselPlus,1.785,1.999,2.059,31
2026-08-24,TERUEL,g98,1.54,1.891,1.999,30
2026-08-24,TOLEDO,g95,1.587,1.753,2.004,237
2026-08-24,TOLEDO,g98,1.677,1.935,2.134,117
2026-08-24,TOLEDO,diesel,1.699,1.895,2.169,239
2026-08-24,TOLEDO,dieselPlus,1.739,1.971,2.274,114
2026-08-24,VALENCIA / VALÈNCIA,g95,1.529,1.723,1.895,611
2026-08-24,VALENCIA / VALÈNCIA,g98,1.599,1.924,2.08,276
2026-08-24,VALENCIA / VALÈNCIA,diesel,1.619,1.833,2.066,625
2026-08-24,VALENCIA / VALÈNCIA,dieselPlus,1.669,1.941,2.117,310
2026-08-24,VALLADOLID,g95,1.587,1.752,1.895,145
2026-08-24,VALLADOLID,diesel,1.669,1.879,2.015,150
2026-08-24,VALLADOLID,dieselPlus,1.679,1.983,2.109,78
2026-08-24,VALLADOLID,g98,1.729,1.967,2.099,70
2026-08-24,BIZKAIA,g95,1.564,1.755,1.889,125
2026-08-24,BIZKAIA,g98,1.709,1.928,2.005,67
2026-08-24,BIZKAIA,diesel,1.684,1.883,1.999,126
2026-08-24,BIZKAIA,dieselPlus,1.719,1.923,2.089,45
2026-08-24,ZAMORA,g95,1.585,1.737,1.869,79
2026-08-24,ZAMORA,g98,1.699,1.907,2.089,44
2026-08-24,ZAMORA,diesel,1.699,1.875,1.989,85
2026-08-24,ZAMORA,dieselPlus,1.719,1.995,2.109,50
2026-08-24,ZARAGOZA,g95,1.509,1.733,1.869,217
2026-08-24,ZARAGOZA,g98,1.559,1.926,1.999,94
2026-08-24,ZARAGOZA,diesel,1.65,1.859,1.969,230
2026-08-24,ZARAGOZA,dieselPlus,1.729,1.932,2.059,86
2026-08-24,CEUTA,g95,1.549,1.563,1.568,10
2026-08-24,CEUTA,g98,1.589,1.595,1.598,8
2026-08-24,CEUTA,diesel,1.679,1.694,1.699,10
2026-08-24,CEUTA,dieselPlus,1.719,1.741,1.754,4
2026-08-24,MELILLA,g95,1.464,1.465,1.465,12
2026-08-24,MELILLA,diesel,1.425,1.431,1.437,12
2026-08-24,MELILLA,dieselPlus,1.477,1.481,1.498,8
2026-08-25,ARABA/ÁLAVA,g95,1.559,1.751,1.899,68
2026-08-25,ARABA/ÁLAVA,diesel,1.679,1.879,2.039,72
2026-08-25,ARABA/ÁLAVA,dieselPlus,1.757,1.969,2.139,36
2026-08-25,ARABA/ÁLAVA,g98,1.749,1.919,2.009,38
2026-08-25,ALBACETE,g95,1.529,1.728,1.899,141
2026-08-25,ALBACETE,diesel,1.499,1.891,2.021,150
2026-08-25,ALBACETE,dieselPlus,1.729,2.013,2.119,68
2026-08-25,ALBACETE,g98,1.609,1.915,1.999,64
2026-08-25,ALICANTE,g95,1.529,1.766,1.899,471
2026-08-25,ALICANTE,diesel,1.637,1.868,1.989,475
2026-08-25,ALICANTE,g98,1.699,1.945,2.029,257
2026-08-25,ALICANTE,dieselPlus,1.697,1.978,2.119,273
2026-08-25,ALMERÍA,g95,1.499,1.702,1.919,216
2026-08-25,ALMERÍA,g98,1.624,1.891,2.059,93
2026-08-25,ALMERÍA,diesel,1.669,1.843,2.029,227
2026-08-25,ALMERÍA,dieselPlus,1.679,1.949,2.129,119
2026-08-25,ÁVILA,g95,1.659,1.768,1.899,69
2026-08-25,ÁVILA,diesel,1.769,1.93,2.009,70
2026-08-25,ÁVILA,dieselPlus,1.843,2.023,2.099,45
2026-08-25,ÁVILA,g98,1.739,1.908,2.059,33
2026-08-25,BADAJOZ,diesel,1.399,1.876,2.199,272
2026-08-25,BADAJOZ,g95,1.499,1.729,2.039,237
2026-08-25,BADAJOZ,dieselPlus,1.739,1.979,2.259,127
2026-08-25,BADAJOZ,g98,1.699,1.923,2.259,67
2026-08-25,BALEARS (ILLES),g95,1.688,1.832,2.149,215
2026-08-25,BALEARS (ILLES),diesel,1.849,1.983,2.199,215
2026-08-25,BALEARS (ILLES),dieselPlus,1.838,2.06,2.224,101
2026-08-25,BALEARS (ILLES),g98,1.859,1.967,2.039,126
2026-08-25,BARCELONA,g95,1.459,1.695,1.869,768
2026-08-25,BARCELONA,diesel,1.649,1.867,2.019,776
2026-08-25,BARCELONA,dieselPlus,1.719,1.947,2.109,388
2026-08-25,BARCELONA,g98,1.558,1.879,2.079,434
2026-08-25,BURGOS,g95,1.559,1.769,1.96,134
2026-08-25,BURGOS,g98,1.759,1.941,1.999,57
2026-08-25,BURGOS,diesel,1.679,1.874,1.999,138
2026-08-25,BURGOS,dieselPlus,1.689,1.951,2.049,77
2026-08-25,CÁCERES,g95,1.559,1.751,1.889,145
2026-08-25,CÁCERES,diesel,1.7,1.924,2.039,157
2026-08-25,CÁCERES,g98,1.829,1.949,2.098,45
2026-08-25,CÁCERES,dieselPlus,1.739,2.036,2.124,78
2026-08-25,CÁDIZ,g95,1.614,1.773,1.93,283
2026-08-25,CÁDIZ,g98,1.769,1.952,2.019,116
2026-08-25,CÁDIZ,diesel,1.689,1.879,2.024,287
2026-08-25,CÁDIZ,dieselPlus,1.699,1.975,2.104,174
2026-08-25,CASTELLÓN / CASTELLÓ,g95,1.485,1.716,1.919,189
2026-08-25,CASTELLÓN / CASTELLÓ,diesel,1.659,1.881,2.074,191
2026-08-25,CASTELLÓN / CASTELLÓ,dieselPlus,1.716,2.009,2.115,98
2026-08-25,CASTELLÓN / CASTELLÓ,g98,1.609,1.9,1.999,76
2026-08-25,CIUDAD REAL,g95,1.509,1.709,1.899,188
2026-08-25,CIUDAD REAL,g98,1.659,1.903,2.059,71
2026-08-25,CIUDAD REAL,diesel,1.659,1.864,1.989,209
2026-08-25,CIUDAD REAL,dieselPlus,1.729,1.965,2.095,57
2026-08-25,CÓRDOBA,g95,1.539,1.716,1.839,202
2026-08-25,CÓRDOBA,diesel,1.639,1.898,2.025,207
2026-08-25,CÓRDOBA,g98,1.649,1.875,2.029,67
2026-08-25,CÓRDOBA,dieselPlus,1.745,1.979,2.129,102
2026-08-25,CORUÑA (A),g95,1.619,1.759,1.879,282
2026-08-25,CORUÑA (A),diesel,1.689,1.874,1.995,284
2026-08-25,CORUÑA (A),g98,1.731,1.92,2.039,170
2026-08-25,CORUÑA (A),dieselPlus,1.709,1.947,2.126,165
2026-08-25,CUENCA,g95,1.569,1.76,1.909,103
2026-08-25,CUENCA,diesel,1.699,1.901,2.059,114
2026-08-25,CUENCA,dieselPlus,1.719,2.034,2.135,55
2026-08-25,CUENCA,g98,1.759,1.927,2.029,40
2026-08-25,GIRONA,g95,1.498,1.744,1.909,258
2026-08-25,GIRONA,g98,1.709,1.931,2.079,157
2026-08-25,GIRONA,diesel,1.638,1.871,2.049,268
2026-08-25,GIRONA,dieselPlus,1.658,1.985,2.169,150
2026-08-25,GRANADA,g95,1.549,1.717,1.99,273
2026-08-25,GRANADA,diesel,1.639,1.866,2,277
2026-08-25,GRANADA,dieselPlus,1.659,1.974,2.093,168
2026-08-25,GRANADA,g98,1.689,1.899,2.089,151
2026-08-25,GUADALAJARA,g95,1.549,1.754,1.885,87
2026-08-25,GUADALAJARA,diesel,1.719,1.895,1.995,89
2026-08-25,GUADALAJARA,g98,1.709,1.943,2.019,44
2026-08-25,GUADALAJARA,dieselPlus,1.729,1.974,2.084,44
2026-08-25,GIPUZKOA,g95,1.589,1.764,1.849,131
2026-08-25,GIPUZKOA,g98,1.759,1.936,1.999,77
2026-08-25,GIPUZKOA,diesel,1.719,1.908,2.019,144
2026-08-25,GIPUZKOA,dieselPlus,1.757,2.001,2.119,79
2026-08-25,HUELVA,g95,1.563,1.766,1.868,135
2026-08-25,HUELVA,g98,1.78,1.943,2.035,48
2026-08-25,HUELVA,diesel,1.739,1.917,2.249,140
2026-08-25,HUELVA,dieselPlus,1.762,2.012,2.114,60
2026-08-25,HUESCA,g95,1.521,1.725,1.885,113
2026-08-25,HUESCA,g98,1.795,1.906,2.029,53
2026-08-25,HUESCA,diesel,1.594,1.88,2.005,123
2026-08-25,HUESCA,dieselPlus,1.74,1.987,2.129,58
2026-08-25,JAÉN,g95,1.539,1.729,1.839,208
2026-08-25,JAÉN,g98,1.695,1.907,2.299,80
2026-08-25,JAÉN,diesel,1.679,1.907,2.029,212
2026-08-25,JAÉN,dieselPlus,1.769,1.997,2.189,101
2026-08-25,LEÓN,g95,1.609,1.746,1.854,158
2026-08-25,LEÓN,diesel,1.709,1.905,2.039,164
2026-08-25,LEÓN,dieselPlus,1.769,1.983,2.105,114
2026-08-25,LEÓN,g98,1.759,1.902,1.999,95
2026-08-25,LLEIDA,g95,1.4,1.677,1.879,165
2026-08-25,LLEIDA,diesel,1.53,1.827,1.999,181
2026-08-25,LLEIDA,dieselPlus,1.713,1.935,2.1,79
2026-08-25,LLEIDA,g98,1.563,1.867,1.999,78
2026-08-25,RIOJA (LA),g95,1.539,1.725,1.825,79
2026-08-25,RIOJA (LA),diesel,1.639,1.856,1.985,81
2026-08-25,RIOJA (LA),dieselPlus,1.792,1.958,2.035,38
2026-08-25,RIOJA (LA),g98,1.738,1.907,1.969,36
2026-08-25,LUGO,g95,1.599,1.771,1.859,124
2026-08-25,LUGO,diesel,1.639,1.91,1.999,126
2026-08-25,LUGO,dieselPlus,1.799,2.007,2.105,64
2026-08-25,LUGO,g98,1.759,1.927,1.989,59
2026-08-25,MADRID,g95,1.559,1.752,1.939,849
2026-08-25,MADRID,g98,1.709,1.938,2.239,414
2026-08-25,MADRID,diesel,1.679,1.89,2.059,854
2026-08-25,MADRID,dieselPlus,1.719,1.972,2.129,449
2026-08-25,MÁLAGA,g95,1.555,1.772,2.099,302
2026-08-25,MÁLAGA,diesel,1.698,1.919,2.149,305
2026-08-25,MÁLAGA,dieselPlus,1.769,2.018,2.114,208
2026-08-25,MÁLAGA,g98,1.729,1.939,2.024,163
2026-08-25,MURCIA,g95,1.539,1.724,2.089,428
2026-08-25,MURCIA,diesel,1.589,1.855,2.249,451
2026-08-25,MURCIA,dieselPlus,1.599,1.925,2.069,233
2026-08-25,MURCIA,g98,1.648,1.886,2.129,233
2026-08-25,NAVARRA,g95,1.515,1.701,1.839,211
2026-08-25,NAVARRA,diesel,1.539,1.825,1.989,235
2026-08-25,NAVARRA,dieselPlus,1.718,1.939,2.079,96
2026-08-25,NAVARRA,g98,1.649,1.923,2.059,62
2026-08-25,OURENSE,g95,1.619,1.76,1.889,87
2026-08-25,OURENSE,g98,1.729,1.904,2.025,62
2026-08-25,OURENSE,diesel,1.757,1.914,1.999,87
2026-08-25,OURENSE,dieselPlus,1.777,1.987,2.069,57
2026-08-25,ASTURIAS,g95,1.599,1.787,1.909,224
2026-08-25,ASTURIAS,diesel,1.709,1.922,2.025,238
2026-08-25,ASTURIAS,dieselPlus,1.759,2.004,2.109,159
2026-08-25,ASTURIAS,g98,1.769,1.94,2.079,141
2026-08-25,PALENCIA,g95,1.617,1.789,1.909,66
2026-08-25,PALENCIA,diesel,1.757,1.936,2.015,68
2026-08-25,PALENCIA,dieselPlus,1.809,2.029,2.115,45
2026-08-25,PALENCIA,g98,1.788,1.961,2.019,38
2026-08-25,PALMAS (LAS),g95,1.244,1.43,1.559,256
2026-08-25,PALMAS (LAS),g98,1.345,1.569,1.669,225
2026-08-25,PALMAS (LAS),diesel,1.417,1.533,1.699,256
2026-08-25,PALMAS (LAS),dieselPlus,1.458,1.641,1.719,154
2026-08-25,PONTEVEDRA,g95,1.609,1.746,1.919,224
2026-08-25,PONTEVEDRA,diesel,1.679,1.889,1.999,225
2026-08-25,PONTEVEDRA,dieselPlus,1.689,1.997,2.115,142
2026-08-25,PONTEVEDRA,g98,1.699,1.913,2.099,135
2026-08-25,SALAMANCA,g95,1.579,1.734,1.859,102
2026-08-25,SALAMANCA,diesel,1.689,1.878,1.965,106
2026-08-25,SALAMANCA,dieselPlus,1.757,1.982,2.065,60
2026-08-25,SALAMANCA,g98,1.748,1.902,1.999,51
2026-08-25,SANTA CRUZ DE TENERIFE,g95,1.275,1.478,1.723,240
2026-08-25,SANTA CRUZ DE TENERIFE,g98,1.345,1.611,1.869,226
2026-08-25,SANTA CRUZ DE TENERIFE,diesel,1.419,1.593,1.86,239
2026-08-25,SANTA CRUZ DE TENERIFE,dieselPlus,1.429,1.696,1.901,128
2026-08-25,CANTABRIA,g95,1.589,1.764,1.859,165
2026-08-25,CANTABRIA,g98,1.739,1.931,2.029,85
2026-08-25,CANTABRIA,diesel,1.699,1.892,2.019,166
2026-08-25,CANTABRIA,dieselPlus,1.719,1.948,2.119,81
2026-08-25,SEGOVIA,g95,1.629,1.763,1.859,75
2026-08-25,SEGOVIA,diesel,1.749,1.902,2.034,76
2026-08-25,SEGOVIA,dieselPlus,1.799,1.983,2.114,43
2026-08-25,SEGOVIA,g98,1.799,1.943,2.057,37
2026-08-25,SEVILLA,g95,1.569,1.709,1.879,431
2026-08-25,SEVILLA,diesel,1.689,1.872,2.074,438
2026-08-25,SEVILLA,dieselPlus,1.735,1.987,2.174,232
2026-08-25,SEVILLA,g98,1.649,1.907,2.219,145
2026-08-25,SORIA,g95,1.6,1.728,1.879,42
2026-08-25,SORIA,g98,1.709,1.919,1.979,17
2026-08-25,SORIA,diesel,1.668,1.862,1.989,41
2026-08-25,SORIA,dieselPlus,1.7,1.95,2.075,20
2026-08-25,TARRAGONA,g95,1.465,1.723,1.885,213
2026-08-25,TARRAGONA,diesel,1.673,1.853,2.019,224
2026-08-25,TARRAGONA,g98,1.699,1.908,2.029,123
2026-08-25,TARRAGONA,dieselPlus,1.739,1.966,2.085,122
2026-08-25,TERUEL,g95,1.529,1.722,1.837,62
2026-08-25,TERUEL,diesel,1.665,1.864,1.969,67
2026-08-25,TERUEL,dieselPlus,1.785,2.001,2.072,31
2026-08-25,TERUEL,g98,1.571,1.898,1.999,30
2026-08-25,TOLEDO,g95,1.587,1.755,2.004,237
2026-08-25,TOLEDO,g98,1.677,1.937,2.134,117
2026-08-25,TOLEDO,diesel,1.699,1.896,2.169,240
2026-08-25,TOLEDO,dieselPlus,1.739,1.972,2.274,114
2026-08-25,VALENCIA / VALÈNCIA,g95,1.529,1.724,1.895,609
2026-08-25,VALENCIA / VALÈNCIA,diesel,1.619,1.834,2.066,623
2026-08-25,VALENCIA / VALÈNCIA,g98,1.639,1.927,2.08,274
2026-08-25,VALENCIA / VALÈNCIA,dieselPlus,1.669,1.944,2.117,307
2026-08-25,VALLADOLID,g95,1.59,1.754,1.895,145
2026-08-25,VALLADOLID,diesel,1.669,1.884,2.055,150
2026-08-25,VALLADOLID,dieselPlus,1.679,1.986,2.109,78
2026-08-25,VALLADOLID,g98,1.729,1.968,2.055,70
2026-08-25,BIZKAIA,g95,1.564,1.758,1.889,125
2026-08-25,BIZKAIA,g98,1.709,1.932,2.009,67
2026-08-25,BIZKAIA,diesel,1.684,1.887,1.999,126
2026-08-25,BIZKAIA,dieselPlus,1.719,1.925,2.089,45
2026-08-25,ZAMORA,g95,1.585,1.738,1.889,79
2026-08-25,ZAMORA,g98,1.719,1.911,2.129,44
2026-08-25,ZAMORA,diesel,1.699,1.879,1.999,85
2026-08-25,ZAMORA,dieselPlus,1.719,1.997,2.129,50
2026-08-25,ZARAGOZA,g95,1.509,1.734,1.869,218
2026-08-25,ZARAGOZA,g98,1.599,1.927,2.005,94
2026-08-25,ZARAGOZA,diesel,1.65,1.861,1.969,231
2026-08-25,ZARAGOZA,dieselPlus,1.729,1.932,2.059,87
2026-08-25,CEUTA,g95,1.549,1.563,1.568,10
2026-08-25,CEUTA,g98,1.589,1.595,1.598,8
2026-08-25,CEUTA,diesel,1.679,1.694,1.699,10
2026-08-25,CEUTA,dieselPlus,1.719,1.741,1.754,4
2026-08-25,MELILLA,g95,1.464,1.465,1.465,12
2026-08-25,MELILLA,diesel,1.425,1.432,1.437,12
2026-08-25,MELILLA,dieselPlus,1.477,1.481,1.498,8
2026-08-26,ARABA/ÁLAVA,g95,1.57,1.753,1.899,68
2026-08-26,ARABA/ÁLAVA,diesel,1.69,1.882,2.039,72
2026-08-26,ARABA/ÁLAVA,dieselPlus,1.757,1.974,2.139,36
2026-08-26,ARABA/ÁLAVA,g98,1.749,1.922,2.009,38
2026-08-26,ALBACETE,g95,1.529,1.729,1.899,142
2026-08-26,ALBACETE,diesel,1.499,1.893,2.021,151
2026-08-26,ALBACETE,dieselPlus,1.729,2.014,2.119,68
2026-08-26,ALBACETE,g98,1.609,1.916,1.999,65
2026-08-26,ALICANTE,g95,1.529,1.767,1.899,471
2026-08-26,ALICANTE,diesel,1.629,1.869,1.989,475
2026-08-26,ALICANTE,g98,1.699,1.945,2.029,257
2026-08-26,ALICANTE,dieselPlus,1.697,1.979,2.119,273
2026-08-26,ALMERÍA,g95,1.499,1.703,1.919,215
2026-08-26,ALMERÍA,g98,1.624,1.891,2.059,93
2026-08-26,ALMERÍA,diesel,1.683,1.844,2.029,226
2026-08-26,ALMERÍA,dieselPlus,1.709,1.95,2.129,119
2026-08-26,ÁVILA,g95,1.659,1.769,1.899,70
2026-08-26,ÁVILA,diesel,1.729,1.929,2.004,71
2026-08-26,ÁVILA,dieselPlus,1.843,2.022,2.105,46
2026-08-26,ÁVILA,g98,1.739,1.908,2.059,33
2026-08-26,BADAJOZ,diesel,1.399,1.879,2.179,271
2026-08-26,BADAJOZ,g95,1.499,1.73,2.039,237
2026-08-26,BADAJOZ,dieselPlus,1.739,1.983,2.259,127
2026-08-26,BADAJOZ,g98,1.699,1.923,2.259,67
2026-08-26,BALEARS (ILLES),g95,1.688,1.832,2.149,215
2026-08-26,BALEARS (ILLES),diesel,1.799,1.98,2.199,215
2026-08-26,BALEARS (ILLES),dieselPlus,1.838,2.059,2.224,101
2026-08-26,BALEARS (ILLES),g98,1.859,1.967,2.039,126
2026-08-26,BARCELONA,g95,1.459,1.697,1.879,769
2026-08-26,BARCELONA,diesel,1.649,1.868,2.014,777
2026-08-26,BARCELONA,dieselPlus,1.729,1.949,2.109,387
2026-08-26,BARCELONA,g98,1.558,1.88,2.069,435
2026-08-26,BURGOS,g95,1.569,1.77,1.96,134
2026-08-26,BURGOS,g98,1.76,1.942,1.999,57
2026-08-26,BURGOS,diesel,1.649,1.874,1.99,138
2026-08-26,BURGOS,dieselPlus,1.719,1.953,2.049,77
2026-08-26,CÁCERES,g95,1.569,1.753,1.869,145
2026-08-26,CÁCERES,diesel,1.659,1.923,2.039,157
2026-08-26,CÁCERES,g98,1.829,1.949,2.098,45
2026-08-26,CÁCERES,dieselPlus,1.769,2.035,2.124,78
2026-08-26,CÁDIZ,g95,1.614,1.774,1.93,283
2026-08-26,CÁDIZ,g98,1.769,1.953,2.019,116
2026-08-26,CÁDIZ,diesel,1.698,1.881,2.024,287
2026-08-26,CÁDIZ,dieselPlus,1.729,1.977,2.104,174
2026-08-26,CASTELLÓN / CASTELLÓ,g95,1.485,1.718,1.919,189
2026-08-26,CASTELLÓN / CASTELLÓ,diesel,1.659,1.883,2.074,191
2026-08-26,CASTELLÓN / CASTELLÓ,dieselPlus,1.716,2.011,2.115,98
2026-08-26,CASTELLÓN / CASTELLÓ,g98,1.609,1.902,1.999,76
2026-08-26,CIUDAD REAL,g95,1.509,1.71,1.899,189
2026-08-26,CIUDAD REAL,g98,1.699,1.904,2.059,71
2026-08-26,CIUDAD REAL,diesel,1.659,1.866,1.989,210
2026-08-26,CIUDAD REAL,dieselPlus,1.759,1.967,2.095,57
2026-08-26,CÓRDOBA,g95,1.539,1.717,1.839,202
2026-08-26,CÓRDOBA,diesel,1.639,1.9,2.025,207
2026-08-26,CÓRDOBA,g98,1.649,1.877,2.029,67
2026-08-26,CÓRDOBA,dieselPlus,1.745,1.982,2.125,102
2026-08-26,CORUÑA (A),g95,1.619,1.758,1.879,282
2026-08-26,CORUÑA (A),diesel,1.689,1.871,1.989,284
2026-08-26,CORUÑA (A),g98,1.731,1.92,2.039,170
2026-08-26,CORUÑA (A),dieselPlus,1.709,1.942,2.069,165
2026-08-26,CUENCA,g95,1.579,1.76,1.899,103
2026-08-26,CUENCA,diesel,1.699,1.901,2.059,114
2026-08-26,CUENCA,dieselPlus,1.749,2.037,2.135,55
2026-08-26,CUENCA,g98,1.759,1.927,2.029,40
2026-08-26,GIRONA,g95,1.498,1.744,1.909,258
2026-08-26,GIRONA,g98,1.679,1.931,2.059,157
2026-08-26,GIRONA,diesel,1.638,1.869,2.019,268
2026-08-26,GIRONA,dieselPlus,1.678,1.983,2.109,150
2026-08-26,GRANADA,g95,1.549,1.72,1.99,275
2026-08-26,GRANADA,diesel,1.639,1.865,2,279
2026-08-26,GRANADA,dieselPlus,1.659,1.973,2.093,170
2026-08-26,GRANADA,g98,1.689,1.902,2.089,151
2026-08-26,GUADALAJARA,g95,1.549,1.754,1.889,87
2026-08-26,GUADALAJARA,diesel,1.719,1.897,1.995,89
2026-08-26,GUADALAJARA,g98,1.709,1.944,2.029,44
2026-08-26,GUADALAJARA,dieselPlus,1.729,1.977,2.084,44
2026-08-26,GIPUZKOA,g95,1.589,1.765,1.849,131
2026-08-26,GIPUZKOA,g98,1.759,1.937,1.999,77
2026-08-26,GIPUZKOA,diesel,1.717,1.909,2.019,144
2026-08-26,GIPUZKOA,dieselPlus,1.757,2.003,2.119,79
2026-08-26,HUELVA,g95,1.563,1.766,1.868,135
2026-08-26,HUELVA,g98,1.78,1.942,2.035,48
2026-08-26,HUELVA,diesel,1.729,1.916,2.249,140
2026-08-26,HUELVA,dieselPlus,1.762,2.011,2.108,60
2026-08-26,HUESCA,g95,1.521,1.726,1.882,112
2026-08-26,HUESCA,g98,1.795,1.907,2.029,53
2026-08-26,HUESCA,diesel,1.594,1.879,1.999,122
2026-08-26,HUESCA,dieselPlus,1.74,1.988,2.129,58
2026-08-26,JAÉN,g95,1.549,1.73,1.839,207
2026-08-26,JAÉN,g98,1.695,1.908,2.299,80
2026-08-26,JAÉN,diesel,1.679,1.907,2.029,211
2026-08-26,JAÉN,dieselPlus,1.789,1.997,2.189,100
2026-08-26,LEÓN,g95,1.609,1.747,1.854,158
2026-08-26,LEÓN,diesel,1.709,1.907,2.039,164
2026-08-26,LEÓN,dieselPlus,1.779,1.985,2.105,114
2026-08-26,LEÓN,g98,1.769,1.902,1.999,95
2026-08-26,LLEIDA,g95,1.4,1.677,1.879,165
2026-08-26,LLEIDA,diesel,1.53,1.828,1.999,181
2026-08-26,LLEIDA,dieselPlus,1.713,1.937,2.1,79
2026-08-26,LLEIDA,g98,1.563,1.867,1.999,78
2026-08-26,RIOJA (LA),g95,1.539,1.726,1.825,79
2026-08-26,RIOJA (LA),diesel,1.639,1.856,1.985,81
2026-08-26,RIOJA (LA),dieselPlus,1.792,1.963,2.055,38
2026-08-26,RIOJA (LA),g98,1.738,1.91,1.969,36
2026-08-26,LUGO,g95,1.599,1.771,1.859,124
2026-08-26,LUGO,diesel,1.619,1.91,2.009,126
2026-08-26,LUGO,dieselPlus,1.799,2.004,2.099,64
2026-08-26,LUGO,g98,1.759,1.928,1.989,59
2026-08-26,MADRID,g95,1.559,1.753,1.959,849
2026-08-26,MADRID,g98,1.709,1.938,2.239,414
2026-08-26,MADRID,diesel,1.699,1.894,2.099,854
2026-08-26,MADRID,dieselPlus,1.739,1.975,2.159,449
2026-08-26,MÁLAGA,g95,1.555,1.773,2.099,302
2026-08-26,MÁLAGA,diesel,1.698,1.921,2.149,305
2026-08-26,MÁLAGA,dieselPlus,1.759,2.02,2.11,208
2026-08-26,MÁLAGA,g98,1.729,1.94,2.024,163
2026-08-26,MURCIA,g95,1.539,1.725,2.089,428
2026-08-26,MURCIA,diesel,1.589,1.856,2.249,451
2026-08-26,MURCIA,dieselPlus,1.599,1.928,2.069,233
2026-08-26,MURCIA,g98,1.648,1.887,2.129,233
2026-08-26,NAVARRA,g95,1.515,1.704,1.839,211
2026-08-26,NAVARRA,diesel,1.539,1.822,1.989,235
2026-08-26,NAVARRA,dieselPlus,1.718,1.939,2.079,96
2026-08-26,NAVARRA,g98,1.649,1.923,2.059,62
2026-08-26,OURENSE,g95,1.619,1.76,1.889,87
2026-08-26,OURENSE,g98,1.729,1.905,2.019,62
2026-08-26,OURENSE,diesel,1.759,1.914,1.999,87
2026-08-26,OURENSE,dieselPlus,1.807,1.988,2.069,57
2026-08-26,ASTURIAS,g95,1.599,1.788,1.909,223
2026-08-26,ASTURIAS,diesel,1.709,1.924,2.025,237
2026-08-26,ASTURIAS,dieselPlus,1.769,2.005,2.109,158
2026-08-26,ASTURIAS,g98,1.769,1.941,2.079,141
2026-08-26,PALENCIA,g95,1.617,1.79,1.909,66
2026-08-26,PALENCIA,diesel,1.729,1.934,2.015,68
2026-08-26,PALENCIA,dieselPlus,1.809,2.029,2.105,45
2026-08-26,PALENCIA,g98,1.788,1.962,2.019,38
2026-08-26,PALMAS (LAS),g95,1.244,1.428,1.559,256
2026-08-26,PALMAS (LAS),g98,1.345,1.568,1.669,225
2026-08-26,PALMAS (LAS),diesel,1.417,1.532,1.699,256
2026-08-26,PALMAS (LAS),dieselPlus,1.458,1.639,1.719,154
2026-08-26,PONTEVEDRA,g95,1.619,1.746,1.919,224
2026-08-26,PONTEVEDRA,diesel,1.709,1.89,1.999,224
2026-08-26,PONTEVEDRA,dieselPlus,1.719,1.998,2.119,141
2026-08-26,PONTEVEDRA,g98,1.699,1.912,2.099,135
2026-08-26,SALAMANCA,g95,1.58,1.736,1.859,102
2026-08-26,SALAMANCA,diesel,1.689,1.878,1.965,106
2026-08-26,SALAMANCA,dieselPlus,1.757,1.981,2.065,60
2026-08-26,SALAMANCA,g98,1.748,1.902,1.999,51
2026-08-26,SANTA CRUZ DE TENERIFE,g95,1.275,1.482,1.723,240
2026-08-26,SANTA CRUZ DE TENERIFE,g98,1.345,1.615,1.869,226
2026-08-26,SANTA CRUZ DE TENERIFE,diesel,1.419,1.597,1.86,239
2026-08-26,SANTA CRUZ DE TENERIFE,dieselPlus,1.419,1.699,1.901,128
2026-08-26,CANTABRIA,g95,1.599,1.763,1.859,165
2026-08-26,CANTABRIA,g98,1.739,1.931,2.029,85
2026-08-26,CANTABRIA,diesel,1.699,1.892,2.019,166
2026-08-26,CANTABRIA,dieselPlus,1.729,1.949,2.119,81
2026-08-26,SEGOVIA,g95,1.629,1.765,1.859,75
2026-08-26,SEGOVIA,diesel,1.729,1.904,2.034,76
2026-08-26,SEGOVIA,dieselPlus,1.799,1.986,2.114,43
2026-08-26,SEGOVIA,g98,1.799,1.948,2.057,37
2026-08-26,SEVILLA,g95,1.569,1.71,1.879,431
2026-08-26,SEVILLA,diesel,1.699,1.873,2.074,438
2026-08-26,SEVILLA,dieselPlus,1.735,1.987,2.174,232
2026-08-26,SEVILLA,g98,1.649,1.907,2.219,145
2026-08-26,SORIA,g95,1.6,1.728,1.879,42
2026-08-26,SORIA,g98,1.699,1.918,1.979,17
2026-08-26,SORIA,diesel,1.668,1.862,1.989,41
2026-08-26,SORIA,dieselPlus,1.7,1.95,2.069,20
2026-08-26,TARRAGONA,g95,1.465,1.722,1.879,213
2026-08-26,TARRAGONA,diesel,1.673,1.853,1.992,224
2026-08-26,TARRAGONA,g98,1.699,1.907,2.029,123
2026-08-26,TARRAGONA,dieselPlus,1.739,1.966,2.085,122
2026-08-26,TERUEL,g95,1.533,1.722,1.837,62
2026-08-26,TERUEL,diesel,1.678,1.869,1.969,66
2026-08-26,TERUEL,dieselPlus,1.785,2.002,2.072,31
2026-08-26,TERUEL,g98,1.571,1.897,1.999,30
2026-08-26,TOLEDO,g95,1.587,1.756,2.004,238
2026-08-26,TOLEDO,g98,1.677,1.937,2.134,118
2026-08-26,TOLEDO,diesel,1.587,1.898,2.169,241
2026-08-26,TOLEDO,dieselPlus,1.739,1.975,2.274,116
2026-08-26,VALENCIA / VALÈNCIA,g95,1.539,1.725,1.895,608
2026-08-26,VALENCIA / VALÈNCIA,diesel,1.619,1.835,2.066,622
2026-08-26,VALENCIA / VALÈNCIA,g98,1.639,1.928,2.08,273
2026-08-26,VALENCIA / VALÈNCIA,dieselPlus,1.678,1.945,2.117,306
2026-08-26,VALLADOLID,g95,1.6,1.754,1.865,145
2026-08-26,VALLADOLID,diesel,1.669,1.883,2.029,150
2026-08-26,VALLADOLID,dieselPlus,1.709,1.986,2.109,78
2026-08-26,VALLADOLID,g98,1.729,1.968,2.035,70
2026-08-26,BIZKAIA,g95,1.564,1.758,1.889,125
2026-08-26,BIZKAIA,g98,1.709,1.932,2.009,67
2026-08-26,BIZKAIA,diesel,1.684,1.888,1.999,126
2026-08-26,BIZKAIA,dieselPlus,1.719,1.926,2.089,45
2026-08-26,ZAMORA,g95,1.583,1.737,1.889,79
2026-08-26,ZAMORA,g98,1.719,1.909,2.129,44
2026-08-26,ZAMORA,diesel,1.683,1.878,1.999,85
2026-08-26,ZAMORA,dieselPlus,1.719,1.996,2.129,50
2026-08-26,ZARAGOZA,g95,1.519,1.735,1.879,218
2026-08-26,ZARAGOZA,g98,1.599,1.928,1.999,94
2026-08-26,ZARAGOZA,diesel,1.682,1.862,1.969,231
2026-08-26,ZARAGOZA,dieselPlus,1.729,1.932,2.059,87
2026-08-26,CEUTA,g95,1.549,1.563,1.568,10
2026-08-26,CEUTA,g98,1.589,1.595,1.598,8
2026-08-26,CEUTA,diesel,1.679,1.694,1.699,10
2026-08-26,CEUTA,dieselPlus,1.719,1.741,1.754,4
2026-08-26,MELILLA,g95,1.464,1.465,1.465,12
2026-08-26,MELILLA,diesel,1.425,1.436,1.437,12
2026-08-26,MELILLA,dieselPlus,1.477,1.48,1.487,8
2026-08-27,ARABA/ÁLAVA,g95,1.569,1.755,1.899,68
2026-08-27,ARABA/ÁLAVA,diesel,1.692,1.878,2.039,72
2026-08-27,ARABA/ÁLAVA,dieselPlus,1.757,1.972,2.139,36
2026-08-27,ARABA/ÁLAVA,g98,1.749,1.922,2.009,38
2026-08-27,ALBACETE,g95,1.529,1.729,1.899,142
2026-08-27,ALBACETE,diesel,1.499,1.889,2.009,151
2026-08-27,ALBACETE,dieselPlus,1.729,2.01,2.119,68
2026-08-27,ALBACETE,g98,1.609,1.916,1.999,65
2026-08-27,ALICANTE,g95,1.529,1.766,1.899,469
2026-08-27,ALICANTE,diesel,1.629,1.865,1.989,473
2026-08-27,ALICANTE,g98,1.699,1.945,2.029,257
2026-08-27,ALICANTE,dieselPlus,1.697,1.974,2.119,271
2026-08-27,ALMERÍA,g95,1.499,1.703,1.919,215
2026-08-27,ALMERÍA,g98,1.624,1.891,2.059,93
2026-08-27,ALMERÍA,diesel,1.683,1.842,2.019,226
2026-08-27,ALMERÍA,dieselPlus,1.675,1.947,2.109,119
2026-08-27,ÁVILA,g95,1.609,1.768,1.899,70
2026-08-27,ÁVILA,diesel,1.699,1.926,2.004,71
2026-08-27,ÁVILA,dieselPlus,1.843,2.019,2.099,46
2026-08-27,ÁVILA,g98,1.667,1.901,2.059,34
2026-08-27,BADAJOZ,diesel,1.399,1.875,2.179,271
2026-08-27,BADAJOZ,g95,1.499,1.73,2.039,237
2026-08-27,BADAJOZ,dieselPlus,1.739,1.979,2.259,126
2026-08-27,BADAJOZ,g98,1.699,1.924,2.259,67
2026-08-27,BALEARS (ILLES),g95,1.688,1.831,2.149,215
2026-08-27,BALEARS (ILLES),diesel,1.789,1.977,2.199,215
2026-08-27,BALEARS (ILLES),dieselPlus,1.819,2.055,2.224,101
2026-08-27,BALEARS (ILLES),g98,1.859,1.968,2.039,126
2026-08-27,BARCELONA,g95,1.459,1.696,1.879,771
2026-08-27,BARCELONA,diesel,1.649,1.863,2.014,779
2026-08-27,BARCELONA,dieselPlus,1.719,1.942,2.109,390
2026-08-27,BARCELONA,g98,1.558,1.879,2.069,436
2026-08-27,BURGOS,g95,1.569,1.77,1.96,134
2026-08-27,BURGOS,g98,1.76,1.94,1.999,57
2026-08-27,BURGOS,diesel,1.649,1.872,1.99,138
2026-08-27,BURGOS,dieselPlus,1.719,1.949,2.044,77
2026-08-27,CÁCERES,g95,1.569,1.753,1.869,145
2026-08-27,CÁCERES,diesel,1.654,1.917,2.039,157
2026-08-27,CÁCERES,g98,1.829,1.948,2.098,45
2026-08-27,CÁCERES,dieselPlus,1.769,2.03,2.124,78
2026-08-27,CÁDIZ,g95,1.614,1.774,1.93,282
2026-08-27,CÁDIZ,g98,1.769,1.952,2.019,116
2026-08-27,CÁDIZ,diesel,1.698,1.879,2.024,286
2026-08-27,CÁDIZ,dieselPlus,1.729,1.973,2.104,174
2026-08-27,CASTELLÓN / CASTELLÓ,g95,1.485,1.719,1.919,190
2026-08-27,CASTELLÓN / CASTELLÓ,diesel,1.659,1.881,2.074,192
2026-08-27,CASTELLÓN / CASTELLÓ,dieselPlus,1.716,2.005,2.099,98
2026-08-27,CASTELLÓN / CASTELLÓ,g98,1.609,1.902,1.999,76
2026-08-27,CIUDAD REAL,g95,1.509,1.71,1.899,187
2026-08-27,CIUDAD REAL,g98,1.699,1.905,2.059,70
2026-08-27,CIUDAD REAL,diesel,1.629,1.863,1.989,208
2026-08-27,CIUDAD REAL,dieselPlus,1.749,1.964,2.095,56
2026-08-27,CÓRDOBA,g95,1.539,1.717,1.839,202
2026-08-27,CÓRDOBA,diesel,1.639,1.895,2.015,207
2026-08-27,CÓRDOBA,g98,1.649,1.876,2.029,67
2026-08-27,CÓRDOBA,dieselPlus,1.765,1.978,2.115,102
2026-08-27,CORUÑA (A),g95,1.619,1.758,1.879,281
2026-08-27,CORUÑA (A),diesel,1.689,1.868,1.989,283
2026-08-27,CORUÑA (A),g98,1.731,1.92,2.039,169
2026-08-27,CORUÑA (A),dieselPlus,1.709,1.94,2.069,164
2026-08-27,CUENCA,g95,1.579,1.759,1.899,103
2026-08-27,CUENCA,diesel,1.699,1.9,2.059,113
2026-08-27,CUENCA,dieselPlus,1.749,2.032,2.125,55
2026-08-27,CUENCA,g98,1.759,1.926,2.029,40
2026-08-27,GIRONA,g95,1.498,1.743,1.909,258
2026-08-27,GIRONA,g98,1.679,1.93,2.049,157
2026-08-27,GIRONA,diesel,1.638,1.864,1.999,268
2026-08-27,GIRONA,dieselPlus,1.678,1.976,2.104,150
2026-08-27,GRANADA,g95,1.549,1.719,1.99,277
2026-08-27,GRANADA,diesel,1.639,1.861,2,281
2026-08-27,GRANADA,dieselPlus,1.659,1.968,2.093,170
2026-08-27,GRANADA,g98,1.689,1.902,2.089,151
2026-08-27,GUADALAJARA,g95,1.569,1.755,1.889,87
2026-08-27,GUADALAJARA,diesel,1.719,1.894,1.995,89
2026-08-27,GUADALAJARA,g98,1.709,1.941,2.029,44
2026-08-27,GUADALAJARA,dieselPlus,1.729,1.972,2.084,44
2026-08-27,GIPUZKOA,g95,1.589,1.765,1.849,131
2026-08-27,GIPUZKOA,g98,1.759,1.935,1.999,77
2026-08-27,GIPUZKOA,diesel,1.719,1.906,2.019,144
2026-08-27,GIPUZKOA,dieselPlus,1.777,1.998,2.119,79
2026-08-27,HUELVA,g95,1.563,1.766,1.868,135
2026-08-27,HUELVA,g98,1.78,1.942,2.035,48
2026-08-27,HUELVA,diesel,1.695,1.911,2.249,140
2026-08-27,HUELVA,dieselPlus,1.755,2.007,2.108,60
2026-08-27,HUESCA,g95,1.527,1.728,1.882,112
2026-08-27,HUESCA,g98,1.795,1.909,2.029,53
2026-08-27,HUESCA,diesel,1.594,1.877,1.999,122
2026-08-27,HUESCA,dieselPlus,1.74,1.985,2.129,58
2026-08-27,JAÉN,g95,1.549,1.73,1.839,207
2026-08-27,JAÉN,g98,1.695,1.906,2.299,80
2026-08-27,JAÉN,diesel,1.679,1.904,2.029,211
2026-08-27,JAÉN,dieselPlus,1.775,1.994,2.189,100
2026-08-27,LEÓN,g95,1.609,1.747,1.854,158
2026-08-27,LEÓN,diesel,1.709,1.903,2.039,164
2026-08-27,LEÓN,dieselPlus,1.779,1.98,2.105,114
2026-08-27,LEÓN,g98,1.769,1.901,1.999,95
2026-08-27,LLEIDA,g95,1.4,1.678,1.879,165
2026-08-27,LLEIDA,diesel,1.53,1.825,1.999,181
2026-08-27,LLEIDA,dieselPlus,1.713,1.932,2.099,79
2026-08-27,LLEIDA,g98,1.563,1.867,1.999,78
2026-08-27,RIOJA (LA),g95,1.539,1.726,1.825,79
2026-08-27,RIOJA (LA),diesel,1.639,1.85,1.985,81
2026-08-27,RIOJA (LA),dieselPlus,1.792,1.957,2.035,38
2026-08-27,RIOJA (LA),g98,1.738,1.905,1.969,36
2026-08-27,LUGO,g95,1.599,1.772,1.859,124
2026-08-27,LUGO,diesel,1.619,1.906,1.999,126
2026-08-27,LUGO,dieselPlus,1.799,1.999,2.095,64
2026-08-27,LUGO,g98,1.759,1.928,1.989,59
2026-08-27,MADRID,g95,1.559,1.75,1.959,848
2026-08-27,MADRID,g98,1.699,1.936,2.239,414
2026-08-27,MADRID,diesel,1.699,1.888,2.099,853
2026-08-27,MADRID,dieselPlus,1.739,1.969,2.159,446
2026-08-27,MÁLAGA,g95,1.555,1.773,2.099,301
2026-08-27,MÁLAGA,diesel,1.698,1.918,2.149,305
2026-08-27,MÁLAGA,dieselPlus,1.759,2.016,2.11,208
2026-08-27,MÁLAGA,g98,1.729,1.939,2.024,163
2026-08-27,MURCIA,g95,1.539,1.723,2.089,428
2026-08-27,MURCIA,diesel,1.589,1.85,2.249,451
2026-08-27,MURCIA,dieselPlus,1.599,1.922,2.069,233
2026-08-27,MURCIA,g98,1.647,1.888,2.129,233
2026-08-27,NAVARRA,g95,1.515,1.704,1.839,210
2026-08-27,NAVARRA,diesel,1.539,1.818,1.979,234
2026-08-27,NAVARRA,dieselPlus,1.699,1.931,2.069,95
2026-08-27,NAVARRA,g98,1.649,1.921,2.059,62
2026-08-27,OURENSE,g95,1.619,1.76,1.889,87
2026-08-27,OURENSE,g98,1.729,1.905,2.019,62
2026-08-27,OURENSE,diesel,1.697,1.904,1.999,87
2026-08-27,OURENSE,dieselPlus,1.717,1.98,2.069,57
2026-08-27,ASTURIAS,g95,1.599,1.787,1.909,224
2026-08-27,ASTURIAS,diesel,1.709,1.921,2.009,238
2026-08-27,ASTURIAS,dieselPlus,1.779,2,2.104,159
2026-08-27,ASTURIAS,g98,1.769,1.939,2.079,141
2026-08-27,PALENCIA,g95,1.617,1.79,1.909,66
2026-08-27,PALENCIA,diesel,1.729,1.931,2.005,68
2026-08-27,PALENCIA,dieselPlus,1.789,2.024,2.099,45
2026-08-27,PALENCIA,g98,1.788,1.962,2.019,38
2026-08-27,PALMAS (LAS),g95,1.244,1.429,1.559,256
2026-08-27,PALMAS (LAS),g98,1.345,1.569,1.669,225
2026-08-27,PALMAS (LAS),diesel,1.417,1.533,1.699,256
2026-08-27,PALMAS (LAS),dieselPlus,1.458,1.643,1.719,154
2026-08-27,PONTEVEDRA,g95,1.619,1.745,1.919,224
2026-08-27,PONTEVEDRA,diesel,1.709,1.885,1.999,225
2026-08-27,PONTEVEDRA,dieselPlus,1.719,1.993,2.119,142
2026-08-27,PONTEVEDRA,g98,1.669,1.911,2.099,135
2026-08-27,SALAMANCA,g95,1.58,1.735,1.859,102
2026-08-27,SALAMANCA,diesel,1.689,1.874,1.965,106
2026-08-27,SALAMANCA,dieselPlus,1.757,1.977,2.065,60
2026-08-27,SALAMANCA,g98,1.748,1.902,1.999,51
2026-08-27,SANTA CRUZ DE TENERIFE,g95,1.275,1.482,1.723,239
2026-08-27,SANTA CRUZ DE TENERIFE,g98,1.345,1.614,1.869,225
2026-08-27,SANTA CRUZ DE TENERIFE,diesel,1.419,1.598,1.86,238
2026-08-27,SANTA CRUZ DE TENERIFE,dieselPlus,1.419,1.698,1.901,128
2026-08-27,CANTABRIA,g95,1.599,1.762,1.859,166
2026-08-27,CANTABRIA,g98,1.739,1.93,2.029,86
2026-08-27,CANTABRIA,diesel,1.699,1.889,2.009,167
2026-08-27,CANTABRIA,dieselPlus,1.719,1.944,2.119,81
2026-08-27,SEGOVIA,g95,1.659,1.765,1.859,75
2026-08-27,SEGOVIA,diesel,1.729,1.898,2.034,76
2026-08-27,SEGOVIA,dieselPlus,1.729,1.98,2.114,43
2026-08-27,SEGOVIA,g98,1.799,1.946,2.057,37
2026-08-27,SEVILLA,g95,1.569,1.711,1.879,429
2026-08-27,SEVILLA,diesel,1.699,1.87,2.074,436
2026-08-27,SEVILLA,dieselPlus,1.735,1.982,2.165,231
2026-08-27,SEVILLA,g98,1.649,1.908,2.219,145
2026-08-27,SORIA,g95,1.6,1.728,1.869,42
2026-08-27,SORIA,g98,1.689,1.917,1.979,17
2026-08-27,SORIA,diesel,1.668,1.859,1.984,41
2026-08-27,SORIA,dieselPlus,1.7,1.946,2.059,20
2026-08-27,TARRAGONA,g95,1.465,1.721,1.879,209
2026-08-27,TARRAGONA,diesel,1.446,1.848,1.992,221
2026-08-27,TARRAGONA,g98,1.699,1.905,2.029,122
2026-08-27,TARRAGONA,dieselPlus,1.739,1.961,2.085,120
2026-08-27,TERUEL,g95,1.533,1.722,1.837,62
2026-08-27,TERUEL,diesel,1.678,1.861,1.968,66
2026-08-27,TERUEL,dieselPlus,1.785,1.994,2.072,31
2026-08-27,TERUEL,g98,1.571,1.896,1.999,30
2026-08-27,TOLEDO,g95,1.587,1.756,2.004,238
2026-08-27,TOLEDO,g98,1.677,1.937,2.134,118
2026-08-27,TOLEDO,diesel,1.587,1.895,2.169,241
2026-08-27,TOLEDO,dieselPlus,1.739,1.974,2.274,116
2026-08-27,VALENCIA / VALÈNCIA,g95,1.539,1.725,1.895,605
2026-08-27,VALENCIA / VALÈNCIA,diesel,1.619,1.832,2.066,619
2026-08-27,VALENCIA / VALÈNCIA,g98,1.639,1.928,2.08,273
2026-08-27,VALENCIA / VALÈNCIA,dieselPlus,1.649,1.939,2.117,304
2026-08-27,VALLADOLID,g95,1.6,1.755,1.865,145
2026-08-27,VALLADOLID,diesel,1.669,1.88,2.019,150
2026-08-27,VALLADOLID,dieselPlus,1.709,1.981,2.109,78
2026-08-27,VALLADOLID,g98,1.729,1.967,2.035,70
2026-08-27,BIZKAIA,g95,1.564,1.757,1.889,125
2026-08-27,BIZKAIA,g98,1.709,1.931,2.009,67
2026-08-27,BIZKAIA,diesel,1.684,1.884,1.999,126
2026-08-27,BIZKAIA,dieselPlus,1.719,1.925,2.089,45
2026-08-27,ZAMORA,g95,1.583,1.737,1.889,80
2026-08-27,ZAMORA,g98,1.719,1.908,2.129,44
2026-08-27,ZAMORA,diesel,1.683,1.873,1.999,86
2026-08-27,ZAMORA,dieselPlus,1.719,1.991,2.129,51
2026-08-27,ZARAGOZA,g95,1.519,1.735,1.879,218
2026-08-27,ZARAGOZA,g98,1.599,1.927,2.005,94
2026-08-27,ZARAGOZA,diesel,1.669,1.859,1.969,231
2026-08-27,ZARAGOZA,dieselPlus,1.729,1.93,2.049,86
2026-08-27,CEUTA,g95,1.549,1.563,1.568,10
2026-08-27,CEUTA,g98,1.589,1.595,1.598,8
2026-08-27,CEUTA,diesel,1.679,1.694,1.699,10
2026-08-27,CEUTA,dieselPlus,1.719,1.741,1.754,4
2026-08-27,MELILLA,g95,1.464,1.465,1.465,12
2026-08-27,MELILLA,diesel,1.435,1.436,1.437,12
2026-08-27,MELILLA,dieselPlus,1.477,1.48,1.487,8
2026-08-28,ARABA/ÁLAVA,g95,1.58,1.757,1.899,68
2026-08-28,ARABA/ÁLAVA,diesel,1.709,1.876,2.039,72
2026-08-28,ARABA/ÁLAVA,dieselPlus,1.757,1.972,2.139,36
2026-08-28,ARABA/ÁLAVA,g98,1.749,1.927,2.009,38
2026-08-28,ALBACETE,g95,1.519,1.728,1.899,142
2026-08-28,ALBACETE,diesel,1.499,1.887,2.009,151
2026-08-28,ALBACETE,dieselPlus,1.729,2.01,2.119,68
2026-08-28,ALBACETE,g98,1.609,1.919,1.999,65
2026-08-28,ALICANTE,g95,1.549,1.765,1.899,470
2026-08-28,ALICANTE,diesel,1.629,1.86,1.989,474
2026-08-28,ALICANTE,g98,1.639,1.949,2.039,257
2026-08-28,ALICANTE,dieselPlus,1.695,1.972,2.119,271
2026-08-28,ALMERÍA,g95,1.499,1.703,1.919,215
2026-08-28,ALMERÍA,g98,1.624,1.894,2.059,93
2026-08-28,ALMERÍA,diesel,1.629,1.84,2.019,226
2026-08-28,ALMERÍA,dieselPlus,1.675,1.946,2.109,119
2026-08-28,ÁVILA,g95,1.609,1.769,1.899,70
2026-08-28,ÁVILA,diesel,1.699,1.926,1.999,71
2026-08-28,ÁVILA,dieselPlus,1.843,2.018,2.105,46
2026-08-28,ÁVILA,g98,1.667,1.903,2.059,34
2026-08-28,BADAJOZ,diesel,1.399,1.869,2.139,271
2026-08-28,BADAJOZ,g95,1.499,1.73,2.079,236
2026-08-28,BADAJOZ,dieselPlus,1.739,1.975,2.259,126
2026-08-28,BADAJOZ,g98,1.699,1.929,2.259,67
2026-08-28,BALEARS (ILLES),g95,1.688,1.832,2.149,215
2026-08-28,BALEARS (ILLES),diesel,1.789,1.973,2.199,215
2026-08-28,BALEARS (ILLES),dieselPlus,1.798,2.052,2.214,101
2026-08-28,BALEARS (ILLES),g98,1.859,1.97,2.039,126
2026-08-28,BARCELONA,g95,1.459,1.696,1.879,770
2026-08-28,BARCELONA,diesel,1.649,1.859,2.014,780
2026-08-28,BARCELONA,dieselPlus,1.689,1.94,2.109,391
2026-08-28,BARCELONA,g98,1.558,1.883,2.069,437
2026-08-28,BURGOS,g95,1.569,1.772,1.96,133
2026-08-28,BURGOS,g98,1.76,1.943,2.009,57
2026-08-28,BURGOS,diesel,1.649,1.868,1.99,138
2026-08-28,BURGOS,dieselPlus,1.719,1.946,2.039,77
2026-08-28,CÁCERES,g95,1.569,1.755,1.879,148
2026-08-28,CÁCERES,diesel,1.654,1.916,2.039,160
2026-08-28,CÁCERES,g98,1.839,1.954,2.098,46
2026-08-28,CÁCERES,dieselPlus,1.769,2.03,2.124,81
2026-08-28,CÁDIZ,g95,1.614,1.773,1.93,280
2026-08-28,CÁDIZ,g98,1.759,1.956,2.029,116
2026-08-28,CÁDIZ,diesel,1.698,1.875,2.024,287
2026-08-28,CÁDIZ,dieselPlus,1.729,1.971,2.104,174
2026-08-28,CASTELLÓN / CASTELLÓ,g95,1.485,1.717,1.919,189
2026-08-28,CASTELLÓN / CASTELLÓ,diesel,1.659,1.875,2.074,191
2026-08-28,CASTELLÓN / CASTELLÓ,dieselPlus,1.665,2.002,2.109,97
2026-08-28,CASTELLÓN / CASTELLÓ,g98,1.609,1.906,2.049,76
2026-08-28,CIUDAD REAL,g95,1.509,1.71,1.899,187
2026-08-28,CIUDAD REAL,g98,1.699,1.912,2.059,70
2026-08-28,CIUDAD REAL,diesel,1.629,1.861,1.989,207
2026-08-28,CIUDAD REAL,dieselPlus,1.749,1.96,2.095,57
2026-08-28,CÓRDOBA,g95,1.539,1.717,1.839,202
2026-08-28,CÓRDOBA,diesel,1.639,1.893,2.009,207
2026-08-28,CÓRDOBA,g98,1.649,1.88,2.029,67
2026-08-28,CÓRDOBA,dieselPlus,1.739,1.977,2.125,102
2026-08-28,CORUÑA (A),g95,1.619,1.759,1.879,281
2026-08-28,CORUÑA (A),diesel,1.689,1.866,1.989,283
2026-08-28,CORUÑA (A),g98,1.731,1.924,2.049,169
2026-08-28,CORUÑA (A),dieselPlus,1.729,1.94,2.069,164
2026-08-28,CUENCA,g95,1.579,1.76,1.899,102
2026-08-28,CUENCA,diesel,1.7,1.901,2.059,112
2026-08-28,CUENCA,dieselPlus,1.749,2.032,2.125,55
2026-08-28,CUENCA,g98,1.759,1.929,2.035,40
2026-08-28,GIRONA,g95,1.498,1.742,1.909,258
2026-08-28,GIRONA,g98,1.679,1.933,2.049,157
2026-08-28,GIRONA,diesel,1.638,1.858,1.999,268
2026-08-28,GIRONA,dieselPlus,1.678,1.973,2.104,150
2026-08-28,GRANADA,g95,1.549,1.72,1.99,276
2026-08-28,GRANADA,diesel,1.639,1.858,2,280
2026-08-28,GRANADA,dieselPlus,1.659,1.967,2.093,169
2026-08-28,GRANADA,g98,1.689,1.906,2.089,151
2026-08-28,GUADALAJARA,g95,1.579,1.756,1.889,87
2026-08-28,GUADALAJARA,diesel,1.739,1.891,1.995,89
2026-08-28,GUADALAJARA,g98,1.709,1.947,2.029,44
2026-08-28,GUADALAJARA,dieselPlus,1.759,1.973,2.084,44
2026-08-28,GIPUZKOA,g95,1.599,1.764,1.849,131
2026-08-28,GIPUZKOA,g98,1.759,1.939,1.999,77
2026-08-28,GIPUZKOA,diesel,1.719,1.903,2.019,144
2026-08-28,GIPUZKOA,dieselPlus,1.766,1.997,2.119,79
2026-08-28,HUELVA,g95,1.563,1.767,1.868,134
2026-08-28,HUELVA,g98,1.78,1.946,2.035,48
2026-08-28,HUELVA,diesel,1.669,1.909,2.249,139
2026-08-28,HUELVA,dieselPlus,1.755,2.005,2.108,60
2026-08-28,HUESCA,g95,1.527,1.728,1.879,112
2026-08-28,HUESCA,g98,1.795,1.914,2.029,53
2026-08-28,HUESCA,diesel,1.594,1.873,1.999,122
2026-08-28,HUESCA,dieselPlus,1.709,1.982,2.115,58
2026-08-28,JAÉN,g95,1.549,1.73,1.829,206
2026-08-28,JAÉN,g98,1.695,1.91,2.299,80
2026-08-28,JAÉN,diesel,1.679,1.901,2.029,210
2026-08-28,JAÉN,dieselPlus,1.775,1.992,2.189,100
2026-08-28,LEÓN,g95,1.609,1.746,1.854,157
2026-08-28,LEÓN,diesel,1.709,1.901,2.039,163
2026-08-28,LEÓN,dieselPlus,1.779,1.98,2.105,113
2026-08-28,LEÓN,g98,1.769,1.905,1.999,94
2026-08-28,LLEIDA,g95,1.4,1.679,1.879,164
2026-08-28,LLEIDA,diesel,1.53,1.825,1.999,180
2026-08-28,LLEIDA,dieselPlus,1.713,1.936,2.099,78
2026-08-28,LLEIDA,g98,1.563,1.871,1.999,78
2026-08-28,RIOJA (LA),g95,1.569,1.726,1.825,79
2026-08-28,RIOJA (LA),diesel,1.659,1.846,1.985,81
2026-08-28,RIOJA (LA),dieselPlus,1.792,1.957,2.039,38
2026-08-28,RIOJA (LA),g98,1.738,1.909,1.969,36
2026-08-28,LUGO,g95,1.599,1.771,1.859,124
2026-08-28,LUGO,diesel,1.599,1.901,1.999,126
2026-08-28,LUGO,dieselPlus,1.799,1.997,2.089,64
2026-08-28,LUGO,g98,1.759,1.932,1.989,59
2026-08-28,MADRID,g95,1.559,1.75,1.959,850
2026-08-28,MADRID,g98,1.699,1.941,2.239,414
2026-08-28,MADRID,diesel,1.699,1.885,2.099,857
2026-08-28,MADRID,dieselPlus,1.739,1.965,2.159,451
2026-08-28,MÁLAGA,g95,1.598,1.772,2.099,301
2026-08-28,MÁLAGA,diesel,1.741,1.914,2.149,304
2026-08-28,MÁLAGA,dieselPlus,1.759,2.013,2.115,208
2026-08-28,MÁLAGA,g98,1.699,1.942,2.024,163
2026-08-28,MURCIA,g95,1.54,1.722,2.089,428
2026-08-28,MURCIA,diesel,1.589,1.845,2.249,451
2026-08-28,MURCIA,dieselPlus,1.599,1.918,2.069,233
2026-08-28,MURCIA,g98,1.647,1.89,2.129,233
2026-08-28,NAVARRA,g95,1.515,1.704,1.839,211
2026-08-28,NAVARRA,diesel,1.539,1.815,1.979,236
2026-08-28,NAVARRA,dieselPlus,1.699,1.932,2.069,96
2026-08-28,NAVARRA,g98,1.649,1.925,2.059,62
2026-08-28,OURENSE,g95,1.619,1.759,1.889,87
2026-08-28,OURENSE,g98,1.729,1.907,2.045,62
2026-08-28,OURENSE,diesel,1.697,1.896,1.999,87
2026-08-28,OURENSE,dieselPlus,1.717,1.978,2.069,57
2026-08-28,ASTURIAS,g95,1.599,1.79,1.909,224
2026-08-28,ASTURIAS,diesel,1.709,1.919,2.009,238
2026-08-28,ASTURIAS,dieselPlus,1.779,2.001,2.105,159
2026-08-28,ASTURIAS,g98,1.769,1.944,2.079,141
2026-08-28,PALENCIA,g95,1.617,1.791,1.909,66
2026-08-28,PALENCIA,diesel,1.729,1.926,2.004,68
2026-08-28,PALENCIA,dieselPlus,1.789,2.022,2.099,45
2026-08-28,PALENCIA,g98,1.788,1.964,2.025,38
2026-08-28,PALMAS (LAS),g95,1.244,1.427,1.559,256
2026-08-28,PALMAS (LAS),g98,1.345,1.568,1.669,225
2026-08-28,PALMAS (LAS),diesel,1.409,1.533,1.699,256
2026-08-28,PALMAS (LAS),dieselPlus,1.469,1.643,1.719,154
2026-08-28,PONTEVEDRA,g95,1.616,1.744,1.919,224
2026-08-28,PONTEVEDRA,diesel,1.696,1.881,1.999,224
2026-08-28,PONTEVEDRA,dieselPlus,1.719,1.993,2.119,142
2026-08-28,PONTEVEDRA,g98,1.669,1.914,2.099,135
2026-08-28,SALAMANCA,g95,1.582,1.735,1.859,102
2026-08-28,SALAMANCA,diesel,1.688,1.872,1.959,106
2026-08-28,SALAMANCA,dieselPlus,1.757,1.979,2.059,60
2026-08-28,SALAMANCA,g98,1.752,1.907,1.999,51
2026-08-28,SANTA CRUZ DE TENERIFE,g95,1.275,1.484,1.723,239
2026-08-28,SANTA CRUZ DE TENERIFE,g98,1.345,1.616,1.869,225
2026-08-28,SANTA CRUZ DE TENERIFE,diesel,1.419,1.6,1.86,238
2026-08-28,SANTA CRUZ DE TENERIFE,dieselPlus,1.419,1.701,1.901,128
2026-08-28,CANTABRIA,g95,1.599,1.762,1.859,165
2026-08-28,CANTABRIA,g98,1.745,1.934,2.029,86
2026-08-28,CANTABRIA,diesel,1.689,1.887,2.009,167
2026-08-28,CANTABRIA,dieselPlus,1.719,1.943,2.125,81
2026-08-28,SEGOVIA,g95,1.659,1.764,1.859,75
2026-08-28,SEGOVIA,diesel,1.729,1.895,2.034,76
2026-08-28,SEGOVIA,dieselPlus,1.729,1.979,2.114,43
2026-08-28,SEGOVIA,g98,1.799,1.949,2.057,37
2026-08-28,SEVILLA,g95,1.569,1.71,1.879,426
2026-08-28,SEVILLA,diesel,1.699,1.867,2.074,433
2026-08-28,SEVILLA,dieselPlus,1.735,1.982,2.165,229
2026-08-28,SEVILLA,g98,1.649,1.914,2.219,144
2026-08-28,SORIA,g95,1.6,1.73,1.869,42
2026-08-28,SORIA,g98,1.689,1.923,1.989,17
2026-08-28,SORIA,diesel,1.684,1.858,1.984,41
2026-08-28,SORIA,dieselPlus,1.7,1.95,2.079,20
2026-08-28,TARRAGONA,g95,1.465,1.722,1.889,209
2026-08-28,TARRAGONA,diesel,1.446,1.844,1.992,221
2026-08-28,TARRAGONA,g98,1.699,1.91,2.029,122
2026-08-28,TARRAGONA,dieselPlus,1.739,1.961,2.085,120
2026-08-28,TERUEL,g95,1.533,1.721,1.829,62
2026-08-28,TERUEL,diesel,1.678,1.855,1.959,66
2026-08-28,TERUEL,dieselPlus,1.785,1.994,2.059,31
2026-08-28,TERUEL,g98,1.571,1.899,1.999,30
2026-08-28,TOLEDO,g95,1.587,1.756,2.014,238
2026-08-28,TOLEDO,g98,1.677,1.94,2.134,118
2026-08-28,TOLEDO,diesel,1.699,1.894,2.189,241
2026-08-28,TOLEDO,dieselPlus,1.739,1.974,2.274,115
2026-08-28,VALENCIA / VALÈNCIA,g95,1.499,1.723,1.939,607
2026-08-28,VALENCIA / VALÈNCIA,diesel,1.599,1.827,2.066,621
2026-08-28,VALENCIA / VALÈNCIA,g98,1.639,1.931,2.08,274
2026-08-28,VALENCIA / VALÈNCIA,dieselPlus,1.649,1.938,2.117,305
2026-08-28,VALLADOLID,g95,1.6,1.755,1.895,144
2026-08-28,VALLADOLID,diesel,1.669,1.877,2.015,149
2026-08-28,VALLADOLID,dieselPlus,1.709,1.981,2.105,78
2026-08-28,VALLADOLID,g98,1.729,1.974,2.055,70
2026-08-28,BIZKAIA,g95,1.564,1.757,1.889,125
2026-08-28,BIZKAIA,g98,1.709,1.936,2.019,67
2026-08-28,BIZKAIA,diesel,1.684,1.881,1.999,126
2026-08-28,BIZKAIA,dieselPlus,1.719,1.923,2.089,45
2026-08-28,ZAMORA,g95,1.583,1.737,1.889,80
2026-08-28,ZAMORA,g98,1.719,1.912,2.129,44
2026-08-28,ZAMORA,diesel,1.662,1.87,1.999,86
2026-08-28,ZAMORA,dieselPlus,1.719,1.992,2.129,51
2026-08-28,ZARAGOZA,g95,1.519,1.735,1.879,218
2026-08-28,ZARAGOZA,g98,1.637,1.932,2.015,94
2026-08-28,ZARAGOZA,diesel,1.649,1.856,1.969,231
2026-08-28,ZARAGOZA,dieselPlus,1.718,1.927,2.049,87
2026-08-28,CEUTA,g95,1.549,1.563,1.568,10
2026-08-28,CEUTA,g98,1.589,1.595,1.598,8
2026-08-28,CEUTA,diesel,1.659,1.688,1.698,10
2026-08-28,CEUTA,dieselPlus,1.699,1.732,1.754,4
2026-08-28,MELILLA,g95,1.464,1.465,1.465,12
2026-08-28,MELILLA,diesel,1.435,1.441,1.447,12
2026-08-28,MELILLA,dieselPlus,1.487,1.487,1.487,8
2026-08-29,ARABA/ÁLAVA,g95,1.58,1.757,1.899,68
2026-08-29,ARABA/ÁLAVA,diesel,1.709,1.874,2.039,72
2026-08-29,ARABA/ÁLAVA,dieselPlus,1.757,1.97,2.139,36
2026-08-29,ARABA/ÁLAVA,g98,1.749,1.924,2.009,38
2026-08-29,ALBACETE,g95,1.519,1.729,1.899,142
2026-08-29,ALBACETE,diesel,1.499,1.884,2.009,151
2026-08-29,ALBACETE,dieselPlus,1.729,2.002,2.119,68
2026-08-29,ALBACETE,g98,1.609,1.915,1.999,65
2026-08-29,ALICANTE,g95,1.549,1.765,1.899,469
2026-08-29,ALICANTE,diesel,1.629,1.856,1.999,473
2026-08-29,ALICANTE,g98,1.639,1.946,2.029,257
2026-08-29,ALICANTE,dieselPlus,1.695,1.966,2.119,271
2026-08-29,ALMERÍA,g95,1.499,1.703,1.919,215
2026-08-29,ALMERÍA,g98,1.624,1.894,2.059,92
2026-08-29,ALMERÍA,diesel,1.629,1.836,2.019,226
2026-08-29,ALMERÍA,dieselPlus,1.675,1.942,2.109,118
2026-08-29,ÁVILA,g95,1.609,1.769,1.899,69
2026-08-29,ÁVILA,diesel,1.699,1.923,1.999,70
2026-08-29,ÁVILA,dieselPlus,1.801,2.016,2.099,45
2026-08-29,ÁVILA,g98,1.667,1.904,2.059,33
2026-08-29,BADAJOZ,diesel,1.399,1.866,2.139,272
2026-08-29,BADAJOZ,g95,1.499,1.73,2.079,237
2026-08-29,BADAJOZ,dieselPlus,1.739,1.97,2.259,127
2026-08-29,BADAJOZ,g98,1.699,1.925,2.259,67
2026-08-29,BALEARS (ILLES),g95,1.688,1.833,2.149,215
2026-08-29,BALEARS (ILLES),diesel,1.789,1.971,2.199,215
2026-08-29,BALEARS (ILLES),dieselPlus,1.798,2.049,2.214,101
2026-08-29,BALEARS (ILLES),g98,1.859,1.969,2.049,126
2026-08-29,BARCELONA,g95,1.459,1.697,1.879,767
2026-08-29,BARCELONA,diesel,1.649,1.856,2.009,775
2026-08-29,BARCELONA,dieselPlus,1.689,1.936,2.109,390
2026-08-29,BARCELONA,g98,1.558,1.88,2.069,435
2026-08-29,BURGOS,g95,1.569,1.773,1.96,134
2026-08-29,BURGOS,g98,1.76,1.942,1.999,57
2026-08-29,BURGOS,diesel,1.639,1.865,1.99,138
2026-08-29,BURGOS,dieselPlus,1.719,1.942,2.039,77
2026-08-29,CÁCERES,g95,1.569,1.756,1.889,148
2026-08-29,CÁCERES,diesel,1.654,1.913,2.039,160
2026-08-29,CÁCERES,g98,1.839,1.951,2.098,46
2026-08-29,CÁCERES,dieselPlus,1.769,2.022,2.124,81
2026-08-29,CÁDIZ,g95,1.614,1.772,1.93,281
2026-08-29,CÁDIZ,g98,1.739,1.952,2.019,116
2026-08-29,CÁDIZ,diesel,1.698,1.871,2.024,288
2026-08-29,CÁDIZ,dieselPlus,1.729,1.963,2.104,175
2026-08-29,CASTELLÓN / CASTELLÓ,g95,1.485,1.718,1.919,188
2026-08-29,CASTELLÓN / CASTELLÓ,diesel,1.659,1.872,2.074,190
2026-08-29,CASTELLÓN / CASTELLÓ,dieselPlus,1.665,1.996,2.089,97
2026-08-29,CASTELLÓN / CASTELLÓ,g98,1.609,1.903,2.049,76
2026-08-29,CIUDAD REAL,g95,1.509,1.71,1.899,185
2026-08-29,CIUDAD REAL,g98,1.699,1.907,2.059,69
2026-08-29,CIUDAD REAL,diesel,1.629,1.857,1.989,205
2026-08-29,CIUDAD REAL,dieselPlus,1.739,1.959,2.095,56
2026-08-29,CÓRDOBA,g95,1.539,1.718,1.859,200
2026-08-29,CÓRDOBA,diesel,1.639,1.892,2.019,205
2026-08-29,CÓRDOBA,g98,1.649,1.878,2.029,67
2026-08-29,CÓRDOBA,dieselPlus,1.739,1.973,2.119,102
2026-08-29,CORUÑA (A),g95,1.619,1.76,1.879,281
2026-08-29,CORUÑA (A),diesel,1.685,1.863,1.989,283
2026-08-29,CORUÑA (A),g98,1.731,1.922,2.049,169
2026-08-29,CORUÑA (A),dieselPlus,1.729,1.939,2.065,164
2026-08-29,CUENCA,g95,1.579,1.761,1.899,102
2026-08-29,CUENCA,diesel,1.7,1.896,2.059,112
2026-08-29,CUENCA,dieselPlus,1.749,2.025,2.124,55
2026-08-29,CUENCA,g98,1.759,1.926,2.039,40
2026-08-29,GIRONA,g95,1.498,1.742,1.909,256
2026-08-29,GIRONA,g98,1.679,1.932,2.049,156
2026-08-29,GIRONA,diesel,1.638,1.854,1.999,266
2026-08-29,GIRONA,dieselPlus,1.678,1.967,2.104,149
2026-08-29,GRANADA,g95,1.549,1.72,1.99,276
2026-08-29,GRANADA,diesel,1.639,1.854,2,280
2026-08-29,GRANADA,dieselPlus,1.659,1.958,2.093,169
2026-08-29,GRANADA,g98,1.689,1.904,2.089,151
2026-08-29,GUADALAJARA,g95,1.579,1.756,1.889,87
2026-08-29,GUADALAJARA,diesel,1.739,1.888,1.995,89
2026-08-29,GUADALAJARA,g98,1.709,1.944,2.029,44
2026-08-29,GUADALAJARA,dieselPlus,1.759,1.97,2.069,44
2026-08-29,GIPUZKOA,g95,1.599,1.767,1.849,131
2026-08-29,GIPUZKOA,g98,1.759,1.938,2.005,77
2026-08-29,GIPUZKOA,diesel,1.717,1.901,2.019,144
2026-08-29,GIPUZKOA,dieselPlus,1.766,1.994,2.119,79
2026-08-29,HUELVA,g95,1.563,1.766,1.868,135
2026-08-29,HUELVA,g98,1.78,1.941,2.035,48
2026-08-29,HUELVA,diesel,1.669,1.902,2.249,140
2026-08-29,HUELVA,dieselPlus,1.755,2,2.108,60
2026-08-29,HUESCA,g95,1.527,1.73,1.899,113
2026-08-29,HUESCA,g98,1.795,1.91,2.049,53
2026-08-29,HUESCA,diesel,1.594,1.871,2.05,123
2026-08-29,HUESCA,dieselPlus,1.748,1.976,2.135,58
2026-08-29,JAÉN,g95,1.549,1.732,1.829,205
2026-08-29,JAÉN,g98,1.695,1.909,2.299,80
2026-08-29,JAÉN,diesel,1.679,1.897,2.029,209
2026-08-29,JAÉN,dieselPlus,1.769,1.988,2.189,100
2026-08-29,LEÓN,g95,1.609,1.746,1.854,157
2026-08-29,LEÓN,diesel,1.709,1.897,2.039,163
2026-08-29,LEÓN,dieselPlus,1.789,1.973,2.105,112
2026-08-29,LEÓN,g98,1.769,1.901,1.999,94
2026-08-29,LLEIDA,g95,1.4,1.679,1.895,163
2026-08-29,LLEIDA,diesel,1.53,1.822,1.999,179
2026-08-29,LLEIDA,dieselPlus,1.713,1.928,2.095,77
2026-08-29,LLEIDA,g98,1.563,1.868,1.999,77
2026-08-29,RIOJA (LA),g95,1.569,1.728,1.825,79
2026-08-29,RIOJA (LA),diesel,1.659,1.843,1.985,81
2026-08-29,RIOJA (LA),dieselPlus,1.789,1.951,2.019,38
2026-08-29,RIOJA (LA),g98,1.738,1.906,1.969,36
2026-08-29,LUGO,g95,1.599,1.773,1.859,124
2026-08-29,LUGO,diesel,1.609,1.897,1.999,126
2026-08-29,LUGO,dieselPlus,1.799,1.99,2.084,64
2026-08-29,LUGO,g98,1.759,1.929,1.979,59
2026-08-29,MADRID,g95,1.559,1.751,1.959,850
2026-08-29,MADRID,g98,1.699,1.941,2.239,414
2026-08-29,MADRID,diesel,1.699,1.881,2.099,857
2026-08-29,MADRID,dieselPlus,1.739,1.962,2.159,451
2026-08-29,MÁLAGA,g95,1.598,1.772,2.099,301
2026-08-29,MÁLAGA,diesel,1.741,1.91,2.149,304
2026-08-29,MÁLAGA,dieselPlus,1.759,2.007,2.129,208
2026-08-29,MÁLAGA,g98,1.699,1.94,2.009,163
2026-08-29,MURCIA,g95,1.54,1.722,2.089,429
2026-08-29,MURCIA,diesel,1.589,1.841,2.249,452
2026-08-29,MURCIA,dieselPlus,1.599,1.915,2.069,233
2026-08-29,MURCIA,g98,1.647,1.887,2.129,234
2026-08-29,NAVARRA,g95,1.515,1.705,1.839,211
2026-08-29,NAVARRA,diesel,1.539,1.813,1.979,236
2026-08-29,NAVARRA,dieselPlus,1.699,1.928,2.069,96
2026-08-29,NAVARRA,g98,1.649,1.922,2.059,62
2026-08-29,OURENSE,g95,1.619,1.762,1.889,87
2026-08-29,OURENSE,g98,1.729,1.905,2.045,62
2026-08-29,OURENSE,diesel,1.697,1.892,1.999,87
2026-08-29,OURENSE,dieselPlus,1.717,1.969,2.069,57
2026-08-29,ASTURIAS,g95,1.599,1.793,1.909,222
2026-08-29,ASTURIAS,diesel,1.709,1.917,1.999,236
2026-08-29,ASTURIAS,dieselPlus,1.784,1.996,2.099,158
2026-08-29,ASTURIAS,g98,1.769,1.943,2.079,141
2026-08-29,PALENCIA,g95,1.617,1.79,1.909,66
2026-08-29,PALENCIA,diesel,1.729,1.921,1.999,68
2026-08-29,PALENCIA,dieselPlus,1.789,2.015,2.089,45
2026-08-29,PALENCIA,g98,1.788,1.96,2.019,38
2026-08-29,PALMAS (LAS),g95,1.244,1.428,1.559,255
2026-08-29,PALMAS (LAS),g98,1.345,1.569,1.679,224
2026-08-29,PALMAS (LAS),diesel,1.409,1.533,1.699,255
2026-08-29,PALMAS (LAS),dieselPlus,1.469,1.644,1.719,154
2026-08-29,PONTEVEDRA,g95,1.616,1.746,1.919,224
2026-08-29,PONTEVEDRA,diesel,1.696,1.876,1.999,224
2026-08-29,PONTEVEDRA,dieselPlus,1.719,1.985,2.119,142
2026-08-29,PONTEVEDRA,g98,1.669,1.912,2.099,135
2026-08-29,SALAMANCA,g95,1.582,1.736,1.859,102
2026-08-29,SALAMANCA,diesel,1.688,1.869,1.959,106
2026-08-29,SALAMANCA,dieselPlus,1.757,1.975,2.059,60
2026-08-29,SALAMANCA,g98,1.752,1.904,1.999,51
2026-08-29,SANTA CRUZ DE TENERIFE,g95,1.275,1.484,1.723,239
2026-08-29,SANTA CRUZ DE TENERIFE,g98,1.345,1.617,1.869,225
2026-08-29,SANTA CRUZ DE TENERIFE,diesel,1.419,1.599,1.86,238
2026-08-29,SANTA CRUZ DE TENERIFE,dieselPlus,1.449,1.704,1.901,128
2026-08-29,CANTABRIA,g95,1.599,1.762,1.859,165
2026-08-29,CANTABRIA,g98,1.745,1.932,2.029,86
2026-08-29,CANTABRIA,diesel,1.689,1.884,2.005,167
2026-08-29,CANTABRIA,dieselPlus,1.719,1.942,2.125,81
2026-08-29,SEGOVIA,g95,1.659,1.764,1.859,75
2026-08-29,SEGOVIA,diesel,1.729,1.892,2.034,76
2026-08-29,SEGOVIA,dieselPlus,1.729,1.975,2.114,43
2026-08-29,SEGOVIA,g98,1.799,1.948,2.057,37
2026-08-29,SEVILLA,g95,1.569,1.71,1.879,424
2026-08-29,SEVILLA,diesel,1.699,1.865,2.074,431
2026-08-29,SEVILLA,dieselPlus,1.735,1.977,2.165,229
2026-08-29,SEVILLA,g98,1.649,1.912,2.219,144
2026-08-29,SORIA,g95,1.6,1.732,1.869,42
2026-08-29,SORIA,g98,1.699,1.923,1.988,17
2026-08-29,SORIA,diesel,1.684,1.855,1.984,41
2026-08-29,SORIA,dieselPlus,1.7,1.945,2.069,20
2026-08-29,TARRAGONA,g95,1.465,1.722,1.919,209
2026-08-29,TARRAGONA,diesel,1.446,1.839,1.992,221
2026-08-29,TARRAGONA,g98,1.699,1.905,2.049,122
2026-08-29,TARRAGONA,dieselPlus,1.739,1.954,2.105,120
2026-08-29,TERUEL,g95,1.533,1.725,1.889,63
2026-08-29,TERUEL,diesel,1.678,1.853,1.959,67
2026-08-29,TERUEL,dieselPlus,1.785,1.989,2.059,32
2026-08-29,TERUEL,g98,1.571,1.9,2.049,30
2026-08-29,TOLEDO,g95,1.587,1.756,2.014,237
2026-08-29,TOLEDO,g98,1.677,1.937,2.134,117
2026-08-29,TOLEDO,diesel,1.699,1.89,2.189,240
2026-08-29,TOLEDO,dieselPlus,1.739,1.972,2.274,115
2026-08-29,VALENCIA / VALÈNCIA,g95,1.539,1.722,1.939,603
2026-08-29,VALENCIA / VALÈNCIA,diesel,1.599,1.823,2.066,617
2026-08-29,VALENCIA / VALÈNCIA,g98,1.639,1.928,2.08,273
2026-08-29,VALENCIA / VALÈNCIA,dieselPlus,1.649,1.931,2.117,304
2026-08-29,VALLADOLID,g95,1.6,1.755,1.895,144
2026-08-29,VALLADOLID,diesel,1.669,1.873,2.055,149
2026-08-29,VALLADOLID,dieselPlus,1.709,1.975,2.105,78
2026-08-29,VALLADOLID,g98,1.729,1.968,2.055,70
2026-08-29,BIZKAIA,g95,1.589,1.759,1.889,125
2026-08-29,BIZKAIA,g98,1.709,1.932,2.009,67
2026-08-29,BIZKAIA,diesel,1.684,1.877,1.999,126
2026-08-29,BIZKAIA,dieselPlus,1.719,1.924,2.089,45
2026-08-29,ZAMORA,g95,1.583,1.741,1.889,80
2026-08-29,ZAMORA,g98,1.719,1.911,2.129,44
2026-08-29,ZAMORA,diesel,1.662,1.866,1.999,86
2026-08-29,ZAMORA,dieselPlus,1.719,1.985,2.129,51
2026-08-29,ZARAGOZA,g95,1.519,1.735,1.879,218
2026-08-29,ZARAGOZA,g98,1.648,1.929,2.005,94
2026-08-29,ZARAGOZA,diesel,1.649,1.852,1.969,231
2026-08-29,ZARAGOZA,dieselPlus,1.718,1.925,2.049,87
2026-08-29,CEUTA,g95,1.549,1.563,1.568,10
2026-08-29,CEUTA,g98,1.589,1.595,1.598,8
2026-08-29,CEUTA,diesel,1.679,1.694,1.699,10
2026-08-29,CEUTA,dieselPlus,1.719,1.741,1.754,4
2026-08-29,MELILLA,g95,1.464,1.465,1.465,12
2026-08-29,MELILLA,diesel,1.435,1.443,1.447,12
2026-08-29,MELILLA,dieselPlus,1.487,1.49,1.497,8
2026-08-30,ARABA/ÁLAVA,g95,1.58,1.757,1.919,66
2026-08-30,ARABA/ÁLAVA,diesel,1.709,1.874,2.039,72
2026-08-30,ARABA/ÁLAVA,dieselPlus,1.757,1.971,2.139,36
2026-08-30,ARABA/ÁLAVA,g98,1.749,1.924,2.019,37
2026-08-30,ALBACETE,g95,1.519,1.73,1.909,141
2026-08-30,ALBACETE,diesel,1.499,1.885,2.029,151
2026-08-30,ALBACETE,dieselPlus,1.729,2.004,2.139,68
2026-08-30,ALBACETE,g98,1.609,1.916,1.999,65
2026-08-30,ALICANTE,g95,1.549,1.766,1.899,466
2026-08-30,ALICANTE,diesel,1.629,1.856,1.989,473
2026-08-30,ALICANTE,g98,1.639,1.947,2.029,257
2026-08-30,ALICANTE,dieselPlus,1.695,1.966,2.119,271
2026-08-30,ALMERÍA,g95,1.499,1.703,1.919,214
2026-08-30,ALMERÍA,g98,1.624,1.895,2.059,92
2026-08-30,ALMERÍA,diesel,1.629,1.836,2.049,226
2026-08-30,ALMERÍA,dieselPlus,1.675,1.943,2.129,118
2026-08-30,ÁVILA,g95,1.609,1.772,1.899,69
2026-08-30,ÁVILA,diesel,1.699,1.926,2.024,70
2026-08-30,ÁVILA,dieselPlus,1.801,2.02,2.109,45
2026-08-30,ÁVILA,g98,1.667,1.908,2.059,33
2026-08-30,BADAJOZ,diesel,1.399,1.866,2.139,272
2026-08-30,BADAJOZ,g95,1.499,1.731,2.079,236
2026-08-30,BADAJOZ,dieselPlus,1.739,1.97,2.259,127
2026-08-30,BADAJOZ,g98,1.699,1.925,2.259,67
2026-08-30,BALEARS (ILLES),g95,1.688,1.836,2.149,214
2026-08-30,BALEARS (ILLES),diesel,1.789,1.972,2.199,215
2026-08-30,BALEARS (ILLES),dieselPlus,1.798,2.051,2.239,101
2026-08-30,BALEARS (ILLES),g98,1.859,1.969,2.049,126
2026-08-30,BARCELONA,g95,1.459,1.697,1.899,757
2026-08-30,BARCELONA,diesel,1.649,1.857,2.039,775
2026-08-30,BARCELONA,dieselPlus,1.689,1.937,2.109,390
2026-08-30,BARCELONA,g98,1.558,1.881,2.109,428
2026-08-30,BURGOS,g95,1.569,1.776,1.96,133
2026-08-30,BURGOS,g98,1.76,1.946,2.028,57
2026-08-30,BURGOS,diesel,1.639,1.867,1.999,138
2026-08-30,BURGOS,dieselPlus,1.719,1.946,2.049,77
2026-08-30,CÁCERES,g95,1.569,1.758,1.929,148
2026-08-30,CÁCERES,diesel,1.654,1.913,2.039,160
2026-08-30,CÁCERES,g98,1.839,1.952,2.109,46
2026-08-30,CÁCERES,dieselPlus,1.769,2.023,2.124,81
2026-08-30,CÁDIZ,g95,1.614,1.775,1.93,280
2026-08-30,CÁDIZ,g98,1.739,1.953,2.019,116
2026-08-30,CÁDIZ,diesel,1.698,1.873,2.039,288
2026-08-30,CÁDIZ,dieselPlus,1.729,1.966,2.104,175
2026-08-30,CASTELLÓN / CASTELLÓ,g95,1.485,1.719,1.919,187
2026-08-30,CASTELLÓN / CASTELLÓ,diesel,1.659,1.873,2.074,190
2026-08-30,CASTELLÓN / CASTELLÓ,dieselPlus,1.665,1.997,2.089,97
2026-08-30,CASTELLÓN / CASTELLÓ,g98,1.609,1.904,2.049,76
2026-08-30,CIUDAD REAL,g95,1.509,1.711,1.899,185
2026-08-30,CIUDAD REAL,g98,1.699,1.907,2.059,69
2026-08-30,CIUDAD REAL,diesel,1.629,1.857,1.989,205
2026-08-30,CIUDAD REAL,dieselPlus,1.739,1.961,2.095,56
2026-08-30,CÓRDOBA,g95,1.539,1.718,1.859,199
2026-08-30,CÓRDOBA,diesel,1.639,1.892,2.019,205
2026-08-30,CÓRDOBA,g98,1.649,1.878,2.029,66
2026-08-30,CÓRDOBA,dieselPlus,1.739,1.973,2.119,102
2026-08-30,CORUÑA (A),g95,1.619,1.762,1.919,281
2026-08-30,CORUÑA (A),diesel,1.685,1.865,1.989,283
2026-08-30,CORUÑA (A),g98,1.731,1.924,2.119,169
2026-08-30,CORUÑA (A),dieselPlus,1.729,1.94,2.065,164
2026-08-30,CUENCA,g95,1.579,1.762,1.899,99
2026-08-30,CUENCA,diesel,1.7,1.898,2.059,112
2026-08-30,CUENCA,dieselPlus,1.749,2.028,2.149,55
2026-08-30,CUENCA,g98,1.759,1.928,2.045,40
2026-08-30,GIRONA,g95,1.498,1.742,1.924,254
2026-08-30,GIRONA,g98,1.679,1.933,2.049,156
2026-08-30,GIRONA,diesel,1.638,1.855,1.999,266
2026-08-30,GIRONA,dieselPlus,1.678,1.968,2.099,149
2026-08-30,GRANADA,g95,1.549,1.719,1.99,274
2026-08-30,GRANADA,diesel,1.639,1.853,2,280
2026-08-30,GRANADA,dieselPlus,1.659,1.959,2.093,169
2026-08-30,GRANADA,g98,1.689,1.905,2.089,151
2026-08-30,GUADALAJARA,g95,1.579,1.757,1.889,86
2026-08-30,GUADALAJARA,diesel,1.739,1.89,2.009,89
2026-08-30,GUADALAJARA,g98,1.709,1.946,2.029,43
2026-08-30,GUADALAJARA,dieselPlus,1.759,1.974,2.099,44
2026-08-30,GIPUZKOA,g95,1.567,1.766,1.864,126
2026-08-30,GIPUZKOA,g98,1.759,1.938,2.005,73
2026-08-30,GIPUZKOA,diesel,1.687,1.902,2.029,144
2026-08-30,GIPUZKOA,dieselPlus,1.766,1.994,2.119,79
2026-08-30,HUELVA,g95,1.563,1.766,1.884,132
2026-08-30,HUELVA,g98,1.78,1.941,2.035,47
2026-08-30,HUELVA,diesel,1.669,1.904,2.249,140
2026-08-30,HUELVA,dieselPlus,1.755,2.003,2.119,60
2026-08-30,HUESCA,g95,1.527,1.731,1.899,113
2026-08-30,HUESCA,g98,1.795,1.911,2.049,53
2026-08-30,HUESCA,diesel,1.594,1.872,2.05,123
2026-08-30,HUESCA,dieselPlus,1.748,1.978,2.135,58
2026-08-30,JAÉN,g95,1.549,1.733,1.839,203
2026-08-30,JAÉN,g98,1.695,1.911,2.299,79
2026-08-30,JAÉN,diesel,1.679,1.899,2.049,209
2026-08-30,JAÉN,dieselPlus,1.769,1.99,2.209,100
2026-08-30,LEÓN,g95,1.609,1.748,1.854,156
2026-08-30,LEÓN,diesel,1.709,1.898,2.039,163
2026-08-30,LEÓN,dieselPlus,1.789,1.975,2.105,112
2026-08-30,LEÓN,g98,1.769,1.903,1.999,93
2026-08-30,LLEIDA,g95,1.4,1.679,1.895,163
2026-08-30,LLEIDA,diesel,1.53,1.822,1.999,179
2026-08-30,LLEIDA,dieselPlus,1.713,1.929,2.095,77
2026-08-30,LLEIDA,g98,1.563,1.868,1.999,77
2026-08-30,RIOJA (LA),g95,1.569,1.728,1.829,79
2026-08-30,RIOJA (LA),diesel,1.659,1.843,1.985,81
2026-08-30,RIOJA (LA),dieselPlus,1.789,1.952,2.049,38
2026-08-30,RIOJA (LA),g98,1.738,1.907,1.989,36
2026-08-30,LUGO,g95,1.599,1.773,1.859,122
2026-08-30,LUGO,diesel,1.609,1.898,2.019,126
2026-08-30,LUGO,dieselPlus,1.799,1.991,2.099,64
2026-08-30,LUGO,g98,1.759,1.929,1.984,57
2026-08-30,MADRID,g95,1.559,1.753,1.959,839
2026-08-30,MADRID,g98,1.699,1.943,2.239,412
2026-08-30,MADRID,diesel,1.699,1.883,2.099,858
2026-08-30,MADRID,dieselPlus,1.739,1.967,2.159,452
2026-08-30,MÁLAGA,g95,1.584,1.774,2.099,301
2026-08-30,MÁLAGA,diesel,1.728,1.911,2.149,304
2026-08-30,MÁLAGA,dieselPlus,1.759,2.009,2.115,208
2026-08-30,MÁLAGA,g98,1.699,1.941,2.019,163
2026-08-30,MURCIA,g95,1.54,1.724,2.089,423
2026-08-30,MURCIA,diesel,1.589,1.842,2.249,451
2026-08-30,MURCIA,dieselPlus,1.599,1.916,2.069,233
2026-08-30,MURCIA,g98,1.647,1.89,2.129,232
2026-08-30,NAVARRA,g95,1.515,1.705,1.864,208
2026-08-30,NAVARRA,diesel,1.539,1.814,1.984,235
2026-08-30,NAVARRA,dieselPlus,1.699,1.93,2.069,96
2026-08-30,NAVARRA,g98,1.649,1.923,2.059,62
2026-08-30,OURENSE,g95,1.619,1.764,1.889,87
2026-08-30,OURENSE,g98,1.729,1.908,2.045,62
2026-08-30,OURENSE,diesel,1.697,1.892,1.999,87
2026-08-30,OURENSE,dieselPlus,1.717,1.971,2.069,57
2026-08-30,ASTURIAS,g95,1.599,1.796,1.909,220
2026-08-30,ASTURIAS,diesel,1.709,1.92,2.024,236
2026-08-30,ASTURIAS,dieselPlus,1.784,1.999,2.099,158
2026-08-30,ASTURIAS,g98,1.769,1.947,2.079,139
2026-08-30,PALENCIA,g95,1.617,1.792,1.909,66
2026-08-30,PALENCIA,diesel,1.729,1.923,2.019,68
2026-08-30,PALENCIA,dieselPlus,1.809,2.019,2.089,45
2026-08-30,PALENCIA,g98,1.788,1.963,2.019,38
2026-08-30,PALMAS (LAS),g95,1.244,1.43,1.559,255
2026-08-30,PALMAS (LAS),g98,1.345,1.571,1.679,224
2026-08-30,PALMAS (LAS),diesel,1.409,1.535,1.699,255
2026-08-30,PALMAS (LAS),dieselPlus,1.469,1.644,1.719,154
2026-08-30,PONTEVEDRA,g95,1.616,1.747,1.919,223
2026-08-30,PONTEVEDRA,diesel,1.696,1.877,2.019,224
2026-08-30,PONTEVEDRA,dieselPlus,1.719,1.987,2.119,142
2026-08-30,PONTEVEDRA,g98,1.669,1.914,2.099,134
2026-08-30,SALAMANCA,g95,1.582,1.739,1.899,101
2026-08-30,SALAMANCA,diesel,1.688,1.872,1.964,106
2026-08-30,SALAMANCA,dieselPlus,1.757,1.979,2.059,60
2026-08-30,SALAMANCA,g98,1.752,1.906,1.999,50
2026-08-30,SANTA CRUZ DE TENERIFE,g95,1.275,1.486,1.723,239
2026-08-30,SANTA CRUZ DE TENERIFE,g98,1.345,1.619,1.869,225
2026-08-30,SANTA CRUZ DE TENERIFE,diesel,1.419,1.601,1.86,238
2026-08-30,SANTA CRUZ DE TENERIFE,dieselPlus,1.449,1.705,1.901,128
2026-08-30,CANTABRIA,g95,1.599,1.763,1.874,161
2026-08-30,CANTABRIA,g98,1.745,1.934,2.029,84
2026-08-30,CANTABRIA,diesel,1.689,1.886,2.005,167
2026-08-30,CANTABRIA,dieselPlus,1.719,1.946,2.125,81
2026-08-30,SEGOVIA,g95,1.659,1.764,1.859,75
2026-08-30,SEGOVIA,diesel,1.729,1.892,2.034,76
2026-08-30,SEGOVIA,dieselPlus,1.729,1.975,2.114,43
2026-08-30,SEGOVIA,g98,1.799,1.948,2.057,37
2026-08-30,SEVILLA,g95,1.569,1.71,1.879,419
2026-08-30,SEVILLA,diesel,1.699,1.865,2.074,431
2026-08-30,SEVILLA,dieselPlus,1.735,1.978,2.165,229
2026-08-30,SEVILLA,g98,1.649,1.912,2.219,144
2026-08-30,SORIA,g95,1.6,1.733,1.869,42
2026-08-30,SORIA,g98,1.699,1.926,1.988,17
2026-08-30,SORIA,diesel,1.684,1.855,1.984,41
2026-08-30,SORIA,dieselPlus,1.7,1.946,2.069,20
2026-08-30,TARRAGONA,g95,1.465,1.722,1.919,205
2026-08-30,TARRAGONA,diesel,1.446,1.841,1.999,221
2026-08-30,TARRAGONA,g98,1.699,1.905,2.049,120
2026-08-30,TARRAGONA,dieselPlus,1.739,1.955,2.105,120
2026-08-30,TERUEL,g95,1.533,1.725,1.889,62
2026-08-30,TERUEL,diesel,1.628,1.852,1.969,67
2026-08-30,TERUEL,dieselPlus,1.785,1.989,2.059,32
2026-08-30,TERUEL,g98,1.571,1.9,2.049,30
2026-08-30,TOLEDO,g95,1.587,1.757,2.034,238
2026-08-30,TOLEDO,g98,1.677,1.938,2.154,118
2026-08-30,TOLEDO,diesel,1.699,1.891,2.204,241
2026-08-30,TOLEDO,dieselPlus,1.739,1.974,2.289,115
2026-08-30,VALENCIA / VALÈNCIA,g95,1.539,1.721,1.939,593
2026-08-30,VALENCIA / VALÈNCIA,diesel,1.599,1.823,2.066,614
2026-08-30,VALENCIA / VALÈNCIA,g98,1.639,1.928,2.08,268
2026-08-30,VALENCIA / VALÈNCIA,dieselPlus,1.649,1.932,2.117,302
2026-08-30,VALLADOLID,g95,1.6,1.757,1.889,144
2026-08-30,VALLADOLID,diesel,1.669,1.874,2.029,149
2026-08-30,VALLADOLID,dieselPlus,1.709,1.977,2.119,78
2026-08-30,VALLADOLID,g98,1.729,1.969,2.045,70
2026-08-30,BIZKAIA,g95,1.589,1.759,1.889,124
2026-08-30,BIZKAIA,g98,1.709,1.932,2.009,66
2026-08-30,BIZKAIA,diesel,1.684,1.877,1.999,126
2026-08-30,BIZKAIA,dieselPlus,1.719,1.925,2.089,45
2026-08-30,ZAMORA,g95,1.583,1.742,1.889,80
2026-08-30,ZAMORA,g98,1.719,1.912,2.129,44
2026-08-30,ZAMORA,diesel,1.662,1.868,1.999,86
2026-08-30,ZAMORA,dieselPlus,1.719,1.987,2.129,51
2026-08-30,ZARAGOZA,g95,1.519,1.736,1.879,213
2026-08-30,ZARAGOZA,g98,1.648,1.931,2.005,94
2026-08-30,ZARAGOZA,diesel,1.649,1.853,1.969,231
2026-08-30,ZARAGOZA,dieselPlus,1.718,1.93,2.049,87
2026-08-30,CEUTA,g95,1.549,1.563,1.568,10
2026-08-30,CEUTA,g98,1.589,1.595,1.598,8
2026-08-30,CEUTA,diesel,1.679,1.694,1.699,10
2026-08-30,CEUTA,dieselPlus,1.719,1.741,1.754,4
2026-08-30,MELILLA,g95,1.464,1.465,1.465,12
2026-08-30,MELILLA,diesel,1.435,1.443,1.447,12
2026-08-30,MELILLA,dieselPlus,1.487,1.49,1.497,8
2026-08-31,ARABA/ÁLAVA,g95,1.569,1.763,1.939,68
2026-08-31,ARABA/ÁLAVA,diesel,1.689,1.873,2.039,72
2026-08-31,ARABA/ÁLAVA,dieselPlus,1.757,1.968,2.139,36
2026-08-31,ARABA/ÁLAVA,g98,1.749,1.928,2.029,38
2026-08-31,ALBACETE,g95,1.538,1.736,1.949,141
2026-08-31,ALBACETE,diesel,1.499,1.882,2.009,150
2026-08-31,ALBACETE,dieselPlus,1.729,1.999,2.119,68
2026-08-31,ALBACETE,g98,1.609,1.922,2.069,65
2026-08-31,ALICANTE,g95,1.549,1.768,1.925,475
2026-08-31,ALICANTE,diesel,1.629,1.854,1.99,479
2026-08-31,ALICANTE,g98,1.639,1.946,2.029,259
2026-08-31,ALICANTE,dieselPlus,1.695,1.964,2.119,276
2026-08-31,ALMERÍA,g95,1.499,1.706,1.919,216
2026-08-31,ALMERÍA,g98,1.624,1.897,2.059,93
2026-08-31,ALMERÍA,diesel,1.629,1.834,2.049,227
2026-08-31,ALMERÍA,dieselPlus,1.675,1.943,2.129,119
2026-08-31,ÁVILA,g95,1.609,1.776,1.959,70
2026-08-31,ÁVILA,diesel,1.699,1.918,1.999,71
2026-08-31,ÁVILA,dieselPlus,1.791,2.009,2.099,46
2026-08-31,ÁVILA,g98,1.667,1.902,2.029,34
2026-08-31,BADAJOZ,diesel,1.399,1.862,2.139,272
2026-08-31,BADAJOZ,g95,1.499,1.734,2.079,237
2026-08-31,BADAJOZ,dieselPlus,1.739,1.967,2.259,127
2026-08-31,BADAJOZ,g98,1.699,1.927,2.259,67
2026-08-31,BALEARS (ILLES),g95,1.688,1.847,2.149,215
2026-08-31,BALEARS (ILLES),diesel,1.789,1.956,2.199,215
2026-08-31,BALEARS (ILLES),dieselPlus,1.798,2.039,2.179,101
2026-08-31,BALEARS (ILLES),g98,1.859,1.981,2.079,126
2026-08-31,BARCELONA,g95,1.459,1.703,1.963,767
2026-08-31,BARCELONA,diesel,1.599,1.85,2.019,776
2026-08-31,BARCELONA,dieselPlus,1.689,1.932,2.105,390
2026-08-31,BARCELONA,g98,1.583,1.884,2.109,435
2026-08-31,BURGOS,g95,1.569,1.781,1.96,134
2026-08-31,BURGOS,g98,1.76,1.949,2.098,57
2026-08-31,BURGOS,diesel,1.639,1.864,1.99,138
2026-08-31,BURGOS,dieselPlus,1.719,1.944,2.039,77
2026-08-31,CÁCERES,g95,1.559,1.761,1.929,148
2026-08-31,CÁCERES,diesel,1.654,1.905,2.039,160
2026-08-31,CÁCERES,g98,1.839,1.955,2.109,46
2026-08-31,CÁCERES,dieselPlus,1.744,2.017,2.119,81
2026-08-31,CÁDIZ,g95,1.614,1.777,1.939,285
2026-08-31,CÁDIZ,g98,1.729,1.952,2.024,116
2026-08-31,CÁDIZ,diesel,1.698,1.871,2.039,289
2026-08-31,CÁDIZ,dieselPlus,1.729,1.963,2.109,175
2026-08-31,CASTELLÓN / CASTELLÓ,g95,1.485,1.721,1.919,188
2026-08-31,CASTELLÓN / CASTELLÓ,diesel,1.597,1.867,2.074,190
2026-08-31,CASTELLÓN / CASTELLÓ,dieselPlus,1.665,1.995,2.089,96
2026-08-31,CASTELLÓN / CASTELLÓ,g98,1.609,1.905,2.049,76
2026-08-31,CIUDAD REAL,g95,1.509,1.716,1.899,191
2026-08-31,CIUDAD REAL,g98,1.699,1.908,2.039,70
2026-08-31,CIUDAD REAL,diesel,1.629,1.856,1.989,211
2026-08-31,CIUDAD REAL,dieselPlus,1.739,1.956,2.095,61
2026-08-31,CÓRDOBA,g95,1.539,1.72,1.899,200
2026-08-31,CÓRDOBA,diesel,1.639,1.889,2.019,205
2026-08-31,CÓRDOBA,g98,1.649,1.879,2.029,67
2026-08-31,CÓRDOBA,dieselPlus,1.739,1.968,2.109,102
2026-08-31,CORUÑA (A),g95,1.619,1.771,1.938,282
2026-08-31,CORUÑA (A),diesel,1.685,1.853,1.989,284
2026-08-31,CORUÑA (A),g98,1.731,1.935,2.169,169
2026-08-31,CORUÑA (A),dieselPlus,1.729,1.934,2.065,165
2026-08-31,CUENCA,g95,1.579,1.766,1.939,103
2026-08-31,CUENCA,diesel,1.659,1.893,2.059,114
2026-08-31,CUENCA,dieselPlus,1.749,2.022,2.129,55
2026-08-31,CUENCA,g98,1.759,1.929,2.045,40
2026-08-31,GIRONA,g95,1.498,1.743,1.977,258
2026-08-31,GIRONA,g98,1.679,1.934,2.14,156
2026-08-31,GIRONA,diesel,1.606,1.851,1.999,268
2026-08-31,GIRONA,dieselPlus,1.678,1.964,2.099,149
2026-08-31,GRANADA,g95,1.549,1.722,1.99,276
2026-08-31,GRANADA,diesel,1.639,1.851,2,280
2026-08-31,GRANADA,dieselPlus,1.659,1.955,2.093,169
2026-08-31,GRANADA,g98,1.689,1.905,2.089,151
2026-08-31,GUADALAJARA,g95,1.579,1.763,1.889,87
2026-08-31,GUADALAJARA,diesel,1.739,1.888,1.995,89
2026-08-31,GUADALAJARA,g98,1.699,1.95,2.029,44
2026-08-31,GUADALAJARA,dieselPlus,1.759,1.971,2.079,44
2026-08-31,GIPUZKOA,g95,1.577,1.77,1.864,131
2026-08-31,GIPUZKOA,g98,1.759,1.941,2.005,77
2026-08-31,GIPUZKOA,diesel,1.687,1.9,2.019,144
2026-08-31,GIPUZKOA,dieselPlus,1.737,1.991,2.119,80
2026-08-31,HUELVA,g95,1.563,1.77,1.884,135
2026-08-31,HUELVA,g98,1.78,1.943,2.035,48
2026-08-31,HUELVA,diesel,1.209,1.895,2.249,140
2026-08-31,HUELVA,dieselPlus,1.755,2.001,2.108,60
2026-08-31,HUESCA,g95,1.529,1.735,1.89,112
2026-08-31,HUESCA,g98,1.795,1.913,2.029,53
2026-08-31,HUESCA,diesel,1.608,1.865,2.05,122
2026-08-31,HUESCA,dieselPlus,1.748,1.972,2.115,58
2026-08-31,JAÉN,g95,1.549,1.735,1.849,205
2026-08-31,JAÉN,g98,1.695,1.912,2.299,80
2026-08-31,JAÉN,diesel,1.679,1.896,2.029,209
2026-08-31,JAÉN,dieselPlus,1.749,1.988,2.189,100
2026-08-31,LEÓN,g95,1.627,1.751,1.925,157
2026-08-31,LEÓN,diesel,1.719,1.893,2.005,163
2026-08-31,LEÓN,dieselPlus,1.789,1.967,2.099,112
2026-08-31,LEÓN,g98,1.769,1.904,2.035,94
2026-08-31,LLEIDA,g95,1.4,1.684,1.895,163
2026-08-31,LLEIDA,diesel,1.53,1.808,1.999,179
2026-08-31,LLEIDA,dieselPlus,1.713,1.927,2.109,77
2026-08-31,LLEIDA,g98,1.589,1.869,2.04,77
2026-08-31,RIOJA (LA),g95,1.569,1.731,1.829,79
2026-08-31,RIOJA (LA),diesel,1.659,1.842,1.985,81
2026-08-31,RIOJA (LA),dieselPlus,1.774,1.949,2.029,38
2026-08-31,RIOJA (LA),g98,1.829,1.911,1.989,36
2026-08-31,LUGO,g95,1.639,1.778,1.859,125
2026-08-31,LUGO,diesel,1.599,1.894,2.019,127
2026-08-31,LUGO,dieselPlus,1.799,1.989,2.099,65
2026-08-31,LUGO,g98,1.759,1.931,1.984,59
2026-08-31,MADRID,g95,1.559,1.758,1.969,856
2026-08-31,MADRID,g98,1.729,1.947,2.239,414
2026-08-31,MADRID,diesel,1.55,1.879,2.099,861
2026-08-31,MADRID,dieselPlus,1.59,1.96,2.159,455
2026-08-31,MÁLAGA,g95,1.598,1.775,2.099,302
2026-08-31,MÁLAGA,diesel,1.679,1.907,2.149,305
2026-08-31,MÁLAGA,dieselPlus,1.759,2.005,2.115,209
2026-08-31,MÁLAGA,g98,1.699,1.942,2.019,164
2026-08-31,MURCIA,g95,1.54,1.728,2.089,428
2026-08-31,MURCIA,diesel,1.589,1.838,2.249,451
2026-08-31,MURCIA,dieselPlus,1.599,1.911,2.069,233
2026-08-31,MURCIA,g98,1.648,1.894,2.129,234
2026-08-31,NAVARRA,g95,1.525,1.73,1.879,212
2026-08-31,NAVARRA,diesel,1.539,1.806,1.979,236
2026-08-31,NAVARRA,dieselPlus,1.699,1.927,2.069,96
2026-08-31,NAVARRA,g98,1.649,1.927,2.059,62
2026-08-31,OURENSE,g95,1.619,1.767,1.968,87
2026-08-31,OURENSE,g98,1.729,1.912,2.14,62
2026-08-31,OURENSE,diesel,1.697,1.887,1.999,87
2026-08-31,OURENSE,dieselPlus,1.717,1.967,2.069,57
2026-08-31,ASTURIAS,g95,1.599,1.799,1.939,221
2026-08-31,ASTURIAS,diesel,1.709,1.916,2.004,236
2026-08-31,ASTURIAS,dieselPlus,1.784,1.995,2.099,158
2026-08-31,ASTURIAS,g98,1.769,1.949,2.109,141
2026-08-31,PALENCIA,g95,1.617,1.794,1.889,66
2026-08-31,PALENCIA,diesel,1.699,1.919,1.999,68
2026-08-31,PALENCIA,dieselPlus,1.809,2.013,2.089,45
2026-08-31,PALENCIA,g98,1.808,1.966,2.059,38
2026-08-31,PALMAS (LAS),g95,1.244,1.428,1.559,255
2026-08-31,PALMAS (LAS),g98,1.345,1.568,1.679,224
2026-08-31,PALMAS (LAS),diesel,1.409,1.533,1.699,255
2026-08-31,PALMAS (LAS),dieselPlus,1.469,1.644,1.719,154
2026-08-31,PONTEVEDRA,g95,1.616,1.75,1.927,224
2026-08-31,PONTEVEDRA,diesel,1.696,1.874,2.019,225
2026-08-31,PONTEVEDRA,dieselPlus,1.719,1.983,2.119,143
2026-08-31,PONTEVEDRA,g98,1.669,1.917,2.109,135
2026-08-31,SALAMANCA,g95,1.589,1.743,1.899,102
2026-08-31,SALAMANCA,diesel,1.669,1.866,1.949,106
2026-08-31,SALAMANCA,dieselPlus,1.757,1.972,2.044,60
2026-08-31,SALAMANCA,g98,1.752,1.908,1.999,51
2026-08-31,SANTA CRUZ DE TENERIFE,g95,1.275,1.486,1.723,240
2026-08-31,SANTA CRUZ DE TENERIFE,g98,1.345,1.618,1.869,226
2026-08-31,SANTA CRUZ DE TENERIFE,diesel,1.419,1.6,1.86,239
2026-08-31,SANTA CRUZ DE TENERIFE,dieselPlus,1.419,1.703,1.901,128
2026-08-31,CANTABRIA,g95,1.599,1.77,1.91,166
2026-08-31,CANTABRIA,g98,1.745,1.94,2.059,86
2026-08-31,CANTABRIA,diesel,1.679,1.881,1.999,167
2026-08-31,CANTABRIA,dieselPlus,1.719,1.939,2.119,81
2026-08-31,SEGOVIA,g95,1.659,1.768,1.874,75
2026-08-31,SEGOVIA,diesel,1.699,1.891,2.039,76
2026-08-31,SEGOVIA,dieselPlus,1.729,1.973,2.109,43
2026-08-31,SEGOVIA,g98,1.799,1.951,2.057,37
2026-08-31,SEVILLA,g95,1.569,1.715,1.904,428
2026-08-31,SEVILLA,diesel,1.679,1.862,2.079,435
2026-08-31,SEVILLA,dieselPlus,1.735,1.973,2.169,230
2026-08-31,SEVILLA,g98,1.649,1.913,2.219,144
2026-08-31,SORIA,g95,1.6,1.738,1.869,42
2026-08-31,SORIA,g98,1.699,1.926,1.988,17
2026-08-31,SORIA,diesel,1.669,1.854,1.987,41
2026-08-31,SORIA,dieselPlus,1.7,1.945,2.069,20
2026-08-31,TARRAGONA,g95,1.465,1.729,1.899,213
2026-08-31,TARRAGONA,diesel,1.446,1.833,1.979,225
2026-08-31,TARRAGONA,g98,1.699,1.908,2.029,123
2026-08-31,TARRAGONA,dieselPlus,1.739,1.953,2.085,122
2026-08-31,TERUEL,g95,1.543,1.73,1.889,63
2026-08-31,TERUEL,diesel,1.614,1.848,1.949,67
2026-08-31,TERUEL,dieselPlus,1.728,1.984,2.039,32
2026-08-31,TERUEL,g98,1.597,1.905,2.039,30
2026-08-31,TOLEDO,g95,1.579,1.763,2.034,238
2026-08-31,TOLEDO,g98,1.677,1.942,2.154,118
2026-08-31,TOLEDO,diesel,1.679,1.887,2.204,241
2026-08-31,TOLEDO,dieselPlus,1.719,1.967,2.289,115
2026-08-31,VALENCIA / VALÈNCIA,g95,1.539,1.723,1.947,605
2026-08-31,VALENCIA / VALÈNCIA,diesel,1.599,1.821,1.999,619
2026-08-31,VALENCIA / VALÈNCIA,g98,1.639,1.928,2.126,273
2026-08-31,VALENCIA / VALÈNCIA,dieselPlus,1.639,1.928,2.126,306
2026-08-31,VALLADOLID,g95,1.6,1.759,1.895,145
2026-08-31,VALLADOLID,diesel,1.669,1.871,2.009,150
2026-08-31,VALLADOLID,dieselPlus,1.709,1.972,2.105,78
2026-08-31,VALLADOLID,g98,1.729,1.969,2.055,70
2026-08-31,BIZKAIA,g95,1.589,1.763,1.899,125
2026-08-31,BIZKAIA,g98,1.709,1.934,2.009,67
2026-08-31,BIZKAIA,diesel,1.679,1.876,2.004,126
2026-08-31,BIZKAIA,dieselPlus,1.719,1.923,2.089,45
2026-08-31,ZAMORA,g95,1.599,1.747,1.899,80
2026-08-31,ZAMORA,g98,1.719,1.914,2.129,44
2026-08-31,ZAMORA,diesel,1.649,1.863,1.999,86
2026-08-31,ZAMORA,dieselPlus,1.719,1.983,2.129,51
2026-08-31,ZARAGOZA,g95,1.519,1.744,1.899,218
2026-08-31,ZARAGOZA,g98,1.648,1.934,2.005,94
2026-08-31,ZARAGOZA,diesel,1.521,1.845,1.969,231
2026-08-31,ZARAGOZA,dieselPlus,1.568,1.918,2.049,87
2026-08-31,CEUTA,g95,1.564,1.608,1.698,10
2026-08-31,CEUTA,g98,1.599,1.637,1.698,7
2026-08-31,CEUTA,diesel,1.599,1.664,1.699,10
2026-08-31,CEUTA,dieselPlus,1.719,1.741,1.754,4
2026-08-31,MELILLA,g95,1.464,1.465,1.465,12
2026-08-31,MELILLA,diesel,1.435,1.443,1.447,12
2026-08-31,MELILLA,dieselPlus,1.487,1.49,1.497,8
2026-09-01,ARABA/ÁLAVA,g95,1.58,1.803,1.979,68
2026-09-01,ARABA/ÁLAVA,diesel,1.608,1.792,2.019,72
2026-09-01,ARABA/ÁLAVA,dieselPlus,1.668,1.876,2.109,36
2026-09-01,ARABA/ÁLAVA,g98,1.749,1.972,2.079,38
2026-09-01,ALBACETE,g95,1.539,1.777,1.949,142
2026-09-01,ALBACETE,diesel,1.499,1.806,1.999,151
2026-09-01,ALBACETE,dieselPlus,1.687,1.902,2.039,68
2026-09-01,ALBACETE,g98,1.631,1.973,2.069,65
2026-09-01,ALICANTE,g95,1.599,1.813,1.944,478
2026-09-01,ALICANTE,diesel,1.549,1.766,1.99,482
2026-09-01,ALICANTE,g98,1.699,1.994,2.199,261
2026-09-01,ALICANTE,dieselPlus,1.619,1.869,2.119,279
2026-09-01,ALMERÍA,g95,1.499,1.737,1.949,216
2026-09-01,ALMERÍA,g98,1.624,1.932,2.06,93
2026-09-01,ALMERÍA,diesel,1.557,1.771,2.019,227
2026-09-01,ALMERÍA,dieselPlus,1.577,1.87,2.059,119
2026-09-01,ÁVILA,g95,1.609,1.811,1.959,70
2026-09-01,ÁVILA,diesel,1.686,1.835,1.999,71
2026-09-01,ÁVILA,dieselPlus,1.738,1.932,2.099,46
2026-09-01,ÁVILA,g98,1.667,1.937,2.069,34
2026-09-01,BADAJOZ,diesel,1.619,1.791,2.099,271
2026-09-01,BADAJOZ,g95,1.579,1.78,2.169,236
2026-09-01,BADAJOZ,dieselPlus,1.635,1.878,2.199,127
2026-09-01,BADAJOZ,g98,1.749,1.97,2.299,67
2026-09-01,BALEARS (ILLES),g95,1.739,1.881,2.199,215
2026-09-01,BALEARS (ILLES),diesel,1.719,1.891,2.149,215
2026-09-01,BALEARS (ILLES),dieselPlus,1.718,1.974,2.099,101
2026-09-01,BALEARS (ILLES),g98,1.879,2.012,2.109,126
2026-09-01,BARCELONA,g95,1.459,1.745,1.999,770
2026-09-01,BARCELONA,diesel,1.518,1.769,2.005,779
2026-09-01,BARCELONA,dieselPlus,1.558,1.845,2.105,392
2026-09-01,BARCELONA,g98,1.583,1.927,2.129,437
2026-09-01,BURGOS,g95,1.629,1.83,1.96,135
2026-09-01,BURGOS,g98,1.76,1.994,2.165,57
2026-09-01,BURGOS,diesel,1.607,1.78,1.99,139
2026-09-01,BURGOS,dieselPlus,1.618,1.848,2.029,78
2026-09-01,CÁCERES,g95,1.58,1.804,1.989,148
2026-09-01,CÁCERES,diesel,1.619,1.829,2.019,160
2026-09-01,CÁCERES,g98,1.839,2.004,2.169,46
2026-09-01,CÁCERES,dieselPlus,1.633,1.921,2.099,81
2026-09-01,CÁDIZ,g95,1.62,1.822,1.959,284
2026-09-01,CÁDIZ,g98,1.779,2,2.08,115
2026-09-01,CÁDIZ,diesel,1.618,1.777,2.039,288
2026-09-01,CÁDIZ,dieselPlus,1.628,1.864,2.109,174
2026-09-01,CASTELLÓN / CASTELLÓ,g95,1.485,1.756,1.999,188
2026-09-01,CASTELLÓN / CASTELLÓ,diesel,1.587,1.792,2.074,190
2026-09-01,CASTELLÓN / CASTELLÓ,dieselPlus,1.649,1.895,2.089,96
2026-09-01,CASTELLÓN / CASTELLÓ,g98,1.609,1.951,2.049,76
2026-09-01,CIUDAD REAL,g95,1.509,1.757,1.899,193
2026-09-01,CIUDAD REAL,g98,1.699,1.954,2.139,71
2026-09-01,CIUDAD REAL,diesel,1.579,1.78,1.986,213
2026-09-01,CIUDAD REAL,dieselPlus,1.648,1.873,2.095,62
2026-09-01,CÓRDOBA,g95,1.579,1.768,1.899,201
2026-09-01,CÓRDOBA,diesel,1.538,1.796,1.979,206
2026-09-01,CÓRDOBA,g98,1.679,1.929,2.055,67
2026-09-01,CÓRDOBA,dieselPlus,1.617,1.874,2.079,102
2026-09-01,CORUÑA (A),g95,1.629,1.816,1.979,283
2026-09-01,CORUÑA (A),diesel,1.587,1.774,1.959,286
2026-09-01,CORUÑA (A),g98,1.779,1.968,2.179,170
2026-09-01,CORUÑA (A),dieselPlus,1.61,1.86,2.06,166
2026-09-01,CUENCA,g95,1.609,1.807,2.035,105
2026-09-01,CUENCA,diesel,1.618,1.829,2.029,116
2026-09-01,CUENCA,dieselPlus,1.628,1.937,2.119,56
2026-09-01,CUENCA,g98,1.759,1.97,2.085,40
2026-09-01,GIRONA,g95,1.538,1.787,1.999,257
2026-09-01,GIRONA,g98,1.709,1.976,2.179,156
2026-09-01,GIRONA,diesel,1.547,1.769,1.999,267
2026-09-01,GIRONA,dieselPlus,1.577,1.876,2.099,149
2026-09-01,GRANADA,g95,1.57,1.764,1.99,278
2026-09-01,GRANADA,diesel,1.538,1.768,2,282
2026-09-01,GRANADA,dieselPlus,1.548,1.868,2.093,170
2026-09-01,GRANADA,g98,1.719,1.951,2.199,151
2026-09-01,GUADALAJARA,g95,1.599,1.811,1.959,87
2026-09-01,GUADALAJARA,diesel,1.627,1.79,1.986,89
2026-09-01,GUADALAJARA,g98,1.769,2.001,2.08,44
2026-09-01,GUADALAJARA,dieselPlus,1.647,1.868,2.039,44
2026-09-01,GIPUZKOA,g95,1.603,1.819,1.905,130
2026-09-01,GIPUZKOA,g98,1.789,1.988,2.066,77
2026-09-01,GIPUZKOA,diesel,1.589,1.815,2.019,144
2026-09-01,GIPUZKOA,dieselPlus,1.666,1.902,2.119,80
2026-09-01,HUELVA,g95,1.563,1.813,1.939,136
2026-09-01,HUELVA,g98,1.78,1.991,2.08,48
2026-09-01,HUELVA,diesel,1.634,1.828,2.249,141
2026-09-01,HUELVA,dieselPlus,1.694,1.911,2.069,60
2026-09-01,HUESCA,g95,1.539,1.775,1.979,113
2026-09-01,HUESCA,g98,1.795,1.96,2.049,53
2026-09-01,HUESCA,diesel,1.585,1.79,2.05,123
2026-09-01,HUESCA,dieselPlus,1.639,1.887,2.115,58
2026-09-01,JAÉN,g95,1.599,1.78,1.949,207
2026-09-01,JAÉN,g98,1.695,1.959,2.299,80
2026-09-01,JAÉN,diesel,1.608,1.807,2.019,211
2026-09-01,JAÉN,dieselPlus,1.609,1.899,2.125,101
2026-09-01,LEÓN,g95,1.659,1.796,1.925,159
2026-09-01,LEÓN,diesel,1.629,1.808,2.005,165
2026-09-01,LEÓN,dieselPlus,1.697,1.876,2.099,114
2026-09-01,LEÓN,g98,1.799,1.948,2.036,95
2026-09-01,LLEIDA,g95,1.4,1.714,1.939,163
2026-09-01,LLEIDA,diesel,1.53,1.75,1.975,179
2026-09-01,LLEIDA,dieselPlus,1.629,1.841,2.059,77
2026-09-01,LLEIDA,g98,1.589,1.911,2.04,77
2026-09-01,RIOJA (LA),g95,1.589,1.776,1.879,79
2026-09-01,RIOJA (LA),diesel,1.62,1.763,1.894,81
2026-09-01,RIOJA (LA),dieselPlus,1.739,1.856,1.968,38
2026-09-01,RIOJA (LA),g98,1.792,1.952,2.029,36
2026-09-01,LUGO,g95,1.639,1.828,1.989,126
2026-09-01,LUGO,diesel,1.599,1.802,2.049,128
2026-09-01,LUGO,dieselPlus,1.699,1.888,2.134,65
2026-09-01,LUGO,g98,1.759,1.983,2.069,59
2026-09-01,MADRID,g95,1.599,1.812,1.989,856
2026-09-01,MADRID,g98,1.739,1.998,2.239,413
2026-09-01,MADRID,diesel,1.549,1.777,2.089,861
2026-09-01,MADRID,dieselPlus,1.559,1.86,2.149,456
2026-09-01,MÁLAGA,g95,1.598,1.823,2.099,303
2026-09-01,MÁLAGA,diesel,1.628,1.808,2.149,305
2026-09-01,MÁLAGA,dieselPlus,1.679,1.898,2.115,208
2026-09-01,MÁLAGA,g98,1.759,1.993,2.069,164
2026-09-01,MURCIA,g95,1.54,1.766,2.089,431
2026-09-01,MURCIA,diesel,1.568,1.765,2.249,454
2026-09-01,MURCIA,dieselPlus,1.598,1.838,2.049,235
2026-09-01,MURCIA,g98,1.648,1.931,2.129,235
2026-09-01,NAVARRA,g95,1.527,1.766,1.979,211
2026-09-01,NAVARRA,diesel,1.539,1.757,1.969,234
2026-09-01,NAVARRA,dieselPlus,1.589,1.855,2.079,96
2026-09-01,NAVARRA,g98,1.649,1.975,2.079,62
2026-09-01,OURENSE,g95,1.575,1.814,1.968,86
2026-09-01,OURENSE,g98,1.729,1.953,2.14,61
2026-09-01,OURENSE,diesel,1.595,1.8,1.969,86
2026-09-01,OURENSE,dieselPlus,1.615,1.871,2.059,56
2026-09-01,ASTURIAS,g95,1.599,1.85,1.985,224
2026-09-01,ASTURIAS,diesel,1.644,1.82,1.998,239
2026-09-01,ASTURIAS,dieselPlus,1.654,1.893,2.078,159
2026-09-01,ASTURIAS,g98,1.769,1.999,2.109,141
2026-09-01,PALENCIA,g95,1.617,1.842,1.915,66
2026-09-01,PALENCIA,g98,1.758,2.006,2.076,38
2026-09-01,PALENCIA,diesel,1.659,1.825,1.989,68
2026-09-01,PALENCIA,dieselPlus,1.699,1.908,2.065,45
2026-09-01,PALMAS (LAS),g95,1.259,1.429,1.559,257
2026-09-01,PALMAS (LAS),g98,1.349,1.57,1.679,226
2026-09-01,PALMAS (LAS),diesel,1.409,1.532,1.699,257
2026-09-01,PALMAS (LAS),dieselPlus,1.467,1.643,1.729,155
2026-09-01,PONTEVEDRA,g95,1.629,1.798,1.999,224
2026-09-01,PONTEVEDRA,diesel,1.549,1.789,1.999,225
2026-09-01,PONTEVEDRA,dieselPlus,1.589,1.896,2.119,143
2026-09-01,PONTEVEDRA,g98,1.719,1.961,2.189,135
2026-09-01,SALAMANCA,g95,1.597,1.795,1.899,104
2026-09-01,SALAMANCA,diesel,1.609,1.768,1.915,108
2026-09-01,SALAMANCA,dieselPlus,1.635,1.864,1.995,62
2026-09-01,SALAMANCA,g98,1.752,1.956,2.059,51
2026-09-01,SANTA CRUZ DE TENERIFE,g95,1.275,1.488,1.752,239
2026-09-01,SANTA CRUZ DE TENERIFE,g98,1.345,1.619,1.869,225
2026-09-01,SANTA CRUZ DE TENERIFE,diesel,1.449,1.6,1.885,238
2026-09-01,SANTA CRUZ DE TENERIFE,dieselPlus,1.419,1.702,1.926,127
2026-09-01,CANTABRIA,g95,1.599,1.82,1.929,167
2026-09-01,CANTABRIA,g98,1.745,1.982,2.099,86
2026-09-01,CANTABRIA,diesel,1.587,1.785,1.999,168
2026-09-01,CANTABRIA,dieselPlus,1.607,1.849,2.119,82
2026-09-01,SEGOVIA,g95,1.675,1.82,1.959,74
2026-09-01,SEGOVIA,diesel,1.687,1.807,2.039,75
2026-09-01,SEGOVIA,dieselPlus,1.699,1.887,2.109,43
2026-09-01,SEGOVIA,g98,1.799,2.004,2.157,37
2026-09-01,SEVILLA,g95,1.588,1.757,1.944,430
2026-09-01,SEVILLA,diesel,1.578,1.782,2.079,437
2026-09-01,SEVILLA,dieselPlus,1.647,1.885,2.169,230
2026-09-01,SEVILLA,g98,1.699,1.96,2.219,144
2026-09-01,SORIA,g95,1.6,1.783,1.929,42
2026-09-01,SORIA,g98,1.729,1.983,2.068,17
2026-09-01,SORIA,diesel,1.634,1.778,1.987,41
2026-09-01,SORIA,dieselPlus,1.654,1.858,2.025,20
2026-09-01,TARRAGONA,g95,1.465,1.773,1.979,214
2026-09-01,TARRAGONA,diesel,1.574,1.746,1.959,226
2026-09-01,TARRAGONA,g98,1.699,1.957,2.05,123
2026-09-01,TARRAGONA,dieselPlus,1.639,1.853,2.035,122
2026-09-01,TERUEL,g95,1.545,1.767,1.937,63
2026-09-01,TERUEL,diesel,1.614,1.782,1.949,67
2026-09-01,TERUEL,dieselPlus,1.728,1.899,2.039,32
2026-09-01,TERUEL,g98,1.597,1.944,2.079,30
2026-09-01,TOLEDO,g95,1.579,1.808,2.055,237
2026-09-01,TOLEDO,g98,1.717,1.988,2.179,118
2026-09-01,TOLEDO,diesel,1.647,1.803,2.064,240
2026-09-01,TOLEDO,dieselPlus,1.678,1.882,2.109,115
2026-09-01,VALENCIA / VALÈNCIA,g95,1.539,1.767,1.989,615
2026-09-01,VALENCIA / VALÈNCIA,diesel,1.497,1.745,2.039,629
2026-09-01,VALENCIA / VALÈNCIA,g98,1.639,1.973,2.099,274
2026-09-01,VALENCIA / VALÈNCIA,dieselPlus,1.582,1.842,2.089,316
2026-09-01,VALLADOLID,g95,1.6,1.807,1.995,146
2026-09-01,VALLADOLID,diesel,1.597,1.779,1.964,151
2026-09-01,VALLADOLID,dieselPlus,1.608,1.868,2.054,78
2026-09-01,VALLADOLID,g98,1.75,2.022,2.099,70
2026-09-01,BIZKAIA,g95,1.599,1.812,1.919,123
2026-09-01,BIZKAIA,g98,1.759,1.983,2.07,67
2026-09-01,BIZKAIA,diesel,1.499,1.782,2.004,126
2026-09-01,BIZKAIA,dieselPlus,1.519,1.84,2.089,45
2026-09-01,ZAMORA,g95,1.618,1.793,1.899,80
2026-09-01,ZAMORA,g98,1.719,1.959,2.129,44
2026-09-01,ZAMORA,diesel,1.577,1.792,1.964,86
2026-09-01,ZAMORA,dieselPlus,1.597,1.898,2.044,51
2026-09-01,ZARAGOZA,g95,1.519,1.784,1.939,218
2026-09-01,ZARAGOZA,g98,1.648,1.981,2.066,94
2026-09-01,ZARAGOZA,diesel,1.561,1.769,1.935,231
2026-09-01,ZARAGOZA,dieselPlus,1.601,1.844,1.999,87
2026-09-01,CEUTA,g95,1.564,1.597,1.629,10
2026-09-01,CEUTA,g98,1.628,1.635,1.659,8
2026-09-01,CEUTA,diesel,1.659,1.678,1.694,10
2026-09-01,CEUTA,dieselPlus,1.699,1.732,1.754,4
2026-09-01,MELILLA,g95,1.464,1.465,1.465,12
2026-09-01,MELILLA,diesel,1.435,1.444,1.447,12
2026-09-01,MELILLA,dieselPlus,1.487,1.49,1.497,8
2026-09-02,ARABA/ÁLAVA,g95,1.62,1.819,1.969,68
2026-09-02,ARABA/ÁLAVA,diesel,1.607,1.788,2.019,72
2026-09-02,ARABA/ÁLAVA,dieselPlus,1.688,1.87,2.109,36
2026-09-02,ARABA/ÁLAVA,g98,1.749,1.978,2.085,38
2026-09-02,ALBACETE,g95,1.539,1.795,1.949,142
2026-09-02,ALBACETE,diesel,1.499,1.803,1.999,151
2026-09-02,ALBACETE,dieselPlus,1.667,1.9,2.039,68
2026-09-02,ALBACETE,g98,1.699,1.987,2.069,65
2026-09-02,ALICANTE,g95,1.599,1.822,1.949,478
2026-09-02,ALICANTE,diesel,1.569,1.767,1.99,482
2026-09-02,ALICANTE,g98,1.699,2.002,2.199,261
2026-09-02,ALICANTE,dieselPlus,1.597,1.862,2.08,279
2026-09-02,ALMERÍA,g95,1.499,1.746,1.949,217
2026-09-02,ALMERÍA,g98,1.682,1.94,2.159,93
2026-09-02,ALMERÍA,diesel,1.597,1.768,2.019,228
2026-09-02,ALMERÍA,dieselPlus,1.607,1.868,2.059,119
2026-09-02,ÁVILA,g95,1.609,1.83,1.979,71
2026-09-02,ÁVILA,diesel,1.686,1.829,1.979,72
2026-09-02,ÁVILA,dieselPlus,1.747,1.927,2.069,46
2026-09-02,ÁVILA,g98,1.667,1.957,2.079,34
2026-09-02,BADAJOZ,diesel,1.619,1.785,2.019,273
2026-09-02,BADAJOZ,g95,1.599,1.796,2.169,238
2026-09-02,BADAJOZ,dieselPlus,1.635,1.87,2.199,128
2026-09-02,BADAJOZ,g98,1.749,1.982,2.299,67
2026-09-02,BALEARS (ILLES),g95,1.729,1.899,2.199,215
2026-09-02,BALEARS (ILLES),diesel,1.719,1.876,2.149,215
2026-09-02,BALEARS (ILLES),dieselPlus,1.748,1.951,2.075,101
2026-09-02,BALEARS (ILLES),g98,1.899,2.035,2.13,126
2026-09-02,BARCELONA,g95,1.459,1.763,1.959,770
2026-09-02,BARCELONA,diesel,1.55,1.766,2.005,779
2026-09-02,BARCELONA,dieselPlus,1.61,1.843,2.105,392
2026-09-02,BARCELONA,g98,1.583,1.938,2.129,437
2026-09-02,BURGOS,g95,1.629,1.845,1.969,135
2026-09-02,BURGOS,g98,1.799,2.018,2.165,57
2026-09-02,BURGOS,diesel,1.628,1.779,1.99,139
2026-09-02,BURGOS,dieselPlus,1.638,1.844,2.024,78
2026-09-02,CÁCERES,g95,1.58,1.825,1.989,148
2026-09-02,CÁCERES,diesel,1.635,1.825,2.019,160
2026-09-02,CÁCERES,g98,1.879,2.022,2.169,46
2026-09-02,CÁCERES,dieselPlus,1.653,1.914,2.094,81
2026-09-02,CÁDIZ,g95,1.62,1.832,1.959,284
2026-09-02,CÁDIZ,g98,1.779,2.009,2.079,115
2026-09-02,CÁDIZ,diesel,1.619,1.772,2.039,288
2026-09-02,CÁDIZ,dieselPlus,1.647,1.855,2.109,173
2026-09-02,CASTELLÓN / CASTELLÓ,g95,1.485,1.771,1.999,188
2026-09-02,CASTELLÓN / CASTELLÓ,diesel,1.587,1.793,2.074,190
2026-09-02,CASTELLÓN / CASTELLÓ,dieselPlus,1.649,1.895,2.089,96
2026-09-02,CASTELLÓN / CASTELLÓ,g98,1.609,1.966,2.069,76
2026-09-02,CIUDAD REAL,g95,1.565,1.776,1.909,194
2026-09-02,CIUDAD REAL,g98,1.699,1.968,2.139,71
2026-09-02,CIUDAD REAL,diesel,1.579,1.777,1.986,214
2026-09-02,CIUDAD REAL,dieselPlus,1.647,1.866,2.094,62
2026-09-02,CÓRDOBA,g95,1.609,1.783,1.899,202
2026-09-02,CÓRDOBA,diesel,1.619,1.791,1.935,207
2026-09-02,CÓRDOBA,g98,1.679,1.939,2.055,67
2026-09-02,CÓRDOBA,dieselPlus,1.679,1.867,1.979,103
2026-09-02,CORUÑA (A),g95,1.669,1.831,1.979,283
2026-09-02,CORUÑA (A),diesel,1.597,1.778,1.959,286
2026-09-02,CORUÑA (A),g98,1.788,1.975,2.179,170
2026-09-02,CORUÑA (A),dieselPlus,1.627,1.862,2.06,166
2026-09-02,CUENCA,g95,1.619,1.825,2.039,105
2026-09-02,CUENCA,diesel,1.617,1.824,2.029,116
2026-09-02,CUENCA,dieselPlus,1.637,1.926,2.119,56
2026-09-02,CUENCA,g98,1.759,1.981,2.089,40
2026-09-02,GIRONA,g95,1.538,1.813,1.999,258
2026-09-02,GIRONA,g98,1.709,1.991,2.179,156
2026-09-02,GIRONA,diesel,1.567,1.766,1.999,268
2026-09-02,GIRONA,dieselPlus,1.659,1.871,2.089,150
2026-09-02,GRANADA,g95,1.57,1.777,1.99,277
2026-09-02,GRANADA,diesel,1.597,1.763,1.99,281
2026-09-02,GRANADA,g98,1.719,1.964,2.199,151
2026-09-02,GRANADA,dieselPlus,1.619,1.86,2.079,170
2026-09-02,GUADALAJARA,g95,1.599,1.825,1.959,86
2026-09-02,GUADALAJARA,diesel,1.627,1.791,1.986,88
2026-09-02,GUADALAJARA,g98,1.769,2.012,2.099,44
2026-09-02,GUADALAJARA,dieselPlus,1.647,1.865,1.989,43
2026-09-02,GIPUZKOA,g95,1.623,1.833,1.959,131
2026-09-02,GIPUZKOA,g98,1.789,1.998,2.099,77
2026-09-02,GIPUZKOA,diesel,1.609,1.813,2.019,144
2026-09-02,GIPUZKOA,dieselPlus,1.709,1.902,2.119,80
2026-09-02,HUELVA,g95,1.563,1.827,1.939,136
2026-09-02,HUELVA,g98,1.78,1.996,2.095,48
2026-09-02,HUELVA,diesel,1.635,1.824,2.249,141
2026-09-02,HUELVA,dieselPlus,1.695,1.908,2.069,60
2026-09-02,HUESCA,g95,1.539,1.786,1.975,113
2026-09-02,HUESCA,g98,1.795,1.967,2.029,53
2026-09-02,HUESCA,diesel,1.585,1.786,2.05,122
2026-09-02,HUESCA,dieselPlus,1.631,1.883,2.115,58
2026-09-02,JAÉN,g95,1.599,1.792,1.949,207
2026-09-02,JAÉN,g98,1.695,1.977,2.299,80
2026-09-02,JAÉN,diesel,1.608,1.806,2.019,211
2026-09-02,JAÉN,dieselPlus,1.62,1.894,2.099,101
2026-09-02,LEÓN,g95,1.659,1.814,1.935,159
2026-09-02,LEÓN,diesel,1.649,1.805,2.005,165
2026-09-02,LEÓN,dieselPlus,1.697,1.869,2.099,114
2026-09-02,LEÓN,g98,1.799,1.96,2.099,95
2026-09-02,LLEIDA,g95,1.4,1.728,1.939,164
2026-09-02,LLEIDA,diesel,1.53,1.743,1.969,180
2026-09-02,LLEIDA,dieselPlus,1.649,1.83,2.059,78
2026-09-02,LLEIDA,g98,1.589,1.917,2.06,77
2026-09-02,RIOJA (LA),g95,1.589,1.79,1.909,80
2026-09-02,RIOJA (LA),diesel,1.62,1.757,1.894,82
2026-09-02,RIOJA (LA),dieselPlus,1.672,1.846,1.999,38
2026-09-02,RIOJA (LA),g98,1.801,1.971,2.059,36
2026-09-02,LUGO,g95,1.659,1.845,1.989,126
2026-09-02,LUGO,diesel,1.629,1.802,1.945,128
2026-09-02,LUGO,dieselPlus,1.699,1.889,1.989,65
2026-09-02,LUGO,g98,1.759,1.998,2.099,59
2026-09-02,MADRID,g95,1.589,1.819,1.989,857
2026-09-02,MADRID,g98,1.749,2.001,2.239,413
2026-09-02,MADRID,diesel,1.549,1.781,2.089,862
2026-09-02,MADRID,dieselPlus,1.559,1.864,2.149,456
2026-09-02,MÁLAGA,g95,1.598,1.837,2.099,303
2026-09-02,MÁLAGA,diesel,1.648,1.807,2.149,306
2026-09-02,MÁLAGA,dieselPlus,1.679,1.897,2.115,209
2026-09-02,MÁLAGA,g98,1.759,2.006,2.069,164
2026-09-02,MURCIA,g95,1.54,1.782,2.089,431
2026-09-02,MURCIA,diesel,1.579,1.765,2.249,454
2026-09-02,MURCIA,dieselPlus,1.629,1.836,2.049,235
2026-09-02,MURCIA,g98,1.668,1.945,2.129,235
2026-09-02,NAVARRA,g95,1.527,1.781,1.969,211
2026-09-02,NAVARRA,diesel,1.579,1.758,1.969,235
2026-09-02,NAVARRA,dieselPlus,1.589,1.849,2.079,95
2026-09-02,NAVARRA,g98,1.789,1.994,2.079,62
2026-09-02,OURENSE,g95,1.629,1.833,1.968,87
2026-09-02,OURENSE,g98,1.729,1.968,2.14,62
2026-09-02,OURENSE,diesel,1.595,1.799,1.969,87
2026-09-02,OURENSE,dieselPlus,1.665,1.868,2.029,57
2026-09-02,ASTURIAS,g95,1.599,1.863,1.989,224
2026-09-02,ASTURIAS,diesel,1.656,1.818,1.979,239
2026-09-02,ASTURIAS,dieselPlus,1.679,1.891,2.049,159
2026-09-02,ASTURIAS,g98,1.769,2.008,2.129,141
2026-09-02,PALENCIA,g95,1.617,1.851,1.925,66
2026-09-02,PALENCIA,g98,1.758,2.011,2.085,38
2026-09-02,PALENCIA,diesel,1.669,1.825,1.989,68
2026-09-02,PALENCIA,dieselPlus,1.699,1.908,2.065,45
2026-09-02,PALMAS (LAS),g95,1.259,1.436,1.559,256
2026-09-02,PALMAS (LAS),g98,1.349,1.575,1.689,226
2026-09-02,PALMAS (LAS),diesel,1.409,1.539,1.699,256
2026-09-02,PALMAS (LAS),dieselPlus,1.467,1.652,1.729,155
2026-09-02,PONTEVEDRA,g95,1.649,1.815,1.999,224
2026-09-02,PONTEVEDRA,diesel,1.549,1.789,1.969,225
2026-09-02,PONTEVEDRA,dieselPlus,1.589,1.89,2.079,143
2026-09-02,PONTEVEDRA,g98,1.719,1.975,2.189,135
2026-09-02,SALAMANCA,g95,1.597,1.807,1.889,105
2026-09-02,SALAMANCA,diesel,1.609,1.773,1.915,109
2026-09-02,SALAMANCA,dieselPlus,1.635,1.86,1.995,63
2026-09-02,SALAMANCA,g98,1.752,1.962,2.059,51
2026-09-02,SANTA CRUZ DE TENERIFE,g95,1.275,1.497,1.752,239
2026-09-02,SANTA CRUZ DE TENERIFE,g98,1.345,1.627,1.879,225
2026-09-02,SANTA CRUZ DE TENERIFE,diesel,1.449,1.608,1.885,238
2026-09-02,SANTA CRUZ DE TENERIFE,dieselPlus,1.449,1.71,1.926,127
2026-09-02,CANTABRIA,g95,1.64,1.831,1.939,167
2026-09-02,CANTABRIA,g98,1.77,1.991,2.099,86
2026-09-02,CANTABRIA,diesel,1.587,1.786,1.979,168
2026-09-02,CANTABRIA,dieselPlus,1.607,1.851,2.069,81
2026-09-02,SEGOVIA,g95,1.689,1.837,1.969,74
2026-09-02,SEGOVIA,diesel,1.659,1.806,2.039,75
2026-09-02,SEGOVIA,dieselPlus,1.679,1.885,2.109,43
2026-09-02,SEGOVIA,g98,1.799,2.016,2.157,37
2026-09-02,SEVILLA,g95,1.595,1.774,1.959,431
2026-09-02,SEVILLA,diesel,1.577,1.78,1.999,438
2026-09-02,SEVILLA,dieselPlus,1.649,1.88,2.079,230
2026-09-02,SEVILLA,g98,1.699,1.972,2.219,144
2026-09-02,SORIA,g95,1.625,1.803,1.969,41
2026-09-02,SORIA,g98,1.729,1.994,2.068,17
2026-09-02,SORIA,diesel,1.624,1.773,1.987,40
2026-09-02,SORIA,dieselPlus,1.644,1.845,2.025,20
2026-09-02,TARRAGONA,g95,1.465,1.79,1.975,214
2026-09-02,TARRAGONA,diesel,1.579,1.744,1.959,226
2026-09-02,TARRAGONA,g98,1.699,1.969,2.077,123
2026-09-02,TARRAGONA,dieselPlus,1.639,1.847,2.035,122
2026-09-02,TERUEL,g95,1.545,1.794,1.949,63
2026-09-02,TERUEL,diesel,1.59,1.766,1.949,67
2026-09-02,TERUEL,dieselPlus,1.728,1.887,2.039,32
2026-09-02,TERUEL,g98,1.597,1.954,2.109,30
2026-09-02,TOLEDO,g95,1.579,1.819,2.055,237
2026-09-02,TOLEDO,g98,1.717,1.999,2.179,118
2026-09-02,TOLEDO,diesel,1.639,1.798,2.064,240
2026-09-02,TOLEDO,dieselPlus,1.677,1.879,2.109,115
2026-09-02,VALENCIA / VALÈNCIA,g95,1.539,1.781,2.079,619
2026-09-02,VALENCIA / VALÈNCIA,diesel,1.499,1.747,1.999,633
2026-09-02,VALENCIA / VALÈNCIA,g98,1.639,1.977,2.189,277
2026-09-02,VALENCIA / VALÈNCIA,dieselPlus,1.579,1.841,2.069,319
2026-09-02,VALLADOLID,g95,1.6,1.823,1.985,146
2026-09-02,VALLADOLID,diesel,1.577,1.776,1.964,151
2026-09-02,VALLADOLID,dieselPlus,1.628,1.86,2.054,78
2026-09-02,VALLADOLID,g98,1.75,2.037,2.125,70
2026-09-02,BIZKAIA,g95,1.599,1.824,1.935,125
2026-09-02,BIZKAIA,g98,1.789,1.985,2.045,67
2026-09-02,BIZKAIA,diesel,1.519,1.782,2.004,126
2026-09-02,BIZKAIA,dieselPlus,1.599,1.832,2.089,45
2026-09-02,ZAMORA,g95,1.659,1.815,1.919,80
2026-09-02,ZAMORA,g98,1.759,1.98,2.149,44
2026-09-02,ZAMORA,diesel,1.577,1.795,1.964,86
2026-09-02,ZAMORA,dieselPlus,1.597,1.899,2.044,51
2026-09-02,ZARAGOZA,g95,1.519,1.796,1.939,218
2026-09-02,ZARAGOZA,g98,1.659,1.99,2.069,94
2026-09-02,ZARAGOZA,diesel,1.57,1.766,1.9,231
2026-09-02,ZARAGOZA,dieselPlus,1.649,1.844,1.989,87
2026-09-02,CEUTA,g95,1.564,1.612,1.629,10
2026-09-02,CEUTA,g98,1.639,1.653,1.659,8
2026-09-02,CEUTA,diesel,1.659,1.678,1.694,10
2026-09-02,CEUTA,dieselPlus,1.699,1.732,1.754,4
2026-09-02,MELILLA,g95,1.464,1.465,1.465,12
2026-09-02,MELILLA,diesel,1.435,1.444,1.447,12
2026-09-02,MELILLA,dieselPlus,1.487,1.49,1.497,8
2026-09-03,ARABA/ÁLAVA,g95,1.639,1.831,1.969,68
2026-09-03,ARABA/ÁLAVA,diesel,1.649,1.807,2.019,72
2026-09-03,ARABA/ÁLAVA,dieselPlus,1.688,1.888,2.109,36
2026-09-03,ARABA/ÁLAVA,g98,1.749,1.989,2.099,38
2026-09-03,ALBACETE,g95,1.539,1.805,1.949,142
2026-09-03,ALBACETE,diesel,1.499,1.818,1.959,151
2026-09-03,ALBACETE,dieselPlus,1.667,1.919,2.039,68
2026-09-03,ALBACETE,g98,1.705,2.001,2.099,65
2026-09-03,ALICANTE,g95,1.589,1.835,1.969,477
2026-09-03,ALICANTE,diesel,1.619,1.786,1.99,481
2026-09-03,ALICANTE,g98,1.699,2.012,2.199,260
2026-09-03,ALICANTE,dieselPlus,1.647,1.88,2.08,278
2026-09-03,ALMERÍA,g95,1.499,1.761,1.999,217
2026-09-03,ALMERÍA,g98,1.682,1.948,2.159,93
2026-09-03,ALMERÍA,diesel,1.617,1.782,2.019,228
2026-09-03,ALMERÍA,dieselPlus,1.645,1.877,2.059,119
2026-09-03,ÁVILA,g95,1.609,1.843,1.979,71
2026-09-03,ÁVILA,diesel,1.699,1.841,1.939,72
2026-09-03,ÁVILA,dieselPlus,1.767,1.934,2.029,46
2026-09-03,ÁVILA,g98,1.667,1.97,2.099,34
2026-09-03,BADAJOZ,diesel,1.619,1.799,2.099,273
2026-09-03,BADAJOZ,g95,1.599,1.808,2.169,238
2026-09-03,BADAJOZ,dieselPlus,1.654,1.89,2.199,129
2026-09-03,BADAJOZ,g98,1.799,1.993,2.299,67
2026-09-03,BALEARS (ILLES),g95,1.739,1.916,2.199,215
2026-09-03,BALEARS (ILLES),diesel,1.629,1.896,2.149,215
2026-09-03,BALEARS (ILLES),dieselPlus,1.748,1.973,2.099,101
2026-09-03,BALEARS (ILLES),g98,1.899,2.057,2.13,126
2026-09-03,BARCELONA,g95,1.459,1.777,1.979,771
2026-09-03,BARCELONA,diesel,1.57,1.782,2.005,778
2026-09-03,BARCELONA,dieselPlus,1.639,1.857,2.105,390
2026-09-03,BARCELONA,g98,1.657,1.954,2.15,437
2026-09-03,BURGOS,g95,1.639,1.858,1.998,134
2026-09-03,BURGOS,g98,1.81,2.035,2.165,57
2026-09-03,BURGOS,diesel,1.627,1.794,1.998,137
2026-09-03,BURGOS,dieselPlus,1.647,1.858,1.969,76
2026-09-03,CÁCERES,g95,1.58,1.84,1.989,148
2026-09-03,CÁCERES,diesel,1.635,1.842,2.019,160
2026-09-03,CÁCERES,g98,1.879,2.035,2.169,46
2026-09-03,CÁCERES,dieselPlus,1.655,1.937,2.089,81
2026-09-03,CÁDIZ,g95,1.62,1.844,1.959,286
2026-09-03,CÁDIZ,g98,1.809,2.023,2.109,116
2026-09-03,CÁDIZ,diesel,1.638,1.794,2.039,287
2026-09-03,CÁDIZ,dieselPlus,1.648,1.877,2.109,171
2026-09-03,CASTELLÓN / CASTELLÓ,g95,1.485,1.786,1.999,188
2026-09-03,CASTELLÓN / CASTELLÓ,diesel,1.597,1.805,2.074,190
2026-09-03,CASTELLÓN / CASTELLÓ,dieselPlus,1.649,1.915,2.089,96
2026-09-03,CASTELLÓN / CASTELLÓ,g98,1.609,1.98,2.065,76
2026-09-03,CIUDAD REAL,g95,1.572,1.79,1.979,194
2026-09-03,CIUDAD REAL,g98,1.699,1.981,2.164,71
2026-09-03,CIUDAD REAL,diesel,1.569,1.791,1.986,214
2026-09-03,CIUDAD REAL,dieselPlus,1.647,1.879,2.094,62
2026-09-03,CÓRDOBA,g95,1.619,1.798,1.929,201
2026-09-03,CÓRDOBA,diesel,1.619,1.811,1.929,206
2026-09-03,CÓRDOBA,g98,1.679,1.953,2.065,67
2026-09-03,CÓRDOBA,dieselPlus,1.708,1.888,2.039,102
2026-09-03,CORUÑA (A),g95,1.669,1.846,2.009,283
2026-09-03,CORUÑA (A),diesel,1.609,1.799,1.939,286
2026-09-03,CORUÑA (A),g98,1.788,1.989,2.209,170
2026-09-03,CORUÑA (A),dieselPlus,1.664,1.878,2.06,166
2026-09-03,CUENCA,g95,1.629,1.837,1.979,104
2026-09-03,CUENCA,diesel,1.617,1.833,2.029,115
2026-09-03,CUENCA,dieselPlus,1.637,1.945,2.119,56
2026-09-03,CUENCA,g98,1.799,1.999,2.089,40
2026-09-03,GIRONA,g95,1.54,1.822,1.999,258
2026-09-03,GIRONA,g98,1.798,2.003,2.179,156
2026-09-03,GIRONA,diesel,1.619,1.78,1.999,268
2026-09-03,GIRONA,dieselPlus,1.659,1.887,2.089,149
2026-09-03,GRANADA,g95,1.57,1.793,1.99,277
2026-09-03,GRANADA,diesel,1.599,1.78,1.99,281
2026-09-03,GRANADA,g98,1.719,1.979,2.099,150
2026-09-03,GRANADA,dieselPlus,1.619,1.879,2.079,170
2026-09-03,GUADALAJARA,g95,1.599,1.838,1.959,86
2026-09-03,GUADALAJARA,diesel,1.649,1.817,1.986,88
2026-09-03,GUADALAJARA,g98,1.769,2.023,2.119,44
2026-09-03,GUADALAJARA,dieselPlus,1.679,1.888,1.999,43
2026-09-03,GIPUZKOA,g95,1.475,1.842,1.959,131
2026-09-03,GIPUZKOA,g98,1.849,2.014,2.109,77
2026-09-03,GIPUZKOA,diesel,1.575,1.829,2.009,144
2026-09-03,GIPUZKOA,dieselPlus,1.719,1.917,2.099,80
2026-09-03,HUELVA,g95,1.625,1.842,1.949,136
2026-09-03,HUELVA,g98,1.78,2.008,2.109,48
2026-09-03,HUELVA,diesel,1.635,1.836,2.249,141
2026-09-03,HUELVA,dieselPlus,1.695,1.92,2.069,60
2026-09-03,HUESCA,g95,1.54,1.8,1.975,113
2026-09-03,HUESCA,g98,1.795,1.981,2.069,53
2026-09-03,HUESCA,diesel,1.585,1.802,2.05,122
2026-09-03,HUESCA,dieselPlus,1.631,1.899,2.115,58
2026-09-03,JAÉN,g95,1.599,1.802,1.949,208
2026-09-03,JAÉN,g98,1.695,1.991,2.299,80
2026-09-03,JAÉN,diesel,1.608,1.823,2.019,212
2026-09-03,JAÉN,dieselPlus,1.62,1.908,2.099,101
2026-09-03,LEÓN,g95,1.679,1.829,1.979,159
2026-09-03,LEÓN,diesel,1.669,1.824,2.005,164
2026-09-03,LEÓN,dieselPlus,1.729,1.892,2.099,114
2026-09-03,LEÓN,g98,1.799,1.974,2.139,95
2026-09-03,LLEIDA,g95,1.4,1.745,1.969,165
2026-09-03,LLEIDA,diesel,1.53,1.756,1.969,181
2026-09-03,LLEIDA,dieselPlus,1.649,1.85,2.059,79
2026-09-03,LLEIDA,g98,1.629,1.937,2.069,78
2026-09-03,RIOJA (LA),g95,1.589,1.804,1.939,80
2026-09-03,RIOJA (LA),diesel,1.62,1.78,1.894,82
2026-09-03,RIOJA (LA),dieselPlus,1.694,1.868,1.999,38
2026-09-03,RIOJA (LA),g98,1.879,1.984,2.059,36
2026-09-03,LUGO,g95,1.659,1.864,1.989,124
2026-09-03,LUGO,diesel,1.629,1.826,1.945,126
2026-09-03,LUGO,dieselPlus,1.759,1.911,1.999,65
2026-09-03,LUGO,g98,1.759,2.015,2.125,59
2026-09-03,MADRID,g95,1.589,1.831,2.019,857
2026-09-03,MADRID,g98,1.749,2.013,2.239,413
2026-09-03,MADRID,diesel,1.559,1.806,2.059,860
2026-09-03,MADRID,dieselPlus,1.599,1.884,2.119,453
2026-09-03,MÁLAGA,g95,1.598,1.849,2.099,304
2026-09-03,MÁLAGA,diesel,1.659,1.826,2.149,307
2026-09-03,MÁLAGA,dieselPlus,1.709,1.914,2.115,209
2026-09-03,MÁLAGA,g98,1.779,2.022,2.109,164
2026-09-03,MURCIA,g95,1.54,1.796,2.089,431
2026-09-03,MURCIA,diesel,1.617,1.785,2.249,454
2026-09-03,MURCIA,dieselPlus,1.629,1.852,2.04,235
2026-09-03,MURCIA,g98,1.668,1.957,2.129,235
2026-09-03,NAVARRA,g95,1.527,1.795,1.969,211
2026-09-03,NAVARRA,diesel,1.579,1.767,1.969,234
2026-09-03,NAVARRA,dieselPlus,1.589,1.859,2.019,94
2026-09-03,NAVARRA,g98,1.789,2.007,2.085,62
2026-09-03,OURENSE,g95,1.669,1.86,2.058,87
2026-09-03,OURENSE,g98,1.858,1.987,2.232,62
2026-09-03,OURENSE,diesel,1.645,1.822,1.904,87
2026-09-03,OURENSE,dieselPlus,1.715,1.888,1.999,57
2026-09-03,ASTURIAS,g95,1.687,1.875,1.999,224
2026-09-03,ASTURIAS,diesel,1.656,1.839,1.979,239
2026-09-03,ASTURIAS,dieselPlus,1.693,1.913,2.049,158
2026-09-03,ASTURIAS,g98,1.799,2.022,2.149,141
2026-09-03,PALENCIA,g95,1.617,1.869,1.949,66
2026-09-03,PALENCIA,g98,1.758,2.031,2.109,38
2026-09-03,PALENCIA,diesel,1.699,1.846,1.989,68
2026-09-03,PALENCIA,dieselPlus,1.719,1.932,2.065,45
2026-09-03,PALMAS (LAS),g95,1.259,1.438,1.589,256
2026-09-03,PALMAS (LAS),g98,1.349,1.578,1.699,226
2026-09-03,PALMAS (LAS),diesel,1.409,1.544,1.729,256
2026-09-03,PALMAS (LAS),dieselPlus,1.489,1.658,1.729,155
2026-09-03,PONTEVEDRA,g95,1.649,1.835,2.059,224
2026-09-03,PONTEVEDRA,diesel,1.599,1.811,1.979,225
2026-09-03,PONTEVEDRA,dieselPlus,1.645,1.909,2.049,143
2026-09-03,PONTEVEDRA,g98,1.719,1.992,2.249,135
2026-09-03,SALAMANCA,g95,1.646,1.823,1.909,105
2026-09-03,SALAMANCA,diesel,1.649,1.797,1.915,109
2026-09-03,SALAMANCA,dieselPlus,1.685,1.882,1.969,63
2026-09-03,SALAMANCA,g98,1.754,1.979,2.059,51
2026-09-03,SANTA CRUZ DE TENERIFE,g95,1.325,1.499,1.752,240
2026-09-03,SANTA CRUZ DE TENERIFE,g98,1.345,1.629,1.879,226
2026-09-03,SANTA CRUZ DE TENERIFE,diesel,1.459,1.612,1.885,239
2026-09-03,SANTA CRUZ DE TENERIFE,dieselPlus,1.449,1.714,1.926,128
2026-09-03,CANTABRIA,g95,1.64,1.847,1.959,167
2026-09-03,CANTABRIA,g98,1.77,2.004,2.129,86
2026-09-03,CANTABRIA,diesel,1.587,1.805,1.979,167
2026-09-03,CANTABRIA,dieselPlus,1.607,1.862,2.069,82
2026-09-03,SEGOVIA,g95,1.689,1.848,1.969,74
2026-09-03,SEGOVIA,diesel,1.689,1.817,2.039,75
2026-09-03,SEGOVIA,dieselPlus,1.699,1.895,2.109,43
2026-09-03,SEGOVIA,g98,1.799,2.022,2.157,37
2026-09-03,SEVILLA,g95,1.599,1.789,1.959,430
2026-09-03,SEVILLA,diesel,1.595,1.794,1.988,437
2026-09-03,SEVILLA,dieselPlus,1.654,1.897,2.069,229
2026-09-03,SEVILLA,g98,1.699,1.989,2.219,144
2026-09-03,SORIA,g95,1.639,1.819,1.969,41
2026-09-03,SORIA,g98,1.729,2.002,2.079,17
2026-09-03,SORIA,diesel,1.624,1.796,1.987,40
2026-09-03,SORIA,dieselPlus,1.68,1.866,2.025,20
2026-09-03,TARRAGONA,g95,1.465,1.804,1.984,215
2026-09-03,TARRAGONA,diesel,1.599,1.766,1.943,227
2026-09-03,TARRAGONA,g98,1.759,1.988,2.149,123
2026-09-03,TARRAGONA,dieselPlus,1.639,1.87,2.035,122
2026-09-03,TERUEL,g95,1.545,1.805,1.949,63
2026-09-03,TERUEL,diesel,1.59,1.782,1.949,67
2026-09-03,TERUEL,dieselPlus,1.728,1.9,2.039,32
2026-09-03,TERUEL,g98,1.66,1.967,2.109,30
2026-09-03,TOLEDO,g95,1.579,1.831,2.055,239
2026-09-03,TOLEDO,g98,1.717,2.009,2.179,118
2026-09-03,TOLEDO,diesel,1.647,1.81,2.064,242
2026-09-03,TOLEDO,dieselPlus,1.667,1.887,2.109,115
2026-09-03,VALENCIA / VALÈNCIA,g95,1.539,1.794,2.079,622
2026-09-03,VALENCIA / VALÈNCIA,diesel,1.539,1.765,1.999,636
2026-09-03,VALENCIA / VALÈNCIA,g98,1.659,1.989,2.219,279
2026-09-03,VALENCIA / VALÈNCIA,dieselPlus,1.599,1.86,2.069,321
2026-09-03,VALLADOLID,g95,1.6,1.835,1.995,146
2026-09-03,VALLADOLID,diesel,1.599,1.8,1.964,151
2026-09-03,VALLADOLID,dieselPlus,1.627,1.885,2.054,78
2026-09-03,VALLADOLID,g98,1.799,2.054,2.155,70
2026-09-03,BIZKAIA,g95,1.622,1.844,1.979,125
2026-09-03,BIZKAIA,g98,1.789,2.004,2.119,67
2026-09-03,BIZKAIA,diesel,1.599,1.804,2.004,125
2026-09-03,BIZKAIA,dieselPlus,1.599,1.839,2.089,44
2026-09-03,ZAMORA,g95,1.659,1.838,1.988,79
2026-09-03,ZAMORA,g98,1.799,2.006,2.149,44
2026-09-03,ZAMORA,diesel,1.627,1.814,1.966,85
2026-09-03,ZAMORA,dieselPlus,1.647,1.918,2.049,50
2026-09-03,ZARAGOZA,g95,1.519,1.809,1.939,218
2026-09-03,ZARAGOZA,g98,1.659,2.004,2.095,94
2026-09-03,ZARAGOZA,diesel,1.57,1.785,1.936,231
2026-09-03,ZARAGOZA,dieselPlus,1.667,1.856,1.989,87
2026-09-03,CEUTA,g95,1.564,1.612,1.629,10
2026-09-03,CEUTA,g98,1.639,1.653,1.659,8
2026-09-03,CEUTA,diesel,1.659,1.678,1.694,10
2026-09-03,CEUTA,dieselPlus,1.699,1.732,1.754,4
2026-09-03,MELILLA,g95,1.464,1.465,1.465,12
2026-09-03,MELILLA,diesel,1.435,1.444,1.447,12
2026-09-03,MELILLA,dieselPlus,1.487,1.49,1.497,8
2026-09-04,ARABA/ÁLAVA,g95,1.646,1.848,1.989,68
2026-09-04,ARABA/ÁLAVA,diesel,1.669,1.82,2.019,71
2026-09-04,ARABA/ÁLAVA,dieselPlus,1.688,1.906,2.109,36
2026-09-04,ARABA/ÁLAVA,g98,1.749,2.01,2.129,38
2026-09-04,ALBACETE,g95,1.539,1.823,1.969,142
2026-09-04,ALBACETE,diesel,1.499,1.83,1.969,151
2026-09-04,ALBACETE,dieselPlus,1.667,1.938,2.059,68
2026-09-04,ALBACETE,g98,1.705,2.027,2.105,65
2026-09-04,ALICANTE,g95,1.619,1.848,1.999,477
2026-09-04,ALICANTE,diesel,1.619,1.799,1.99,481
2026-09-04,ALICANTE,g98,1.699,2.033,2.199,260
2026-09-04,ALICANTE,dieselPlus,1.689,1.903,2.08,278
2026-09-04,ALMERÍA,g95,1.499,1.778,1.999,217
2026-09-04,ALMERÍA,g98,1.699,1.963,2.159,93
2026-09-04,ALMERÍA,diesel,1.629,1.792,2.019,228
2026-09-04,ALMERÍA,dieselPlus,1.645,1.892,2.059,118
2026-09-04,ÁVILA,g95,1.609,1.861,1.999,71
2026-09-04,ÁVILA,diesel,1.699,1.859,1.949,72
2026-09-04,ÁVILA,dieselPlus,1.758,1.953,2.049,46
2026-09-04,ÁVILA,g98,1.667,1.989,2.149,34
2026-09-04,BADAJOZ,diesel,1.619,1.807,2.099,275
2026-09-04,BADAJOZ,g95,1.599,1.82,2.169,240
2026-09-04,BADAJOZ,dieselPlus,1.654,1.902,2.199,129
2026-09-04,BADAJOZ,g98,1.799,2.018,2.299,67
2026-09-04,BALEARS (ILLES),g95,1.759,1.932,2.199,215
2026-09-04,BALEARS (ILLES),diesel,1.739,1.901,2.149,215
2026-09-04,BALEARS (ILLES),dieselPlus,1.748,1.98,2.114,101
2026-09-04,BALEARS (ILLES),g98,1.959,2.077,2.169,126
2026-09-04,BARCELONA,g95,1.459,1.789,1.979,773
2026-09-04,BARCELONA,diesel,1.599,1.794,2.005,782
2026-09-04,BARCELONA,dieselPlus,1.639,1.875,2.105,392
2026-09-04,BARCELONA,g98,1.657,1.973,2.159,438
2026-09-04,BURGOS,g95,1.639,1.873,1.998,134
2026-09-04,BURGOS,g98,1.81,2.054,2.165,57
2026-09-04,BURGOS,diesel,1.627,1.807,1.998,138
2026-09-04,BURGOS,dieselPlus,1.647,1.876,1.985,77
2026-09-04,CÁCERES,g95,1.58,1.853,2.029,148
2026-09-04,CÁCERES,diesel,1.635,1.853,2.019,160
2026-09-04,CÁCERES,g98,1.879,2.053,2.199,46
2026-09-04,CÁCERES,dieselPlus,1.655,1.954,2.089,81
2026-09-04,CÁDIZ,g95,1.669,1.86,1.979,287
2026-09-04,CÁDIZ,g98,1.829,2.042,2.129,117
2026-09-04,CÁDIZ,diesel,1.638,1.813,2.039,291
2026-09-04,CÁDIZ,dieselPlus,1.648,1.902,2.109,176
2026-09-04,CASTELLÓN / CASTELLÓ,g95,1.485,1.802,2.059,188
2026-09-04,CASTELLÓN / CASTELLÓ,diesel,1.597,1.816,2.074,190
2026-09-04,CASTELLÓN / CASTELLÓ,dieselPlus,1.639,1.935,2.089,96
2026-09-04,CASTELLÓN / CASTELLÓ,g98,1.609,1.999,2.099,76
2026-09-04,CIUDAD REAL,g95,1.579,1.81,1.979,194
2026-09-04,CIUDAD REAL,g98,1.699,2.012,2.204,71
2026-09-04,CIUDAD REAL,diesel,1.559,1.8,1.986,213
2026-09-04,CIUDAD REAL,dieselPlus,1.647,1.893,2.079,62
2026-09-04,CÓRDOBA,g95,1.639,1.814,1.939,201
2026-09-04,CÓRDOBA,diesel,1.619,1.824,1.934,206
2026-09-04,CÓRDOBA,g98,1.679,1.97,2.095,67
2026-09-04,CÓRDOBA,dieselPlus,1.708,1.904,2.039,102
2026-09-04,CORUÑA (A),g95,1.689,1.87,2.029,283
2026-09-04,CORUÑA (A),diesel,1.609,1.818,1.959,286
2026-09-04,CORUÑA (A),g98,1.799,2.01,2.269,170
2026-09-04,CORUÑA (A),dieselPlus,1.664,1.897,2.077,166
2026-09-04,CUENCA,g95,1.639,1.856,1.999,104
2026-09-04,CUENCA,diesel,1.617,1.845,2.029,115
2026-09-04,CUENCA,dieselPlus,1.637,1.966,2.119,56
2026-09-04,CUENCA,g98,1.799,2.023,2.159,40
2026-09-04,GIRONA,g95,1.54,1.832,2.039,256
2026-09-04,GIRONA,g98,1.798,2.017,2.219,155
2026-09-04,GIRONA,diesel,1.623,1.791,1.999,266
2026-09-04,GIRONA,dieselPlus,1.659,1.906,2.089,147
2026-09-04,GRANADA,g95,1.57,1.806,1.99,277
2026-09-04,GRANADA,diesel,1.599,1.793,1.99,281
2026-09-04,GRANADA,g98,1.719,1.999,2.099,150
2026-09-04,GRANADA,dieselPlus,1.619,1.898,1.999,170
2026-09-04,GUADALAJARA,g95,1.599,1.853,1.989,86
2026-09-04,GUADALAJARA,diesel,1.667,1.832,1.986,88
2026-09-04,GUADALAJARA,g98,1.769,2.046,2.149,44
2026-09-04,GUADALAJARA,dieselPlus,1.679,1.906,2.049,43
2026-09-04,GIPUZKOA,g95,1.475,1.856,1.979,131
2026-09-04,GIPUZKOA,g98,1.849,2.039,2.139,77
2026-09-04,GIPUZKOA,diesel,1.575,1.839,2.009,144
2026-09-04,GIPUZKOA,dieselPlus,1.719,1.932,2.099,80
2026-09-04,HUELVA,g95,1.625,1.856,1.969,136
2026-09-04,HUELVA,g98,1.78,2.024,2.139,48
2026-09-04,HUELVA,diesel,1.635,1.848,2.249,141
2026-09-04,HUELVA,dieselPlus,1.695,1.937,2.069,60
2026-09-04,HUESCA,g95,1.541,1.814,1.975,113
2026-09-04,HUESCA,g98,1.799,1.997,2.089,53
2026-09-04,HUESCA,diesel,1.585,1.813,2.05,123
2026-09-04,HUESCA,dieselPlus,1.698,1.916,2.115,58
2026-09-04,JAÉN,g95,1.599,1.819,1.949,208
2026-09-04,JAÉN,g98,1.773,2.013,2.299,80
2026-09-04,JAÉN,diesel,1.629,1.837,2.019,212
2026-09-04,JAÉN,dieselPlus,1.696,1.925,2.119,101
2026-09-04,LEÓN,g95,1.679,1.848,1.979,159
2026-09-04,LEÓN,diesel,1.699,1.842,2.005,165
2026-09-04,LEÓN,dieselPlus,1.747,1.915,2.099,114
2026-09-04,LEÓN,g98,1.829,1.998,2.139,95
2026-09-04,LLEIDA,g95,1.4,1.753,1.969,165
2026-09-04,LLEIDA,diesel,1.53,1.764,1.969,181
2026-09-04,LLEIDA,dieselPlus,1.653,1.866,2.059,79
2026-09-04,LLEIDA,g98,1.629,1.949,2.069,78
2026-09-04,RIOJA (LA),g95,1.589,1.817,1.949,80
2026-09-04,RIOJA (LA),diesel,1.62,1.793,1.929,82
2026-09-04,RIOJA (LA),dieselPlus,1.694,1.888,2.029,38
2026-09-04,RIOJA (LA),g98,1.879,2.007,2.079,36
2026-09-04,LUGO,g95,1.669,1.874,1.989,126
2026-09-04,LUGO,diesel,1.629,1.839,1.945,128
2026-09-04,LUGO,dieselPlus,1.759,1.932,2.014,65
2026-09-04,LUGO,g98,1.759,2.033,2.125,60
2026-09-04,MADRID,g95,1.589,1.843,2.023,858
2026-09-04,MADRID,g98,1.749,2.03,2.239,414
2026-09-04,MADRID,diesel,1.629,1.821,2.059,863
2026-09-04,MADRID,dieselPlus,1.649,1.903,2.119,456
2026-09-04,MÁLAGA,g95,1.598,1.866,2.099,304
2026-09-04,MÁLAGA,diesel,1.639,1.845,2.149,307
2026-09-04,MÁLAGA,dieselPlus,1.709,1.938,2.115,209
2026-09-04,MÁLAGA,g98,1.799,2.042,2.119,164
2026-09-04,MURCIA,g95,1.54,1.81,2.089,431
2026-09-04,MURCIA,diesel,1.617,1.793,2.249,454
2026-09-04,MURCIA,dieselPlus,1.637,1.865,2.04,235
2026-09-04,MURCIA,g98,1.728,1.974,2.159,235
2026-09-04,NAVARRA,g95,1.529,1.81,1.999,211
2026-09-04,NAVARRA,diesel,1.569,1.774,1.969,235
2026-09-04,NAVARRA,dieselPlus,1.579,1.878,2.059,95
2026-09-04,NAVARRA,g98,1.789,2.033,2.169,62
2026-09-04,OURENSE,g95,1.719,1.874,2.058,87
2026-09-04,OURENSE,g98,1.858,2.005,2.232,62
2026-09-04,OURENSE,diesel,1.695,1.836,1.949,87
2026-09-04,OURENSE,dieselPlus,1.715,1.909,1.999,57
2026-09-04,ASTURIAS,g95,1.687,1.895,2.09,224
2026-09-04,ASTURIAS,diesel,1.695,1.857,1.979,239
2026-09-04,ASTURIAS,dieselPlus,1.729,1.935,2.104,159
2026-09-04,ASTURIAS,g98,1.799,2.045,2.224,141
2026-09-04,PALENCIA,g95,1.617,1.886,2.009,66
2026-09-04,PALENCIA,g98,1.758,2.052,2.189,38
2026-09-04,PALENCIA,diesel,1.699,1.864,1.989,68
2026-09-04,PALENCIA,dieselPlus,1.709,1.955,2.065,45
2026-09-04,PALMAS (LAS),g95,1.259,1.44,1.589,256
2026-09-04,PALMAS (LAS),g98,1.349,1.581,1.709,226
2026-09-04,PALMAS (LAS),diesel,1.419,1.547,1.729,256
2026-09-04,PALMAS (LAS),dieselPlus,1.489,1.661,1.739,155
2026-09-04,PONTEVEDRA,g95,1.658,1.853,2.079,224
2026-09-04,PONTEVEDRA,diesel,1.599,1.827,1.979,225
2026-09-04,PONTEVEDRA,dieselPlus,1.645,1.934,2.049,143
2026-09-04,PONTEVEDRA,g98,1.719,2.015,2.249,135
2026-09-04,SALAMANCA,g95,1.687,1.845,1.969,105
2026-09-04,SALAMANCA,diesel,1.649,1.812,1.923,109
2026-09-04,SALAMANCA,dieselPlus,1.735,1.904,1.989,63
2026-09-04,SALAMANCA,g98,1.754,2.004,2.099,51
2026-09-04,SANTA CRUZ DE TENERIFE,g95,1.329,1.501,1.752,240
2026-09-04,SANTA CRUZ DE TENERIFE,g98,1.4,1.632,1.879,226
2026-09-04,SANTA CRUZ DE TENERIFE,diesel,1.459,1.616,1.885,239
2026-09-04,SANTA CRUZ DE TENERIFE,dieselPlus,1.459,1.718,1.926,128
2026-09-04,CANTABRIA,g95,1.659,1.866,2.029,167
2026-09-04,CANTABRIA,g98,1.849,2.029,2.159,86
2026-09-04,CANTABRIA,diesel,1.637,1.819,1.939,168
2026-09-04,CANTABRIA,dieselPlus,1.657,1.876,2.049,82
2026-09-04,SEGOVIA,g95,1.689,1.859,2.039,74
2026-09-04,SEGOVIA,diesel,1.689,1.826,2.039,75
2026-09-04,SEGOVIA,dieselPlus,1.699,1.907,2.109,43
2026-09-04,SEGOVIA,g98,1.819,2.039,2.237,37
2026-09-04,SEVILLA,g95,1.599,1.805,1.989,434
2026-09-04,SEVILLA,diesel,1.599,1.806,2.014,441
2026-09-04,SEVILLA,dieselPlus,1.682,1.915,2.104,232
2026-09-04,SEVILLA,g98,1.699,2.013,2.219,145
2026-09-04,SORIA,g95,1.639,1.834,1.969,42
2026-09-04,SORIA,g98,1.729,2.029,2.119,17
2026-09-04,SORIA,diesel,1.624,1.807,1.987,41
2026-09-04,SORIA,dieselPlus,1.68,1.883,2.025,20
2026-09-04,TARRAGONA,g95,1.465,1.818,1.999,215
2026-09-04,TARRAGONA,diesel,1.618,1.778,1.943,227
2026-09-04,TARRAGONA,g98,1.759,2.01,2.139,123
2026-09-04,TARRAGONA,dieselPlus,1.65,1.887,2.035,122
2026-09-04,TERUEL,g95,1.545,1.815,1.971,63
2026-09-04,TERUEL,diesel,1.61,1.797,1.949,67
2026-09-04,TERUEL,dieselPlus,1.728,1.923,2.039,32
2026-09-04,TERUEL,g98,1.66,1.98,2.109,30
2026-09-04,TOLEDO,g95,1.579,1.843,2.079,239
2026-09-04,TOLEDO,g98,1.717,2.03,2.236,118
2026-09-04,TOLEDO,diesel,1.678,1.821,2.084,242
2026-09-04,TOLEDO,dieselPlus,1.679,1.903,2.144,115
2026-09-04,VALENCIA / VALÈNCIA,g95,1.567,1.803,2.079,621
2026-09-04,VALENCIA / VALÈNCIA,diesel,1.535,1.774,1.999,635
2026-09-04,VALENCIA / VALÈNCIA,g98,1.659,2.005,2.219,279
2026-09-04,VALENCIA / VALÈNCIA,dieselPlus,1.559,1.878,2.069,320
2026-09-04,VALLADOLID,g95,1.6,1.851,2.039,146
2026-09-04,VALLADOLID,diesel,1.617,1.813,1.964,151
2026-09-04,VALLADOLID,dieselPlus,1.627,1.906,2.054,78
2026-09-04,VALLADOLID,g98,1.85,2.081,2.235,70
2026-09-04,BIZKAIA,g95,1.645,1.862,1.995,125
2026-09-04,BIZKAIA,g98,1.799,2.027,2.119,67
2026-09-04,BIZKAIA,diesel,1.599,1.817,2.004,126
2026-09-04,BIZKAIA,dieselPlus,1.669,1.856,2.089,45
2026-09-04,ZAMORA,g95,1.659,1.859,1.999,79
2026-09-04,ZAMORA,g98,1.819,2.029,2.169,44
2026-09-04,ZAMORA,diesel,1.648,1.827,1.966,85
2026-09-04,ZAMORA,dieselPlus,1.697,1.943,2.069,50
2026-09-04,ZARAGOZA,g95,1.535,1.824,1.949,219
2026-09-04,ZARAGOZA,g98,1.739,2.024,2.119,94
2026-09-04,ZARAGOZA,diesel,1.57,1.797,1.964,231
2026-09-04,ZARAGOZA,dieselPlus,1.667,1.872,2.054,87
2026-09-04,CEUTA,g95,1.564,1.618,1.649,10
2026-09-04,CEUTA,g98,1.628,1.657,1.679,8
2026-09-04,CEUTA,diesel,1.659,1.678,1.694,10
2026-09-04,CEUTA,dieselPlus,1.699,1.732,1.754,4
2026-09-04,MELILLA,g95,1.464,1.465,1.465,12
2026-09-04,MELILLA,diesel,1.435,1.444,1.447,12
2026-09-04,MELILLA,dieselPlus,1.487,1.49,1.497,8
2026-09-05,ARABA/ÁLAVA,g95,1.646,1.854,1.989,68
2026-09-05,ARABA/ÁLAVA,diesel,1.627,1.822,2.019,71
2026-09-05,ARABA/ÁLAVA,dieselPlus,1.688,1.904,2.109,36
2026-09-05,ARABA/ÁLAVA,g98,1.749,2.011,2.129,38
2026-09-05,ALBACETE,g95,1.539,1.831,1.969,142
2026-09-05,ALBACETE,diesel,1.499,1.835,1.969,151
2026-09-05,ALBACETE,dieselPlus,1.667,1.944,2.059,68
2026-09-05,ALBACETE,g98,1.759,2.032,2.109,65
2026-09-05,ALICANTE,g95,1.619,1.853,1.999,478
2026-09-05,ALICANTE,diesel,1.619,1.801,1.99,482
2026-09-05,ALICANTE,g98,1.699,2.036,2.199,261
2026-09-05,ALICANTE,dieselPlus,1.689,1.905,2.08,279
2026-09-05,ALMERÍA,g95,1.499,1.781,1.999,217
2026-09-05,ALMERÍA,g98,1.699,1.963,2.159,93
2026-09-05,ALMERÍA,diesel,1.629,1.791,2.019,228
2026-09-05,ALMERÍA,dieselPlus,1.645,1.89,2.059,119
2026-09-05,ÁVILA,g95,1.609,1.868,1.999,71
2026-09-05,ÁVILA,diesel,1.699,1.86,1.949,72
2026-09-05,ÁVILA,dieselPlus,1.797,1.956,2.049,46
2026-09-05,ÁVILA,g98,1.667,1.991,2.149,34
2026-09-05,BADAJOZ,diesel,1.619,1.809,2.099,274
2026-09-05,BADAJOZ,g95,1.599,1.824,2.169,239
2026-09-05,BADAJOZ,dieselPlus,1.654,1.903,2.199,128
2026-09-05,BADAJOZ,g98,1.799,2.017,2.299,67
2026-09-05,BALEARS (ILLES),g95,1.759,1.94,2.299,215
2026-09-05,BALEARS (ILLES),diesel,1.739,1.906,2.149,215
2026-09-05,BALEARS (ILLES),dieselPlus,1.748,1.985,2.114,101
2026-09-05,BALEARS (ILLES),g98,1.959,2.082,2.169,126
2026-09-05,BARCELONA,g95,1.459,1.795,1.979,772
2026-09-05,BARCELONA,diesel,1.599,1.798,2.005,781
2026-09-05,BARCELONA,dieselPlus,1.639,1.877,2.105,392
2026-09-05,BARCELONA,g98,1.657,1.975,2.159,438
2026-09-05,BURGOS,g95,1.639,1.879,1.998,134
2026-09-05,BURGOS,g98,1.83,2.06,2.165,57
2026-09-05,BURGOS,diesel,1.627,1.811,1.998,138
2026-09-05,BURGOS,dieselPlus,1.647,1.879,1.985,77
2026-09-05,CÁCERES,g95,1.58,1.858,2.019,148
2026-09-05,CÁCERES,diesel,1.635,1.856,2.019,160
2026-09-05,CÁCERES,g98,1.879,2.055,2.189,46
2026-09-05,CÁCERES,dieselPlus,1.655,1.955,2.089,81
2026-09-05,CÁDIZ,g95,1.669,1.864,1.999,287
2026-09-05,CÁDIZ,g98,1.829,2.045,2.129,117
2026-09-05,CÁDIZ,diesel,1.638,1.815,2.039,291
2026-09-05,CÁDIZ,dieselPlus,1.648,1.904,2.109,176
2026-09-05,CASTELLÓN / CASTELLÓ,g95,1.509,1.807,2.059,188
2026-09-05,CASTELLÓN / CASTELLÓ,diesel,1.597,1.819,2.074,190
2026-09-05,CASTELLÓN / CASTELLÓ,dieselPlus,1.639,1.941,2.089,96
2026-09-05,CASTELLÓN / CASTELLÓ,g98,1.699,2.002,2.099,76
2026-09-05,CIUDAD REAL,g95,1.579,1.816,1.979,194
2026-09-05,CIUDAD REAL,g98,1.699,2.013,2.204,71
2026-09-05,CIUDAD REAL,diesel,1.559,1.804,1.986,213
2026-09-05,CIUDAD REAL,dieselPlus,1.647,1.899,2.079,62
2026-09-05,CÓRDOBA,g95,1.639,1.818,1.939,202
2026-09-05,CÓRDOBA,diesel,1.619,1.827,1.939,207
2026-09-05,CÓRDOBA,g98,1.679,1.972,2.095,67
2026-09-05,CÓRDOBA,dieselPlus,1.708,1.905,2.039,102
2026-09-05,CORUÑA (A),g95,1.689,1.876,2.029,283
2026-09-05,CORUÑA (A),diesel,1.609,1.823,1.959,286
2026-09-05,CORUÑA (A),g98,1.799,2.014,2.269,170
2026-09-05,CORUÑA (A),dieselPlus,1.664,1.9,2.077,166
2026-09-05,CUENCA,g95,1.639,1.864,1.999,105
2026-09-05,CUENCA,diesel,1.617,1.849,2.029,116
2026-09-05,CUENCA,dieselPlus,1.637,1.968,2.119,56
2026-09-05,CUENCA,g98,1.799,2.028,2.159,40
2026-09-05,GIRONA,g95,1.54,1.833,2.039,256
2026-09-05,GIRONA,g98,1.798,2.017,2.219,155
2026-09-05,GIRONA,diesel,1.623,1.795,1.999,266
2026-09-05,GIRONA,dieselPlus,1.659,1.908,2.089,147
2026-09-05,GRANADA,g95,1.57,1.814,1.99,277
2026-09-05,GRANADA,diesel,1.599,1.797,1.99,281
2026-09-05,GRANADA,g98,1.749,2.005,2.099,151
2026-09-05,GRANADA,dieselPlus,1.619,1.902,2.004,170
2026-09-05,GUADALAJARA,g95,1.599,1.857,1.989,86
2026-09-05,GUADALAJARA,diesel,1.667,1.836,1.986,88
2026-09-05,GUADALAJARA,g98,1.769,2.048,2.149,44
2026-09-05,GUADALAJARA,dieselPlus,1.679,1.907,2.049,43
2026-09-05,GIPUZKOA,g95,1.475,1.863,1.979,131
2026-09-05,GIPUZKOA,g98,1.849,2.043,2.139,77
2026-09-05,GIPUZKOA,diesel,1.575,1.843,1.989,144
2026-09-05,GIPUZKOA,dieselPlus,1.689,1.933,2.084,80
2026-09-05,HUELVA,g95,1.625,1.86,1.979,136
2026-09-05,HUELVA,g98,1.78,2.025,2.139,48
2026-09-05,HUELVA,diesel,1.635,1.851,2.249,141
2026-09-05,HUELVA,dieselPlus,1.695,1.941,2.069,60
2026-09-05,HUESCA,g95,1.541,1.82,1.999,113
2026-09-05,HUESCA,g98,1.799,2.001,2.098,53
2026-09-05,HUESCA,diesel,1.625,1.82,2.05,123
2026-09-05,HUESCA,dieselPlus,1.698,1.922,2.135,58
2026-09-05,JAÉN,g95,1.599,1.825,1.949,208
2026-09-05,JAÉN,g98,1.773,2.016,2.299,80
2026-09-05,JAÉN,diesel,1.669,1.843,2.019,212
2026-09-05,JAÉN,dieselPlus,1.696,1.932,2.119,101
2026-09-05,LEÓN,g95,1.699,1.857,1.979,159
2026-09-05,LEÓN,diesel,1.699,1.848,2.005,165
2026-09-05,LEÓN,dieselPlus,1.747,1.917,2.099,114
2026-09-05,LEÓN,g98,1.829,2.004,2.139,95
2026-09-05,LLEIDA,g95,1.4,1.757,1.969,165
2026-09-05,LLEIDA,diesel,1.53,1.766,1.969,181
2026-09-05,LLEIDA,dieselPlus,1.653,1.867,2.059,79
2026-09-05,LLEIDA,g98,1.629,1.95,2.069,78
2026-09-05,RIOJA (LA),g95,1.589,1.827,1.989,80
2026-09-05,RIOJA (LA),diesel,1.62,1.801,1.939,82
2026-09-05,RIOJA (LA),dieselPlus,1.694,1.896,2.029,38
2026-09-05,RIOJA (LA),g98,1.919,2.018,2.089,36
2026-09-05,LUGO,g95,1.669,1.88,1.989,126
2026-09-05,LUGO,diesel,1.629,1.846,1.948,128
2026-09-05,LUGO,dieselPlus,1.759,1.937,2.039,65
2026-09-05,LUGO,g98,1.759,2.035,2.125,59
2026-09-05,MADRID,g95,1.589,1.848,2.023,858
2026-09-05,MADRID,g98,1.749,2.033,2.239,413
2026-09-05,MADRID,diesel,1.629,1.825,2.059,863
2026-09-05,MADRID,dieselPlus,1.649,1.906,2.119,456
2026-09-05,MÁLAGA,g95,1.598,1.87,2.099,304
2026-09-05,MÁLAGA,diesel,1.639,1.849,2.149,307
2026-09-05,MÁLAGA,dieselPlus,1.709,1.941,2.115,209
2026-09-05,MÁLAGA,g98,1.799,2.046,2.125,164
2026-09-05,MURCIA,g95,1.54,1.814,2.089,431
2026-09-05,MURCIA,diesel,1.617,1.794,2.249,454
2026-09-05,MURCIA,dieselPlus,1.637,1.864,2.04,235
2026-09-05,MURCIA,g98,1.728,1.978,2.159,235
2026-09-05,NAVARRA,g95,1.529,1.818,1.999,212
2026-09-05,NAVARRA,diesel,1.569,1.777,1.969,236
2026-09-05,NAVARRA,dieselPlus,1.579,1.88,2.059,95
2026-09-05,NAVARRA,g98,1.789,2.04,2.169,62
2026-09-05,OURENSE,g95,1.719,1.881,2.058,87
2026-09-05,OURENSE,g98,1.858,2.011,2.232,62
2026-09-05,OURENSE,diesel,1.695,1.841,1.949,87
2026-09-05,OURENSE,dieselPlus,1.715,1.912,1.999,57
2026-09-05,ASTURIAS,g95,1.687,1.903,2.09,224
2026-09-05,ASTURIAS,diesel,1.695,1.861,1.979,239
2026-09-05,ASTURIAS,dieselPlus,1.729,1.936,2.104,159
2026-09-05,ASTURIAS,g98,1.799,2.05,2.224,141
2026-09-05,PALENCIA,g95,1.617,1.896,2.009,66
2026-09-05,PALENCIA,g98,1.758,2.062,2.189,38
2026-09-05,PALENCIA,diesel,1.699,1.867,1.939,68
2026-09-05,PALENCIA,dieselPlus,1.709,1.956,2.049,45
2026-09-05,PALMAS (LAS),g95,1.259,1.441,1.589,256
2026-09-05,PALMAS (LAS),g98,1.349,1.581,1.719,226
2026-09-05,PALMAS (LAS),diesel,1.429,1.548,1.729,256
2026-09-05,PALMAS (LAS),dieselPlus,1.489,1.662,1.739,155
2026-09-05,PONTEVEDRA,g95,1.658,1.86,2.079,224
2026-09-05,PONTEVEDRA,diesel,1.599,1.832,1.979,225
2026-09-05,PONTEVEDRA,dieselPlus,1.645,1.937,2.049,143
2026-09-05,PONTEVEDRA,g98,1.779,2.018,2.249,135
2026-09-05,SALAMANCA,g95,1.687,1.856,1.999,105
2026-09-05,SALAMANCA,diesel,1.666,1.817,1.945,109
2026-09-05,SALAMANCA,dieselPlus,1.735,1.912,1.989,63
2026-09-05,SALAMANCA,g98,1.754,2.009,2.099,51
2026-09-05,SANTA CRUZ DE TENERIFE,g95,1.329,1.501,1.752,239
2026-09-05,SANTA CRUZ DE TENERIFE,g98,1.4,1.633,1.879,225
2026-09-05,SANTA CRUZ DE TENERIFE,diesel,1.459,1.615,1.885,238
2026-09-05,SANTA CRUZ DE TENERIFE,dieselPlus,1.469,1.721,1.926,128
2026-09-05,CANTABRIA,g95,1.659,1.871,2.029,167
2026-09-05,CANTABRIA,g98,1.849,2.032,2.159,86
2026-09-05,CANTABRIA,diesel,1.637,1.823,1.949,168
2026-09-05,CANTABRIA,dieselPlus,1.657,1.877,2.049,82
2026-09-05,SEGOVIA,g95,1.689,1.862,1.989,74
2026-09-05,SEGOVIA,diesel,1.689,1.826,2.039,75
2026-09-05,SEGOVIA,dieselPlus,1.699,1.907,2.109,43
2026-09-05,SEGOVIA,g98,1.819,2.042,2.149,37
2026-09-05,SEVILLA,g95,1.599,1.81,1.989,434
2026-09-05,SEVILLA,diesel,1.599,1.809,2.014,441
2026-09-05,SEVILLA,dieselPlus,1.682,1.916,2.104,232
2026-09-05,SEVILLA,g98,1.699,2.017,2.219,145
2026-09-05,SORIA,g95,1.639,1.838,1.969,42
2026-09-05,SORIA,g98,1.729,2.027,2.119,17
2026-09-05,SORIA,diesel,1.624,1.813,1.987,41
2026-09-05,SORIA,dieselPlus,1.68,1.885,2.025,20
2026-09-05,TARRAGONA,g95,1.465,1.823,2.009,215
2026-09-05,TARRAGONA,diesel,1.549,1.782,1.943,227
2026-09-05,TARRAGONA,g98,1.759,2.012,2.189,123
2026-09-05,TARRAGONA,dieselPlus,1.599,1.888,2.035,122
2026-09-05,TERUEL,g95,1.545,1.822,1.971,63
2026-09-05,TERUEL,diesel,1.61,1.8,1.949,68
2026-09-05,TERUEL,dieselPlus,1.728,1.923,2.039,32
2026-09-05,TERUEL,g98,1.66,1.984,2.109,30
2026-09-05,TOLEDO,g95,1.579,1.847,2.079,239
2026-09-05,TOLEDO,g98,1.717,2.032,2.236,118
2026-09-05,TOLEDO,diesel,1.678,1.824,2.084,242
2026-09-05,TOLEDO,dieselPlus,1.679,1.904,2.144,115
2026-09-05,VALENCIA / VALÈNCIA,g95,1.567,1.807,2.079,620
2026-09-05,VALENCIA / VALÈNCIA,diesel,1.535,1.777,1.999,634
2026-09-05,VALENCIA / VALÈNCIA,g98,1.659,2.008,2.219,279
2026-09-05,VALENCIA / VALÈNCIA,dieselPlus,1.555,1.88,2.069,320
2026-09-05,VALLADOLID,g95,1.6,1.857,2.039,146
2026-09-05,VALLADOLID,diesel,1.617,1.817,1.964,151
2026-09-05,VALLADOLID,dieselPlus,1.627,1.908,2.054,78
2026-09-05,VALLADOLID,g98,1.85,2.083,2.235,70
2026-09-05,BIZKAIA,g95,1.645,1.868,1.995,125
2026-09-05,BIZKAIA,g98,1.799,2.03,2.119,67
2026-09-05,BIZKAIA,diesel,1.599,1.822,2.004,126
2026-09-05,BIZKAIA,dieselPlus,1.669,1.86,2.089,45
2026-09-05,ZAMORA,g95,1.659,1.864,1.999,79
2026-09-05,ZAMORA,g98,1.849,2.032,2.169,44
2026-09-05,ZAMORA,diesel,1.652,1.832,1.966,85
2026-09-05,ZAMORA,dieselPlus,1.697,1.946,2.069,50
2026-09-05,ZARAGOZA,g95,1.535,1.831,1.979,220
2026-09-05,ZARAGOZA,g98,1.739,2.025,2.119,95
2026-09-05,ZARAGOZA,diesel,1.57,1.801,1.964,232
2026-09-05,ZARAGOZA,dieselPlus,1.667,1.873,2.054,87
2026-09-05,CEUTA,g95,1.594,1.624,1.649,10
2026-09-05,CEUTA,g98,1.628,1.657,1.679,8
2026-09-05,CEUTA,diesel,1.659,1.674,1.679,10
2026-09-05,CEUTA,dieselPlus,1.699,1.722,1.734,4
2026-09-05,MELILLA,g95,1.464,1.465,1.465,12
2026-09-05,MELILLA,diesel,1.435,1.444,1.447,12
2026-09-05,MELILLA,dieselPlus,1.487,1.49,1.497,8
2026-09-06,ARABA/ÁLAVA,g95,1.646,1.855,1.989,68
2026-09-06,ARABA/ÁLAVA,diesel,1.627,1.823,2.019,71
2026-09-06,ARABA/ÁLAVA,dieselPlus,1.688,1.905,2.109,36
2026-09-06,ARABA/ÁLAVA,g98,1.749,2.011,2.125,38
2026-09-06,ALBACETE,g95,1.539,1.834,1.989,142
2026-09-06,ALBACETE,diesel,1.499,1.835,1.989,151
2026-09-06,ALBACETE,dieselPlus,1.667,1.944,2.079,68
2026-09-06,ALBACETE,g98,1.759,2.035,2.115,65
2026-09-06,ALICANTE,g95,1.619,1.855,1.999,478
2026-09-06,ALICANTE,diesel,1.619,1.801,1.99,482
2026-09-06,ALICANTE,g98,1.699,2.038,2.199,261
2026-09-06,ALICANTE,dieselPlus,1.669,1.903,2.08,279
2026-09-06,ALMERÍA,g95,1.499,1.783,1.999,217
2026-09-06,ALMERÍA,g98,1.699,1.965,2.159,93
2026-09-06,ALMERÍA,diesel,1.629,1.79,2.019,228
2026-09-06,ALMERÍA,dieselPlus,1.645,1.889,2.059,119
2026-09-06,ÁVILA,g95,1.609,1.871,1.999,71
2026-09-06,ÁVILA,diesel,1.699,1.859,1.949,72
2026-09-06,ÁVILA,dieselPlus,1.797,1.954,2.049,46
2026-09-06,ÁVILA,g98,1.667,1.995,2.149,34
2026-09-06,BADAJOZ,diesel,1.619,1.809,2.099,274
2026-09-06,BADAJOZ,g95,1.599,1.824,2.169,239
2026-09-06,BADAJOZ,dieselPlus,1.654,1.903,2.199,128
2026-09-06,BADAJOZ,g98,1.799,2.018,2.299,67
2026-09-06,BALEARS (ILLES),g95,1.759,1.942,2.299,215
2026-09-06,BALEARS (ILLES),diesel,1.739,1.906,2.149,215
2026-09-06,BALEARS (ILLES),dieselPlus,1.748,1.984,2.114,101
2026-09-06,BALEARS (ILLES),g98,1.959,2.083,2.169,126
2026-09-06,BARCELONA,g95,1.459,1.796,1.984,772
2026-09-06,BARCELONA,diesel,1.599,1.797,2.005,781
2026-09-06,BARCELONA,dieselPlus,1.639,1.876,2.105,392
2026-09-06,BARCELONA,g98,1.657,1.976,2.159,438
2026-09-06,BURGOS,g95,1.639,1.88,1.998,134
2026-09-06,BURGOS,g98,1.83,2.061,2.165,57
2026-09-06,BURGOS,diesel,1.627,1.811,1.998,138
2026-09-06,BURGOS,dieselPlus,1.647,1.878,1.985,77
2026-09-06,CÁCERES,g95,1.58,1.86,2.019,148
2026-09-06,CÁCERES,diesel,1.635,1.856,2.019,160
2026-09-06,CÁCERES,g98,1.879,2.055,2.189,46
2026-09-06,CÁCERES,dieselPlus,1.655,1.955,2.089,81
2026-09-06,CÁDIZ,g95,1.669,1.866,1.999,287
2026-09-06,CÁDIZ,g98,1.829,2.047,2.139,117
2026-09-06,CÁDIZ,diesel,1.638,1.814,2.039,291
2026-09-06,CÁDIZ,dieselPlus,1.648,1.902,2.109,176
2026-09-06,CASTELLÓN / CASTELLÓ,g95,1.509,1.808,2.059,189
2026-09-06,CASTELLÓN / CASTELLÓ,diesel,1.597,1.817,2.074,191
2026-09-06,CASTELLÓN / CASTELLÓ,dieselPlus,1.608,1.937,2.089,97
2026-09-06,CASTELLÓN / CASTELLÓ,g98,1.699,2.005,2.099,76
2026-09-06,CIUDAD REAL,g95,1.579,1.819,1.979,194
2026-09-06,CIUDAD REAL,g98,1.699,2.013,2.204,71
2026-09-06,CIUDAD REAL,diesel,1.559,1.805,1.986,213
2026-09-06,CIUDAD REAL,dieselPlus,1.647,1.9,2.079,62
2026-09-06,CÓRDOBA,g95,1.639,1.819,1.939,202
2026-09-06,CÓRDOBA,diesel,1.619,1.826,1.939,207
2026-09-06,CÓRDOBA,g98,1.679,1.973,2.095,67
2026-09-06,CÓRDOBA,dieselPlus,1.708,1.905,2.039,102
2026-09-06,CORUÑA (A),g95,1.689,1.878,2.029,283
2026-09-06,CORUÑA (A),diesel,1.609,1.823,1.959,286
2026-09-06,CORUÑA (A),g98,1.799,2.015,2.269,170
2026-09-06,CORUÑA (A),dieselPlus,1.664,1.901,2.077,166
2026-09-06,CUENCA,g95,1.639,1.865,1.999,105
2026-09-06,CUENCA,diesel,1.617,1.848,2.029,116
2026-09-06,CUENCA,dieselPlus,1.637,1.966,2.119,56
2026-09-06,CUENCA,g98,1.799,2.029,2.159,40
2026-09-06,GIRONA,g95,1.54,1.834,2.039,257
2026-09-06,GIRONA,g98,1.798,2.019,2.219,156
2026-09-06,GIRONA,diesel,1.623,1.795,1.999,267
2026-09-06,GIRONA,dieselPlus,1.659,1.908,2.089,148
2026-09-06,GRANADA,g95,1.57,1.816,1.99,277
2026-09-06,GRANADA,diesel,1.599,1.796,1.99,281
2026-09-06,GRANADA,g98,1.749,2.008,2.099,151
2026-09-06,GRANADA,dieselPlus,1.619,1.901,2.004,170
2026-09-06,GUADALAJARA,g95,1.599,1.858,1.989,86
2026-09-06,GUADALAJARA,diesel,1.667,1.837,1.986,88
2026-09-06,GUADALAJARA,g98,1.769,2.048,2.149,44
2026-09-06,GUADALAJARA,dieselPlus,1.679,1.907,2.049,43
2026-09-06,GIPUZKOA,g95,1.475,1.865,1.979,131
2026-09-06,GIPUZKOA,g98,1.849,2.045,2.139,77
2026-09-06,GIPUZKOA,diesel,1.575,1.842,1.989,144
2026-09-06,GIPUZKOA,dieselPlus,1.689,1.934,2.084,80
2026-09-06,HUELVA,g95,1.625,1.861,1.989,136
2026-09-06,HUELVA,g98,1.78,2.025,2.139,48
2026-09-06,HUELVA,diesel,1.635,1.851,2.249,141
2026-09-06,HUELVA,dieselPlus,1.695,1.94,2.049,60
2026-09-06,HUESCA,g95,1.541,1.822,1.999,113
2026-09-06,HUESCA,g98,1.799,2.003,2.098,53
2026-09-06,HUESCA,diesel,1.625,1.82,2.05,123
2026-09-06,HUESCA,dieselPlus,1.698,1.924,2.135,58
2026-09-06,JAÉN,g95,1.599,1.826,1.949,208
2026-09-06,JAÉN,g98,1.773,2.018,2.299,80
2026-09-06,JAÉN,diesel,1.669,1.842,2.019,212
2026-09-06,JAÉN,dieselPlus,1.696,1.93,2.099,101
2026-09-06,LEÓN,g95,1.699,1.858,1.979,159
2026-09-06,LEÓN,diesel,1.699,1.848,2.005,165
2026-09-06,LEÓN,dieselPlus,1.747,1.917,2.099,114
2026-09-06,LEÓN,g98,1.829,2.004,2.139,95
2026-09-06,LLEIDA,g95,1.4,1.757,1.969,165
2026-09-06,LLEIDA,diesel,1.53,1.766,1.969,181
2026-09-06,LLEIDA,dieselPlus,1.653,1.867,2.059,79
2026-09-06,LLEIDA,g98,1.629,1.953,2.125,78
2026-09-06,RIOJA (LA),g95,1.589,1.827,1.989,80
2026-09-06,RIOJA (LA),diesel,1.62,1.801,1.939,82
2026-09-06,RIOJA (LA),dieselPlus,1.694,1.896,2.029,38
2026-09-06,RIOJA (LA),g98,1.919,2.017,2.089,36
2026-09-06,LUGO,g95,1.669,1.879,1.989,126
2026-09-06,LUGO,diesel,1.629,1.846,1.948,128
2026-09-06,LUGO,dieselPlus,1.759,1.937,2.039,65
2026-09-06,LUGO,g98,1.759,2.034,2.125,59
2026-09-06,MADRID,g95,1.589,1.85,2.023,858
2026-09-06,MADRID,g98,1.749,2.035,2.239,413
2026-09-06,MADRID,diesel,1.629,1.824,2.059,863
2026-09-06,MADRID,dieselPlus,1.649,1.905,2.119,456
2026-09-06,MÁLAGA,g95,1.598,1.872,2.099,303
2026-09-06,MÁLAGA,diesel,1.639,1.848,2.149,306
2026-09-06,MÁLAGA,dieselPlus,1.709,1.94,2.115,209
2026-09-06,MÁLAGA,g98,1.799,2.047,2.119,164
2026-09-06,MURCIA,g95,1.54,1.816,2.089,431
2026-09-06,MURCIA,diesel,1.617,1.794,2.249,454
2026-09-06,MURCIA,dieselPlus,1.637,1.863,2.04,235
2026-09-06,MURCIA,g98,1.728,1.981,2.159,235
2026-09-06,NAVARRA,g95,1.529,1.819,1.999,212
2026-09-06,NAVARRA,diesel,1.569,1.777,1.969,236
2026-09-06,NAVARRA,dieselPlus,1.579,1.878,2.059,95
2026-09-06,NAVARRA,g98,1.789,2.041,2.169,62
2026-09-06,OURENSE,g95,1.719,1.884,2.058,88
2026-09-06,OURENSE,g98,1.858,2.013,2.232,62
2026-09-06,OURENSE,diesel,1.695,1.844,1.97,88
2026-09-06,OURENSE,dieselPlus,1.715,1.913,1.999,57
2026-09-06,ASTURIAS,g95,1.687,1.905,2.09,224
2026-09-06,ASTURIAS,diesel,1.695,1.86,1.979,239
2026-09-06,ASTURIAS,dieselPlus,1.729,1.936,2.104,159
2026-09-06,ASTURIAS,g98,1.799,2.05,2.224,141
2026-09-06,PALENCIA,g95,1.617,1.898,2.009,66
2026-09-06,PALENCIA,g98,1.758,2.063,2.189,38
2026-09-06,PALENCIA,diesel,1.699,1.867,1.939,68
2026-09-06,PALENCIA,dieselPlus,1.709,1.956,2.049,45
2026-09-06,PALMAS (LAS),g95,1.259,1.443,1.589,256
2026-09-06,PALMAS (LAS),g98,1.349,1.582,1.719,226
2026-09-06,PALMAS (LAS),diesel,1.429,1.549,1.729,256
2026-09-06,PALMAS (LAS),dieselPlus,1.489,1.662,1.739,155
2026-09-06,PONTEVEDRA,g95,1.658,1.861,2.079,224
2026-09-06,PONTEVEDRA,diesel,1.599,1.832,1.979,225
2026-09-06,PONTEVEDRA,dieselPlus,1.645,1.937,2.049,143
2026-09-06,PONTEVEDRA,g98,1.779,2.021,2.249,135
2026-09-06,SALAMANCA,g95,1.687,1.857,1.999,105
2026-09-06,SALAMANCA,diesel,1.666,1.817,1.945,109
2026-09-06,SALAMANCA,dieselPlus,1.735,1.913,1.989,63
2026-09-06,SALAMANCA,g98,1.754,2.009,2.099,51
2026-09-06,SANTA CRUZ DE TENERIFE,g95,1.329,1.503,1.752,239
2026-09-06,SANTA CRUZ DE TENERIFE,g98,1.4,1.633,1.879,225
2026-09-06,SANTA CRUZ DE TENERIFE,diesel,1.459,1.616,1.885,238
2026-09-06,SANTA CRUZ DE TENERIFE,dieselPlus,1.469,1.721,1.926,128
2026-09-06,CANTABRIA,g95,1.659,1.872,2.029,167
2026-09-06,CANTABRIA,g98,1.849,2.033,2.159,86
2026-09-06,CANTABRIA,diesel,1.637,1.824,1.949,168
2026-09-06,CANTABRIA,dieselPlus,1.657,1.877,2.049,82
2026-09-06,SEGOVIA,g95,1.689,1.864,1.998,74
2026-09-06,SEGOVIA,diesel,1.689,1.826,2.039,75
2026-09-06,SEGOVIA,dieselPlus,1.699,1.905,2.109,43
2026-09-06,SEGOVIA,g98,1.819,2.045,2.158,37
2026-09-06,SEVILLA,g95,1.599,1.811,1.989,434
2026-09-06,SEVILLA,diesel,1.599,1.809,2.014,441
2026-09-06,SEVILLA,dieselPlus,1.682,1.916,2.104,232
2026-09-06,SEVILLA,g98,1.699,2.018,2.219,145
2026-09-06,SORIA,g95,1.639,1.839,1.969,42
2026-09-06,SORIA,g98,1.729,2.029,2.125,17
2026-09-06,SORIA,diesel,1.624,1.812,1.987,41
2026-09-06,SORIA,dieselPlus,1.68,1.885,2.025,20
2026-09-06,TARRAGONA,g95,1.465,1.823,2.009,215
2026-09-06,TARRAGONA,diesel,1.549,1.782,1.943,227
2026-09-06,TARRAGONA,g98,1.759,2.012,2.189,123
2026-09-06,TARRAGONA,dieselPlus,1.599,1.888,2.035,122
2026-09-06,TERUEL,g95,1.545,1.822,1.971,63
2026-09-06,TERUEL,diesel,1.61,1.8,1.949,68
2026-09-06,TERUEL,dieselPlus,1.728,1.923,2.039,32
2026-09-06,TERUEL,g98,1.66,1.984,2.109,30
2026-09-06,TOLEDO,g95,1.579,1.849,2.094,239
2026-09-06,TOLEDO,g98,1.717,2.033,2.236,118
2026-09-06,TOLEDO,diesel,1.678,1.825,2.088,242
2026-09-06,TOLEDO,dieselPlus,1.679,1.904,2.144,115
2026-09-06,VALENCIA / VALÈNCIA,g95,1.567,1.809,2.079,620
2026-09-06,VALENCIA / VALÈNCIA,diesel,1.535,1.776,1.999,633
2026-09-06,VALENCIA / VALÈNCIA,g98,1.659,2.011,2.219,279
2026-09-06,VALENCIA / VALÈNCIA,dieselPlus,1.555,1.878,2.069,320
2026-09-06,VALLADOLID,g95,1.6,1.857,2.039,146
2026-09-06,VALLADOLID,diesel,1.617,1.816,1.964,151
2026-09-06,VALLADOLID,dieselPlus,1.627,1.908,2.054,78
2026-09-06,VALLADOLID,g98,1.85,2.083,2.235,70
2026-09-06,BIZKAIA,g95,1.645,1.869,1.995,126
2026-09-06,BIZKAIA,g98,1.799,2.031,2.119,68
2026-09-06,BIZKAIA,diesel,1.599,1.823,2.004,127
2026-09-06,BIZKAIA,dieselPlus,1.669,1.861,2.089,45
2026-09-06,ZAMORA,g95,1.659,1.866,1.999,79
2026-09-06,ZAMORA,g98,1.849,2.032,2.169,44
2026-09-06,ZAMORA,diesel,1.652,1.833,1.966,85
2026-09-06,ZAMORA,dieselPlus,1.697,1.945,2.069,50
2026-09-06,ZARAGOZA,g95,1.535,1.831,1.979,220
2026-09-06,ZARAGOZA,g98,1.739,2.025,2.119,95
2026-09-06,ZARAGOZA,diesel,1.57,1.801,1.964,232
2026-09-06,ZARAGOZA,dieselPlus,1.667,1.874,2.054,87
2026-09-06,CEUTA,g95,1.594,1.624,1.649,10
2026-09-06,CEUTA,g98,1.628,1.657,1.679,8
2026-09-06,CEUTA,diesel,1.659,1.674,1.679,10
2026-09-06,CEUTA,dieselPlus,1.699,1.722,1.734,4
2026-09-06,MELILLA,g95,1.464,1.465,1.465,12
2026-09-06,MELILLA,diesel,1.445,1.446,1.447,12
2026-09-06,MELILLA,dieselPlus,1.487,1.49,1.497,8
2026-09-07,ARABA/ÁLAVA,g95,1.646,1.858,1.989,68
2026-09-07,ARABA/ÁLAVA,diesel,1.627,1.825,2.019,72
2026-09-07,ARABA/ÁLAVA,dieselPlus,1.688,1.905,2.109,36
2026-09-07,ARABA/ÁLAVA,g98,1.749,2.013,2.125,38
2026-09-07,ALBACETE,g95,1.609,1.844,1.989,142
2026-09-07,ALBACETE,diesel,1.499,1.836,1.989,151
2026-09-07,ALBACETE,dieselPlus,1.667,1.949,2.079,68
2026-09-07,ALBACETE,g98,1.799,2.044,2.115,65
2026-09-07,ALICANTE,g95,1.619,1.861,1.999,478
2026-09-07,ALICANTE,diesel,1.649,1.802,1.99,482
2026-09-07,ALICANTE,g98,1.739,2.046,2.199,261
2026-09-07,ALICANTE,dieselPlus,1.669,1.906,2.08,279
2026-09-07,ALMERÍA,g95,1.499,1.79,1.999,217
2026-09-07,ALMERÍA,g98,1.699,1.969,2.159,93
2026-09-07,ALMERÍA,diesel,1.64,1.791,2.019,228
2026-09-07,ALMERÍA,dieselPlus,1.645,1.89,2.059,118
2026-09-07,ÁVILA,g95,1.609,1.877,1.999,71
2026-09-07,ÁVILA,diesel,1.699,1.861,1.949,72
2026-09-07,ÁVILA,dieselPlus,1.797,1.956,2.049,46
2026-09-07,ÁVILA,g98,1.667,2,2.149,34
2026-09-07,BADAJOZ,diesel,1.654,1.812,2.099,274
2026-09-07,BADAJOZ,g95,1.639,1.83,2.189,239
2026-09-07,BADAJOZ,dieselPlus,1.654,1.906,2.199,128
2026-09-07,BADAJOZ,g98,1.799,2.023,2.299,67
2026-09-07,BALEARS (ILLES),g95,1.759,1.948,2.299,215
2026-09-07,BALEARS (ILLES),diesel,1.739,1.908,2.149,215
2026-09-07,BALEARS (ILLES),dieselPlus,1.768,1.988,2.11,101
2026-09-07,BALEARS (ILLES),g98,1.959,2.087,2.169,126
2026-09-07,BARCELONA,g95,1.459,1.81,1.999,772
2026-09-07,BARCELONA,diesel,1.599,1.798,2.005,782
2026-09-07,BARCELONA,dieselPlus,1.639,1.879,2.105,389
2026-09-07,BARCELONA,g98,1.729,1.983,2.159,438
2026-09-07,BURGOS,g95,1.637,1.884,1.999,134
2026-09-07,BURGOS,g98,1.83,2.062,2.165,57
2026-09-07,BURGOS,diesel,1.627,1.811,1.998,138
2026-09-07,BURGOS,dieselPlus,1.647,1.879,1.985,77
2026-09-07,CÁCERES,g95,1.58,1.867,2.019,148
2026-09-07,CÁCERES,diesel,1.629,1.859,2.019,160
2026-09-07,CÁCERES,g98,1.879,2.059,2.189,46
2026-09-07,CÁCERES,dieselPlus,1.655,1.959,2.089,81
2026-09-07,CÁDIZ,g95,1.669,1.872,2.019,287
2026-09-07,CÁDIZ,g98,1.839,2.056,2.139,117
2026-09-07,CÁDIZ,diesel,1.659,1.816,1.976,291
2026-09-07,CÁDIZ,dieselPlus,1.69,1.905,2.039,175
2026-09-07,CASTELLÓN / CASTELLÓ,g95,1.509,1.819,2.059,189
2026-09-07,CASTELLÓN / CASTELLÓ,diesel,1.597,1.819,2.074,191
2026-09-07,CASTELLÓN / CASTELLÓ,dieselPlus,1.608,1.936,2.029,97
2026-09-07,CASTELLÓN / CASTELLÓ,g98,1.699,2.011,2.099,76
2026-09-07,CIUDAD REAL,g95,1.579,1.825,1.979,194
2026-09-07,CIUDAD REAL,g98,1.699,2.017,2.204,71
2026-09-07,CIUDAD REAL,diesel,1.559,1.804,1.986,214
2026-09-07,CIUDAD REAL,dieselPlus,1.647,1.906,2.079,61
2026-09-07,CÓRDOBA,g95,1.639,1.822,1.939,203
2026-09-07,CÓRDOBA,diesel,1.619,1.828,1.939,208
2026-09-07,CÓRDOBA,g98,1.679,1.979,2.095,67
2026-09-07,CÓRDOBA,dieselPlus,1.708,1.907,2.039,102
2026-09-07,CORUÑA (A),g95,1.689,1.884,2.049,283
2026-09-07,CORUÑA (A),diesel,1.609,1.826,1.959,286
2026-09-07,CORUÑA (A),g98,1.799,2.024,2.249,170
2026-09-07,CORUÑA (A),dieselPlus,1.664,1.904,2.077,166
2026-09-07,CUENCA,g95,1.649,1.873,1.999,106
2026-09-07,CUENCA,diesel,1.617,1.846,1.989,117
2026-09-07,CUENCA,dieselPlus,1.637,1.963,2.06,56
2026-09-07,CUENCA,g98,1.779,2.028,2.159,40
2026-09-07,GIRONA,g95,1.598,1.843,2.039,257
2026-09-07,GIRONA,g98,1.798,2.022,2.219,156
2026-09-07,GIRONA,diesel,1.623,1.796,1.969,267
2026-09-07,GIRONA,dieselPlus,1.659,1.909,2.089,148
2026-09-07,GRANADA,g95,1.57,1.82,1.99,278
2026-09-07,GRANADA,diesel,1.599,1.797,1.99,282
2026-09-07,GRANADA,g98,1.749,2.013,2.099,151
2026-09-07,GRANADA,dieselPlus,1.619,1.901,2.004,170
2026-09-07,GUADALAJARA,g95,1.599,1.863,1.989,86
2026-09-07,GUADALAJARA,diesel,1.667,1.836,1.986,88
2026-09-07,GUADALAJARA,g98,1.769,2.049,2.149,44
2026-09-07,GUADALAJARA,dieselPlus,1.679,1.909,2.049,43
2026-09-07,GIPUZKOA,g95,1.475,1.874,1.979,131
2026-09-07,GIPUZKOA,g98,1.849,2.05,2.139,77
2026-09-07,GIPUZKOA,diesel,1.575,1.844,1.989,144
2026-09-07,GIPUZKOA,dieselPlus,1.689,1.937,2.084,80
2026-09-07,HUELVA,g95,1.625,1.869,1.989,136
2026-09-07,HUELVA,g98,1.828,2.035,2.139,47
2026-09-07,HUELVA,diesel,1.635,1.851,2.249,141
2026-09-07,HUELVA,dieselPlus,1.695,1.944,2.049,60
2026-09-07,HUESCA,g95,1.556,1.832,1.975,113
2026-09-07,HUESCA,g98,1.799,2.004,2.098,53
2026-09-07,HUESCA,diesel,1.625,1.819,2.05,123
2026-09-07,HUESCA,dieselPlus,1.698,1.924,2.115,58
2026-09-07,JAÉN,g95,1.599,1.833,1.959,208
2026-09-07,JAÉN,g98,1.799,2.022,2.299,80
2026-09-07,JAÉN,diesel,1.669,1.844,2.019,212
2026-09-07,JAÉN,dieselPlus,1.72,1.934,2.099,101
2026-09-07,LEÓN,g95,1.699,1.865,1.979,159
2026-09-07,LEÓN,diesel,1.699,1.851,1.939,165
2026-09-07,LEÓN,dieselPlus,1.719,1.919,2.025,114
2026-09-07,LEÓN,g98,1.829,2.011,2.139,95
2026-09-07,LLEIDA,g95,1.4,1.783,1.999,165
2026-09-07,LLEIDA,diesel,1.53,1.767,1.949,181
2026-09-07,LLEIDA,dieselPlus,1.662,1.868,2.01,79
2026-09-07,LLEIDA,g98,1.629,1.962,2.125,78
2026-09-07,RIOJA (LA),g95,1.589,1.832,1.989,80
2026-09-07,RIOJA (LA),diesel,1.634,1.807,1.939,82
2026-09-07,RIOJA (LA),dieselPlus,1.694,1.903,2.035,38
2026-09-07,RIOJA (LA),g98,1.899,2.018,2.089,36
2026-09-07,LUGO,g95,1.699,1.886,2.079,126
2026-09-07,LUGO,diesel,1.629,1.85,1.948,128
2026-09-07,LUGO,dieselPlus,1.759,1.943,2.049,65
2026-09-07,LUGO,g98,1.849,2.04,2.125,59
2026-09-07,MADRID,g95,1.599,1.853,2.023,858
2026-09-07,MADRID,g98,1.749,2.039,2.239,412
2026-09-07,MADRID,diesel,1.629,1.823,2.059,863
2026-09-07,MADRID,dieselPlus,1.649,1.905,2.119,456
2026-09-07,MÁLAGA,g95,1.629,1.881,2.099,303
2026-09-07,MÁLAGA,diesel,1.639,1.852,2.149,306
2026-09-07,MÁLAGA,dieselPlus,1.699,1.944,2.115,209
2026-09-07,MÁLAGA,g98,1.799,2.055,2.119,164
2026-09-07,MURCIA,g95,1.54,1.82,2.199,431
2026-09-07,MURCIA,diesel,1.617,1.792,2.249,454
2026-09-07,MURCIA,dieselPlus,1.637,1.863,2.04,235
2026-09-07,MURCIA,g98,1.728,1.985,2.159,235
2026-09-07,NAVARRA,g95,1.529,1.837,1.999,212
2026-09-07,NAVARRA,diesel,1.569,1.777,1.969,236
2026-09-07,NAVARRA,dieselPlus,1.579,1.879,2.059,95
2026-09-07,NAVARRA,g98,1.789,2.042,2.169,62
2026-09-07,OURENSE,g95,1.719,1.889,2.039,88
2026-09-07,OURENSE,g98,1.858,2.015,2.152,62
2026-09-07,OURENSE,diesel,1.695,1.847,1.97,88
2026-09-07,OURENSE,dieselPlus,1.715,1.918,1.999,57
2026-09-07,ASTURIAS,g95,1.687,1.913,2.09,224
2026-09-07,ASTURIAS,diesel,1.695,1.863,1.979,239
2026-09-07,ASTURIAS,dieselPlus,1.729,1.937,2.104,159
2026-09-07,ASTURIAS,g98,1.799,2.058,2.224,141
2026-09-07,PALENCIA,g95,1.617,1.906,2.009,66
2026-09-07,PALENCIA,g98,1.889,2.075,2.159,38
2026-09-07,PALENCIA,diesel,1.699,1.871,1.939,68
2026-09-07,PALENCIA,dieselPlus,1.709,1.961,2.049,45
2026-09-07,PALMAS (LAS),g95,1.259,1.446,1.589,256
2026-09-07,PALMAS (LAS),g98,1.349,1.583,1.719,226
2026-09-07,PALMAS (LAS),diesel,1.429,1.553,1.729,256
2026-09-07,PALMAS (LAS),dieselPlus,1.489,1.662,1.749,155
2026-09-07,PONTEVEDRA,g95,1.658,1.869,2.079,224
2026-09-07,PONTEVEDRA,diesel,1.625,1.835,1.979,225
2026-09-07,PONTEVEDRA,dieselPlus,1.645,1.939,2.059,143
2026-09-07,PONTEVEDRA,g98,1.819,2.029,2.249,135
2026-09-07,SALAMANCA,g95,1.735,1.863,1.999,105
2026-09-07,SALAMANCA,diesel,1.663,1.82,1.945,109
2026-09-07,SALAMANCA,dieselPlus,1.735,1.915,1.989,63
2026-09-07,SALAMANCA,g98,1.754,2.013,2.099,51
2026-09-07,SANTA CRUZ DE TENERIFE,g95,1.329,1.508,1.752,241
2026-09-07,SANTA CRUZ DE TENERIFE,g98,1.4,1.64,1.889,226
2026-09-07,SANTA CRUZ DE TENERIFE,diesel,1.459,1.621,1.885,240
2026-09-07,SANTA CRUZ DE TENERIFE,dieselPlus,1.469,1.725,1.926,129
2026-09-07,CANTABRIA,g95,1.659,1.881,2.029,167
2026-09-07,CANTABRIA,g98,1.849,2.037,2.179,86
2026-09-07,CANTABRIA,diesel,1.637,1.828,1.949,168
2026-09-07,CANTABRIA,dieselPlus,1.657,1.881,2.029,82
2026-09-07,SEGOVIA,g95,1.689,1.87,1.999,75
2026-09-07,SEGOVIA,diesel,1.689,1.827,1.958,76
2026-09-07,SEGOVIA,dieselPlus,1.699,1.908,2.044,43
2026-09-07,SEGOVIA,g98,1.819,2.056,2.207,37
2026-09-07,SEVILLA,g95,1.599,1.818,2.009,434
2026-09-07,SEVILLA,diesel,1.599,1.812,2.015,441
2026-09-07,SEVILLA,dieselPlus,1.682,1.92,2.1,232
2026-09-07,SEVILLA,g98,1.699,2.025,2.219,145
2026-09-07,SORIA,g95,1.639,1.841,1.969,42
2026-09-07,SORIA,g98,1.729,2.031,2.125,17
2026-09-07,SORIA,diesel,1.624,1.811,1.919,41
2026-09-07,SORIA,dieselPlus,1.68,1.882,1.999,20
2026-09-07,TARRAGONA,g95,1.465,1.84,1.989,215
2026-09-07,TARRAGONA,diesel,1.549,1.785,1.943,227
2026-09-07,TARRAGONA,g98,1.759,2.016,2.169,123
2026-09-07,TARRAGONA,dieselPlus,1.599,1.892,2.035,122
2026-09-07,TERUEL,g95,1.545,1.838,1.971,63
2026-09-07,TERUEL,diesel,1.61,1.804,1.9,68
2026-09-07,TERUEL,dieselPlus,1.728,1.926,1.994,32
2026-09-07,TERUEL,g98,1.66,1.992,2.109,30
2026-09-07,TOLEDO,g95,1.607,1.853,2.094,240
2026-09-07,TOLEDO,g98,1.717,2.036,2.239,118
2026-09-07,TOLEDO,diesel,1.668,1.825,2.088,243
2026-09-07,TOLEDO,dieselPlus,1.688,1.906,2.144,116
2026-09-07,VALENCIA / VALÈNCIA,g95,1.567,1.813,2.079,620
2026-09-07,VALENCIA / VALÈNCIA,diesel,1.535,1.777,1.999,634
2026-09-07,VALENCIA / VALÈNCIA,g98,1.659,2.017,2.239,279
2026-09-07,VALENCIA / VALÈNCIA,dieselPlus,1.555,1.88,2.09,320
2026-09-07,VALLADOLID,g95,1.617,1.865,2.029,146
2026-09-07,VALLADOLID,diesel,1.617,1.818,1.964,151
2026-09-07,VALLADOLID,dieselPlus,1.627,1.909,2.054,78
2026-09-07,VALLADOLID,g98,1.85,2.089,2.199,70
2026-09-07,BIZKAIA,g95,1.645,1.876,2.029,126
2026-09-07,BIZKAIA,g98,1.809,2.035,2.119,68
2026-09-07,BIZKAIA,diesel,1.599,1.825,2.004,127
2026-09-07,BIZKAIA,dieselPlus,1.649,1.867,2.079,45
2026-09-07,ZAMORA,g95,1.659,1.872,1.999,79
2026-09-07,ZAMORA,g98,1.849,2.035,2.169,44
2026-09-07,ZAMORA,diesel,1.652,1.833,1.966,85
2026-09-07,ZAMORA,dieselPlus,1.697,1.945,2.069,50
2026-09-07,ZARAGOZA,g95,1.535,1.843,1.979,220
2026-09-07,ZARAGOZA,g98,1.768,2.031,2.119,95
2026-09-07,ZARAGOZA,diesel,1.615,1.804,1.923,233
2026-09-07,ZARAGOZA,dieselPlus,1.687,1.877,1.999,87
2026-09-07,CEUTA,g95,1.594,1.633,1.649,10
2026-09-07,CEUTA,g98,1.648,1.67,1.679,8
2026-09-07,CEUTA,diesel,1.659,1.674,1.679,10
2026-09-07,CEUTA,dieselPlus,1.699,1.722,1.734,4
2026-09-07,MELILLA,g95,1.465,1.47,1.474,12
2026-09-07,MELILLA,diesel,1.445,1.451,1.457,12
2026-09-07,MELILLA,dieselPlus,1.497,1.497,1.497,8
2026-09-08,ARABA/ÁLAVA,g95,1.646,1.869,1.989,68
2026-09-08,ARABA/ÁLAVA,diesel,1.627,1.831,2.019,72
2026-09-08,ARABA/ÁLAVA,dieselPlus,1.727,1.915,2.109,36
2026-09-08,ARABA/ÁLAVA,g98,1.759,2.023,2.129,38
2026-09-08,ALBACETE,g95,1.613,1.851,1.989,142
2026-09-08,ALBACETE,diesel,1.499,1.841,1.989,150
2026-09-08,ALBACETE,dieselPlus,1.677,1.953,2.079,68
2026-09-08,ALBACETE,g98,1.799,2.044,2.119,65
2026-09-08,ALICANTE,g95,1.619,1.864,1.999,478
2026-09-08,ALICANTE,diesel,1.649,1.805,1.99,482
2026-09-08,ALICANTE,g98,1.699,2.046,2.199,261
2026-09-08,ALICANTE,dieselPlus,1.679,1.908,2.08,279
2026-09-08,ALMERÍA,g95,1.499,1.796,1.999,216
2026-09-08,ALMERÍA,g98,1.699,1.972,2.159,93
2026-09-08,ALMERÍA,diesel,1.64,1.794,2.019,227
2026-09-08,ALMERÍA,dieselPlus,1.665,1.89,2.059,119
2026-09-08,ÁVILA,g95,1.609,1.88,1.999,71
2026-09-08,ÁVILA,diesel,1.699,1.863,1.949,72
2026-09-08,ÁVILA,dieselPlus,1.797,1.957,2.049,46
2026-09-08,ÁVILA,g98,1.667,2.002,2.149,34
2026-09-08,BADAJOZ,diesel,1.654,1.813,2.099,273
2026-09-08,BADAJOZ,g95,1.639,1.834,2.189,238
2026-09-08,BADAJOZ,dieselPlus,1.654,1.905,2.199,127
2026-09-08,BADAJOZ,g98,1.799,2.026,2.299,66
2026-09-08,BALEARS (ILLES),g95,1.769,1.952,2.299,215
2026-09-08,BALEARS (ILLES),diesel,1.739,1.912,2.149,215
2026-09-08,BALEARS (ILLES),dieselPlus,1.768,1.991,2.11,101
2026-09-08,BALEARS (ILLES),g98,1.959,2.09,2.169,126
2026-09-08,BARCELONA,g95,1.459,1.817,1.999,772
2026-09-08,BARCELONA,diesel,1.599,1.8,2.005,782
2026-09-08,BARCELONA,dieselPlus,1.639,1.879,2.079,392
2026-09-08,BARCELONA,g98,1.729,1.987,2.159,438
2026-09-08,BURGOS,g95,1.649,1.889,2.039,134
2026-09-08,BURGOS,g98,1.83,2.066,2.165,57
2026-09-08,BURGOS,diesel,1.647,1.812,1.998,138
2026-09-08,BURGOS,dieselPlus,1.657,1.88,1.985,77
2026-09-08,CÁCERES,g95,1.58,1.868,2.019,147
2026-09-08,CÁCERES,diesel,1.629,1.858,2.019,158
2026-09-08,CÁCERES,g98,1.879,2.058,2.189,46
2026-09-08,CÁCERES,dieselPlus,1.665,1.958,2.089,81
2026-09-08,CÁDIZ,g95,1.669,1.877,2.019,288
2026-09-08,CÁDIZ,g98,1.839,2.057,2.139,116
2026-09-08,CÁDIZ,diesel,1.667,1.82,1.976,292
2026-09-08,CÁDIZ,dieselPlus,1.709,1.908,2.039,176
2026-09-08,CASTELLÓN / CASTELLÓ,g95,1.529,1.831,2.059,189
2026-09-08,CASTELLÓN / CASTELLÓ,diesel,1.597,1.82,2.074,191
2026-09-08,CASTELLÓN / CASTELLÓ,dieselPlus,1.628,1.934,2.029,97
2026-09-08,CASTELLÓN / CASTELLÓ,g98,1.699,2.013,2.099,76
2026-09-08,CIUDAD REAL,g95,1.579,1.83,1.979,193
2026-09-08,CIUDAD REAL,g98,1.699,2.018,2.204,71
2026-09-08,CIUDAD REAL,diesel,1.559,1.804,1.959,213
2026-09-08,CIUDAD REAL,dieselPlus,1.657,1.904,2.079,62
2026-09-08,CÓRDOBA,g95,1.639,1.826,1.939,203
2026-09-08,CÓRDOBA,diesel,1.629,1.831,1.939,208
2026-09-08,CÓRDOBA,g98,1.679,1.976,2.085,67
2026-09-08,CÓRDOBA,dieselPlus,1.715,1.91,2.049,102
2026-09-08,CORUÑA (A),g95,1.689,1.887,2.049,283
2026-09-08,CORUÑA (A),diesel,1.627,1.829,1.959,286
2026-09-08,CORUÑA (A),g98,1.799,2.028,2.249,170
2026-09-08,CORUÑA (A),dieselPlus,1.664,1.907,2.066,166
2026-09-08,CUENCA,g95,1.649,1.88,1.999,106
2026-09-08,CUENCA,diesel,1.617,1.849,1.989,117
2026-09-08,CUENCA,dieselPlus,1.637,1.966,2.06,56
2026-09-08,CUENCA,g98,1.799,2.039,2.159,40
2026-09-08,GIRONA,g95,1.618,1.851,2.029,259
2026-09-08,GIRONA,g98,1.798,2.023,2.199,157
2026-09-08,GIRONA,diesel,1.622,1.799,1.939,269
2026-09-08,GIRONA,dieselPlus,1.669,1.909,2.059,150
2026-09-08,GRANADA,g95,1.619,1.827,1.99,278
2026-09-08,GRANADA,diesel,1.619,1.8,1.99,282
2026-09-08,GRANADA,g98,1.759,2.015,2.099,150
2026-09-08,GRANADA,dieselPlus,1.669,1.904,2.004,170
2026-09-08,GUADALAJARA,g95,1.599,1.865,1.998,86
2026-09-08,GUADALAJARA,diesel,1.667,1.839,1.986,88
2026-09-08,GUADALAJARA,g98,1.769,2.049,2.149,44
2026-09-08,GUADALAJARA,dieselPlus,1.679,1.911,2.049,43
2026-09-08,GIPUZKOA,g95,1.649,1.883,1.999,131
2026-09-08,GIPUZKOA,g98,1.849,2.05,2.159,77
2026-09-08,GIPUZKOA,diesel,1.587,1.848,1.989,144
2026-09-08,GIPUZKOA,dieselPlus,1.689,1.942,2.084,80
2026-09-08,HUELVA,g95,1.639,1.874,1.989,136
2026-09-08,HUELVA,g98,1.848,2.041,2.139,47
2026-09-08,HUELVA,diesel,1.665,1.854,2.249,141
2026-09-08,HUELVA,dieselPlus,1.695,1.946,2.049,60
2026-09-08,HUESCA,g95,1.556,1.837,1.995,112
2026-09-08,HUESCA,g98,1.799,2.011,2.118,52
2026-09-08,HUESCA,diesel,1.625,1.818,2.05,122
2026-09-08,HUESCA,dieselPlus,1.7,1.92,2.115,57
2026-09-08,JAÉN,g95,1.599,1.837,1.959,208
2026-09-08,JAÉN,g98,1.799,2.025,2.299,80
2026-09-08,JAÉN,diesel,1.669,1.846,2.019,212
2026-09-08,JAÉN,dieselPlus,1.72,1.936,2.099,101
2026-09-08,LEÓN,g95,1.699,1.869,1.989,159
2026-09-08,LEÓN,diesel,1.699,1.853,1.939,165
2026-09-08,LEÓN,dieselPlus,1.729,1.922,2.025,114
2026-09-08,LEÓN,g98,1.829,2.013,2.139,95
2026-09-08,LLEIDA,g95,1.4,1.791,1.999,165
2026-09-08,LLEIDA,diesel,1.53,1.768,1.949,181
2026-09-08,LLEIDA,dieselPlus,1.662,1.869,2.01,79
2026-09-08,LLEIDA,g98,1.685,1.967,2.125,78
2026-09-08,RIOJA (LA),g95,1.589,1.842,2.009,80
2026-09-08,RIOJA (LA),diesel,1.634,1.812,1.939,82
2026-09-08,RIOJA (LA),dieselPlus,1.694,1.905,2.035,38
2026-09-08,RIOJA (LA),g98,1.899,2.023,2.099,36
2026-09-08,LUGO,g95,1.699,1.888,2.079,126
2026-09-08,LUGO,diesel,1.639,1.853,1.948,128
2026-09-08,LUGO,dieselPlus,1.759,1.946,2.049,65
2026-09-08,LUGO,g98,1.849,2.036,2.109,59
2026-09-08,MADRID,g95,1.599,1.857,2.049,858
2026-09-08,MADRID,g98,1.749,2.042,2.239,412
2026-09-08,MADRID,diesel,1.629,1.826,2.059,863
2026-09-08,MADRID,dieselPlus,1.659,1.906,2.119,456
2026-09-08,MÁLAGA,g95,1.629,1.886,1.995,302
2026-09-08,MÁLAGA,diesel,1.619,1.853,1.995,305
2026-09-08,MÁLAGA,dieselPlus,1.699,1.945,2.115,209
2026-09-08,MÁLAGA,g98,1.799,2.061,2.124,164
2026-09-08,MURCIA,g95,1.54,1.824,2.199,429
2026-09-08,MURCIA,diesel,1.617,1.795,2.249,452
2026-09-08,MURCIA,dieselPlus,1.647,1.866,2.04,233
2026-09-08,MURCIA,g98,1.728,1.987,2.159,235
2026-09-08,NAVARRA,g95,1.539,1.847,1.999,213
2026-09-08,NAVARRA,diesel,1.569,1.78,1.969,237
2026-09-08,NAVARRA,dieselPlus,1.579,1.88,2.059,96
2026-09-08,NAVARRA,g98,1.789,2.045,2.169,62
2026-09-08,OURENSE,g95,1.729,1.896,2.039,88
2026-09-08,OURENSE,g98,1.867,2.019,2.152,62
2026-09-08,OURENSE,diesel,1.695,1.851,1.97,88
2026-09-08,OURENSE,dieselPlus,1.725,1.917,1.999,57
2026-09-08,ASTURIAS,g95,1.687,1.916,2.09,224
2026-09-08,ASTURIAS,diesel,1.699,1.865,1.979,239
2026-09-08,ASTURIAS,dieselPlus,1.729,1.939,2.104,159
2026-09-08,ASTURIAS,g98,1.799,2.06,2.224,141
2026-09-08,PALENCIA,g95,1.697,1.913,1.989,66
2026-09-08,PALENCIA,g98,1.889,2.077,2.159,38
2026-09-08,PALENCIA,diesel,1.699,1.873,1.939,68
2026-09-08,PALENCIA,dieselPlus,1.709,1.96,2.049,45
2026-09-08,PALMAS (LAS),g95,1.289,1.448,1.589,256
2026-09-08,PALMAS (LAS),g98,1.349,1.584,1.719,226
2026-09-08,PALMAS (LAS),diesel,1.429,1.556,1.729,256
2026-09-08,PALMAS (LAS),dieselPlus,1.489,1.663,1.749,155
2026-09-08,PONTEVEDRA,g95,1.699,1.877,2.059,224
2026-09-08,PONTEVEDRA,diesel,1.645,1.84,1.979,225
2026-09-08,PONTEVEDRA,dieselPlus,1.655,1.938,2.099,143
2026-09-08,PONTEVEDRA,g98,1.829,2.034,2.279,135
2026-09-08,SALAMANCA,g95,1.735,1.866,1.999,105
2026-09-08,SALAMANCA,diesel,1.663,1.821,1.916,109
2026-09-08,SALAMANCA,dieselPlus,1.745,1.916,1.989,63
2026-09-08,SALAMANCA,g98,1.754,2.018,2.129,51
2026-09-08,SANTA CRUZ DE TENERIFE,g95,1.33,1.511,1.763,241
2026-09-08,SANTA CRUZ DE TENERIFE,g98,1.4,1.643,1.889,226
2026-09-08,SANTA CRUZ DE TENERIFE,diesel,1.459,1.623,1.881,240
2026-09-08,SANTA CRUZ DE TENERIFE,dieselPlus,1.469,1.723,1.925,129
2026-09-08,CANTABRIA,g95,1.659,1.884,2.029,167
2026-09-08,CANTABRIA,g98,1.849,2.04,2.189,86
2026-09-08,CANTABRIA,diesel,1.637,1.831,1.945,168
2026-09-08,CANTABRIA,dieselPlus,1.667,1.884,2.109,82
2026-09-08,SEGOVIA,g95,1.689,1.874,1.999,75
2026-09-08,SEGOVIA,diesel,1.699,1.831,1.958,76
2026-09-08,SEGOVIA,dieselPlus,1.719,1.912,2.044,43
2026-09-08,SEGOVIA,g98,1.819,2.056,2.207,37
2026-09-08,SEVILLA,g95,1.599,1.823,2.009,434
2026-09-08,SEVILLA,diesel,1.599,1.816,2.015,441
2026-09-08,SEVILLA,dieselPlus,1.695,1.923,2.1,232
2026-09-08,SEVILLA,g98,1.699,2.026,2.219,145
2026-09-08,SORIA,g95,1.655,1.85,1.979,42
2026-09-08,SORIA,g98,1.799,2.04,2.125,17
2026-09-08,SORIA,diesel,1.649,1.813,1.919,41
2026-09-08,SORIA,dieselPlus,1.699,1.883,1.999,20
2026-09-08,TARRAGONA,g95,1.465,1.845,1.989,215
2026-09-08,TARRAGONA,diesel,1.549,1.787,1.943,227
2026-09-08,TARRAGONA,g98,1.78,2.02,2.169,123
2026-09-08,TARRAGONA,dieselPlus,1.599,1.892,2.002,122
2026-09-08,TERUEL,g95,1.6,1.843,1.971,63
2026-09-08,TERUEL,diesel,1.628,1.803,1.9,68
2026-09-08,TERUEL,dieselPlus,1.728,1.925,1.994,32
2026-09-08,TERUEL,g98,1.71,1.999,2.109,30
2026-09-08,TOLEDO,g95,1.607,1.857,2.094,240
2026-09-08,TOLEDO,g98,1.749,2.04,2.239,118
2026-09-08,TOLEDO,diesel,1.668,1.828,2.088,243
2026-09-08,TOLEDO,dieselPlus,1.688,1.909,2.144,116
2026-09-08,VALENCIA / VALÈNCIA,g95,1.567,1.817,2.079,618
2026-09-08,VALENCIA / VALÈNCIA,diesel,1.535,1.779,1.999,632
2026-09-08,VALENCIA / VALÈNCIA,g98,1.659,2.023,2.239,278
2026-09-08,VALENCIA / VALÈNCIA,dieselPlus,1.565,1.879,2.09,318
2026-09-08,VALLADOLID,g95,1.617,1.867,2.029,146
2026-09-08,VALLADOLID,diesel,1.617,1.819,1.964,151
2026-09-08,VALLADOLID,dieselPlus,1.647,1.911,2.054,78
2026-09-08,VALLADOLID,g98,1.85,2.088,2.199,70
2026-09-08,BIZKAIA,g95,1.699,1.882,2.029,126
2026-09-08,BIZKAIA,g98,1.809,2.04,2.119,68
2026-09-08,BIZKAIA,diesel,1.619,1.829,2.004,127
2026-09-08,BIZKAIA,dieselPlus,1.649,1.87,2.079,45
2026-09-08,ZAMORA,g95,1.679,1.876,1.999,79
2026-09-08,ZAMORA,g98,1.849,2.037,2.169,44
2026-09-08,ZAMORA,diesel,1.666,1.834,1.966,85
2026-09-08,ZAMORA,dieselPlus,1.707,1.944,2.069,50
2026-09-08,ZARAGOZA,g95,1.55,1.848,1.979,220
2026-09-08,ZARAGOZA,g98,1.768,2.035,2.119,95
2026-09-08,ZARAGOZA,diesel,1.617,1.805,1.899,232
2026-09-08,ZARAGOZA,dieselPlus,1.687,1.879,1.999,87
2026-09-08,CEUTA,g95,1.594,1.633,1.649,10
2026-09-08,CEUTA,g98,1.648,1.67,1.679,8
2026-09-08,CEUTA,diesel,1.659,1.674,1.679,10
2026-09-08,CEUTA,dieselPlus,1.699,1.722,1.734,4
2026-09-08,MELILLA,g95,1.465,1.474,1.484,12
2026-09-08,MELILLA,diesel,1.445,1.456,1.467,12
2026-09-08,MELILLA,dieselPlus,1.497,1.501,1.507,8
2026-09-09,ARABA/ÁLAVA,g95,1.646,1.878,2.029,68
2026-09-09,ARABA/ÁLAVA,diesel,1.627,1.838,2.019,72
2026-09-09,ARABA/ÁLAVA,dieselPlus,1.727,1.921,2.109,36
2026-09-09,ARABA/ÁLAVA,g98,1.799,2.033,2.145,38
2026-09-09,ALBACETE,g95,1.613,1.858,1.989,142
2026-09-09,ALBACETE,diesel,1.499,1.844,1.989,151
2026-09-09,ALBACETE,dieselPlus,1.687,1.957,2.079,68
2026-09-09,ALBACETE,g98,1.799,2.048,2.119,65
2026-09-09,ALICANTE,g95,1.619,1.87,1.999,478
2026-09-09,ALICANTE,diesel,1.598,1.811,1.99,482
2026-09-09,ALICANTE,g98,1.699,2.053,2.199,261
2026-09-09,ALICANTE,dieselPlus,1.669,1.914,2.08,279
2026-09-09,ALMERÍA,g95,1.499,1.804,1.999,216
2026-09-09,ALMERÍA,g98,1.699,1.978,2.199,93
2026-09-09,ALMERÍA,diesel,1.64,1.8,2.019,227
2026-09-09,ALMERÍA,dieselPlus,1.665,1.894,2.059,119
2026-09-09,ÁVILA,g95,1.609,1.887,1.999,71
2026-09-09,ÁVILA,diesel,1.699,1.87,1.959,72
2026-09-09,ÁVILA,dieselPlus,1.809,1.962,2.069,46
2026-09-09,ÁVILA,g98,1.667,2.012,2.149,34
2026-09-09,BADAJOZ,diesel,1.654,1.817,2.099,274
2026-09-09,BADAJOZ,g95,1.639,1.841,2.189,239
2026-09-09,BADAJOZ,dieselPlus,1.654,1.91,2.199,127
2026-09-09,BADAJOZ,g98,1.799,2.034,2.299,66
2026-09-09,BALEARS (ILLES),g95,1.769,1.963,2.299,215
2026-09-09,BALEARS (ILLES),diesel,1.759,1.919,2.149,215
2026-09-09,BALEARS (ILLES),dieselPlus,1.788,2,2.11,101
2026-09-09,BALEARS (ILLES),g98,1.959,2.101,2.199,126
2026-09-09,BARCELONA,g95,1.459,1.825,2.009,772
2026-09-09,BARCELONA,diesel,1.599,1.807,2.005,782
2026-09-09,BARCELONA,dieselPlus,1.639,1.885,2.079,392
2026-09-09,BARCELONA,g98,1.746,1.996,2.179,438
2026-09-09,BURGOS,g95,1.649,1.894,2.039,134
2026-09-09,BURGOS,g98,1.83,2.072,2.165,57
2026-09-09,BURGOS,diesel,1.647,1.817,1.998,138
2026-09-09,BURGOS,dieselPlus,1.657,1.885,1.989,77
2026-09-09,CÁCERES,g95,1.639,1.877,2.049,147
2026-09-09,CÁCERES,diesel,1.649,1.866,2.019,159
2026-09-09,CÁCERES,g98,1.879,2.065,2.219,46
2026-09-09,CÁCERES,dieselPlus,1.665,1.966,2.089,81
2026-09-09,CÁDIZ,g95,1.669,1.883,2.019,288
2026-09-09,CÁDIZ,g98,1.839,2.065,2.149,116
2026-09-09,CÁDIZ,diesel,1.679,1.827,1.976,292
2026-09-09,CÁDIZ,dieselPlus,1.719,1.914,2.039,176
2026-09-09,CASTELLÓN / CASTELLÓ,g95,1.529,1.837,2.059,189
2026-09-09,CASTELLÓN / CASTELLÓ,diesel,1.599,1.824,2.074,191
2026-09-09,CASTELLÓN / CASTELLÓ,dieselPlus,1.627,1.939,2.039,97
2026-09-09,CASTELLÓN / CASTELLÓ,g98,1.699,2.019,2.105,76
2026-09-09,CIUDAD REAL,g95,1.579,1.835,1.979,194
2026-09-09,CIUDAD REAL,g98,1.699,2.025,2.209,71
2026-09-09,CIUDAD REAL,diesel,1.559,1.81,1.979,214
2026-09-09,CIUDAD REAL,dieselPlus,1.657,1.911,2.079,62
2026-09-09,CÓRDOBA,g95,1.639,1.834,1.945,204
2026-09-09,CÓRDOBA,diesel,1.629,1.838,1.949,209
2026-09-09,CÓRDOBA,g98,1.699,1.983,2.099,67
2026-09-09,CÓRDOBA,dieselPlus,1.728,1.918,2.049,103
2026-09-09,CORUÑA (A),g95,1.689,1.895,2.029,283
2026-09-09,CORUÑA (A),diesel,1.627,1.838,1.959,286
2026-09-09,CORUÑA (A),g98,1.799,2.034,2.229,170
2026-09-09,CORUÑA (A),dieselPlus,1.664,1.913,2.066,166
2026-09-09,CUENCA,g95,1.649,1.886,2.029,106
2026-09-09,CUENCA,diesel,1.617,1.851,1.999,117
2026-09-09,CUENCA,dieselPlus,1.637,1.97,2.074,56
2026-09-09,CUENCA,g98,1.799,2.045,2.159,40
2026-09-09,GIRONA,g95,1.618,1.858,2.059,259
2026-09-09,GIRONA,g98,1.798,2.03,2.239,157
2026-09-09,GIRONA,diesel,1.622,1.804,1.979,269
2026-09-09,GIRONA,dieselPlus,1.669,1.917,2.099,150
2026-09-09,GRANADA,g95,1.657,1.837,1.991,278
2026-09-09,GRANADA,diesel,1.629,1.805,1.99,282
2026-09-09,GRANADA,g98,1.759,2.022,2.167,150
2026-09-09,GRANADA,dieselPlus,1.669,1.909,2.13,170
2026-09-09,GUADALAJARA,g95,1.599,1.875,1.999,86
2026-09-09,GUADALAJARA,diesel,1.667,1.845,1.99,88
2026-09-09,GUADALAJARA,g98,1.769,2.056,2.155,44
2026-09-09,GUADALAJARA,dieselPlus,1.679,1.919,2.049,43
2026-09-09,GIPUZKOA,g95,1.656,1.894,1.999,131
2026-09-09,GIPUZKOA,g98,1.899,2.059,2.159,77
2026-09-09,GIPUZKOA,diesel,1.587,1.855,1.989,144
2026-09-09,GIPUZKOA,dieselPlus,1.689,1.951,2.084,80
2026-09-09,HUELVA,g95,1.639,1.88,1.989,136
2026-09-09,HUELVA,diesel,1.665,1.859,2.249,141
2026-09-09,HUELVA,g98,1.848,2.05,2.149,47
2026-09-09,HUELVA,dieselPlus,1.695,1.953,2.049,60
2026-09-09,HUESCA,g95,1.589,1.85,1.998,112
2026-09-09,HUESCA,g98,1.819,2.024,2.118,52
2026-09-09,HUESCA,diesel,1.625,1.826,2.05,122
2026-09-09,HUESCA,dieselPlus,1.698,1.927,2.059,57
2026-09-09,JAÉN,g95,1.599,1.842,1.959,208
2026-09-09,JAÉN,g98,1.799,2.029,2.299,80
2026-09-09,JAÉN,diesel,1.669,1.851,2.024,212
2026-09-09,JAÉN,dieselPlus,1.72,1.941,2.109,101
2026-09-09,LEÓN,g95,1.729,1.878,1.989,159
2026-09-09,LEÓN,diesel,1.699,1.858,1.945,165
2026-09-09,LEÓN,dieselPlus,1.739,1.928,2.025,114
2026-09-09,LEÓN,g98,1.829,2.022,2.139,95
2026-09-09,LLEIDA,g95,1.4,1.799,2.019,165
2026-09-09,LLEIDA,diesel,1.53,1.773,1.969,181
2026-09-09,LLEIDA,dieselPlus,1.662,1.873,2.029,79
2026-09-09,LLEIDA,g98,1.685,1.979,2.175,78
2026-09-09,RIOJA (LA),g95,1.589,1.85,1.999,80
2026-09-09,RIOJA (LA),diesel,1.634,1.818,1.939,82
2026-09-09,RIOJA (LA),dieselPlus,1.694,1.911,2.035,38
2026-09-09,RIOJA (LA),g98,1.889,2.033,2.099,36
2026-09-09,LUGO,g95,1.699,1.897,2.079,126
2026-09-09,LUGO,diesel,1.639,1.859,1.953,128
2026-09-09,LUGO,dieselPlus,1.779,1.952,2.029,65
2026-09-09,LUGO,g98,1.849,2.05,2.119,59
2026-09-09,MADRID,g95,1.599,1.864,2.049,858
2026-09-09,MADRID,g98,1.755,2.05,2.239,412
2026-09-09,MADRID,diesel,1.645,1.831,2.059,863
2026-09-09,MADRID,dieselPlus,1.659,1.912,2.119,456
2026-09-09,MÁLAGA,g95,1.629,1.89,1.989,303
2026-09-09,MÁLAGA,diesel,1.599,1.858,1.995,306
2026-09-09,MÁLAGA,dieselPlus,1.709,1.951,2.115,209
2026-09-09,MÁLAGA,g98,1.819,2.063,2.129,164
2026-09-09,MURCIA,g95,1.629,1.832,2.199,430
2026-09-09,MURCIA,diesel,1.617,1.802,2.249,452
2026-09-09,MURCIA,dieselPlus,1.647,1.872,2.04,233
2026-09-09,MURCIA,g98,1.728,1.994,2.199,235
2026-09-09,NAVARRA,g95,1.599,1.854,1.999,213
2026-09-09,NAVARRA,diesel,1.609,1.789,1.969,237
2026-09-09,NAVARRA,dieselPlus,1.688,1.887,2.059,96
2026-09-09,NAVARRA,g98,1.889,2.053,2.169,61
2026-09-09,OURENSE,g95,1.739,1.904,2.014,88
2026-09-09,OURENSE,g98,1.867,2.028,2.188,62
2026-09-09,OURENSE,diesel,1.715,1.859,1.97,88
2026-09-09,OURENSE,dieselPlus,1.735,1.925,2.005,57
2026-09-09,ASTURIAS,g95,1.687,1.925,2.09,224
2026-09-09,ASTURIAS,diesel,1.717,1.873,1.979,239
2026-09-09,ASTURIAS,dieselPlus,1.729,1.948,2.039,159
2026-09-09,ASTURIAS,g98,1.859,2.069,2.224,141
2026-09-09,PALENCIA,g95,1.737,1.921,1.989,66
2026-09-09,PALENCIA,g98,1.889,2.085,2.159,38
2026-09-09,PALENCIA,diesel,1.699,1.881,1.949,68
2026-09-09,PALENCIA,dieselPlus,1.739,1.969,2.049,45
2026-09-09,PALMAS (LAS),g95,1.289,1.45,1.589,255
2026-09-09,PALMAS (LAS),g98,1.387,1.587,1.719,225
2026-09-09,PALMAS (LAS),diesel,1.429,1.559,1.78,255
2026-09-09,PALMAS (LAS),dieselPlus,1.489,1.666,1.749,155
2026-09-09,PONTEVEDRA,g95,1.699,1.885,2.059,224
2026-09-09,PONTEVEDRA,diesel,1.655,1.846,1.979,225
2026-09-09,PONTEVEDRA,dieselPlus,1.675,1.945,2.099,143
2026-09-09,PONTEVEDRA,g98,1.829,2.042,2.279,135
2026-09-09,SALAMANCA,g95,1.76,1.874,1.999,105
2026-09-09,SALAMANCA,diesel,1.684,1.829,1.93,109
2026-09-09,SALAMANCA,dieselPlus,1.755,1.923,1.995,63
2026-09-09,SALAMANCA,g98,1.869,2.028,2.129,51
2026-09-09,SANTA CRUZ DE TENERIFE,g95,1.33,1.516,1.763,241
2026-09-09,SANTA CRUZ DE TENERIFE,g98,1.4,1.647,1.889,226
2026-09-09,SANTA CRUZ DE TENERIFE,diesel,1.467,1.627,1.881,240
2026-09-09,SANTA CRUZ DE TENERIFE,dieselPlus,1.469,1.726,1.919,129
2026-09-09,CANTABRIA,g95,1.679,1.891,2.029,167
2026-09-09,CANTABRIA,g98,1.849,2.047,2.189,86
2026-09-09,CANTABRIA,diesel,1.639,1.838,1.955,168
2026-09-09,CANTABRIA,dieselPlus,1.677,1.892,2.109,82
2026-09-09,SEGOVIA,g95,1.689,1.88,1.999,75
2026-09-09,SEGOVIA,diesel,1.699,1.837,1.958,76
2026-09-09,SEGOVIA,dieselPlus,1.729,1.92,2.119,43
2026-09-09,SEGOVIA,g98,1.819,2.062,2.207,37
2026-09-09,SEVILLA,g95,1.599,1.83,2.019,434
2026-09-09,SEVILLA,diesel,1.609,1.822,2.029,441
2026-09-09,SEVILLA,dieselPlus,1.705,1.93,2.114,232
2026-09-09,SEVILLA,g98,1.699,2.033,2.219,145
2026-09-09,SORIA,g95,1.655,1.862,1.989,42
2026-09-09,SORIA,g98,1.809,2.052,2.148,17
2026-09-09,SORIA,diesel,1.649,1.818,1.929,41
2026-09-09,SORIA,dieselPlus,1.689,1.89,2.009,20
2026-09-09,TARRAGONA,g95,1.465,1.852,1.999,215
2026-09-09,TARRAGONA,diesel,1.6,1.793,1.949,227
2026-09-09,TARRAGONA,g98,1.78,2.03,2.189,123
2026-09-09,TARRAGONA,dieselPlus,1.65,1.9,2.019,122
2026-09-09,TERUEL,g95,1.6,1.851,1.971,63
2026-09-09,TERUEL,diesel,1.631,1.808,1.9,68
2026-09-09,TERUEL,dieselPlus,1.718,1.93,1.994,32
2026-09-09,TERUEL,g98,1.71,2.004,2.109,30
2026-09-09,TOLEDO,g95,1.607,1.865,2.094,240
2026-09-09,TOLEDO,g98,1.767,2.048,2.239,118
2026-09-09,TOLEDO,diesel,1.658,1.833,2.088,243
2026-09-09,TOLEDO,dieselPlus,1.678,1.913,2.144,119
2026-09-09,VALENCIA / VALÈNCIA,g95,1.567,1.824,2.079,618
2026-09-09,VALENCIA / VALÈNCIA,diesel,1.545,1.784,1.999,632
2026-09-09,VALENCIA / VALÈNCIA,g98,1.689,2.03,2.239,278
2026-09-09,VALENCIA / VALÈNCIA,dieselPlus,1.565,1.886,2.09,318
2026-09-09,VALLADOLID,g95,1.689,1.876,2.029,146
2026-09-09,VALLADOLID,diesel,1.637,1.827,1.964,151
2026-09-09,VALLADOLID,dieselPlus,1.647,1.918,2.054,78
2026-09-09,VALLADOLID,g98,1.859,2.094,2.155,70
2026-09-09,BIZKAIA,g95,1.659,1.892,2.029,126
2026-09-09,BIZKAIA,g98,1.809,2.047,2.135,68
2026-09-09,BIZKAIA,diesel,1.599,1.837,2.004,127
2026-09-09,BIZKAIA,dieselPlus,1.619,1.878,2.079,45
2026-09-09,ZAMORA,g95,1.679,1.883,1.999,79
2026-09-09,ZAMORA,g98,1.889,2.044,2.169,44
2026-09-09,ZAMORA,diesel,1.669,1.841,1.966,85
2026-09-09,ZAMORA,dieselPlus,1.717,1.95,2.089,50
2026-09-09,ZARAGOZA,g95,1.572,1.858,1.979,220
2026-09-09,ZARAGOZA,g98,1.768,2.043,2.129,95
2026-09-09,ZARAGOZA,diesel,1.627,1.812,1.899,233
2026-09-09,ZARAGOZA,dieselPlus,1.687,1.888,1.999,87
2026-09-09,CEUTA,g95,1.624,1.64,1.649,10
2026-09-09,CEUTA,g98,1.648,1.67,1.679,8
2026-09-09,CEUTA,diesel,1.659,1.674,1.679,10
2026-09-09,CEUTA,dieselPlus,1.699,1.722,1.734,4
2026-09-09,MELILLA,g95,1.475,1.482,1.485,12
2026-09-09,MELILLA,diesel,1.455,1.466,1.467,12
2026-09-09,MELILLA,dieselPlus,1.507,1.509,1.517,8
2026-09-10,ARABA/ÁLAVA,g95,1.646,1.882,2.029,68
2026-09-10,ARABA/ÁLAVA,diesel,1.627,1.841,2.019,72
2026-09-10,ARABA/ÁLAVA,dieselPlus,1.727,1.924,2.109,36
2026-09-10,ARABA/ÁLAVA,g98,1.799,2.037,2.145,38
2026-09-10,ALBACETE,g95,1.613,1.865,1.989,141
2026-09-10,ALBACETE,diesel,1.499,1.847,1.989,150
2026-09-10,ALBACETE,dieselPlus,1.707,1.959,2.079,67
2026-09-10,ALBACETE,g98,1.799,2.055,2.119,64
2026-09-10,ALICANTE,g95,1.619,1.879,2.009,478
2026-09-10,ALICANTE,diesel,1.598,1.817,1.99,482
2026-09-10,ALICANTE,g98,1.719,2.061,2.199,261
2026-09-10,ALICANTE,dieselPlus,1.689,1.919,2.083,279
2026-09-10,ALMERÍA,g95,1.499,1.813,1.999,216
2026-09-10,ALMERÍA,g98,1.719,1.988,2.199,93
2026-09-10,ALMERÍA,diesel,1.64,1.804,2.019,227
2026-09-10,ALMERÍA,dieselPlus,1.679,1.898,2.059,119
2026-09-10,ÁVILA,g95,1.609,1.892,1.999,71
2026-09-10,ÁVILA,diesel,1.699,1.874,1.959,72
2026-09-10,ÁVILA,dieselPlus,1.809,1.965,2.069,46
2026-09-10,ÁVILA,g98,1.667,2.017,2.149,34
2026-09-10,BADAJOZ,diesel,1.654,1.82,2.129,275
2026-09-10,BADAJOZ,g95,1.639,1.846,2.239,240
2026-09-10,BADAJOZ,dieselPlus,1.654,1.916,2.209,127
2026-09-10,BADAJOZ,g98,1.799,2.041,2.379,66
2026-09-10,BALEARS (ILLES),g95,1.769,1.969,2.299,215
2026-09-10,BALEARS (ILLES),diesel,1.759,1.924,2.149,215
2026-09-10,BALEARS (ILLES),dieselPlus,1.798,2.003,2.11,101
2026-09-10,BALEARS (ILLES),g98,1.959,2.107,2.199,126
2026-09-10,BARCELONA,g95,1.459,1.834,2.009,772
2026-09-10,BARCELONA,diesel,1.599,1.812,2.005,782
2026-09-10,BARCELONA,dieselPlus,1.639,1.889,2.079,392
2026-09-10,BARCELONA,g98,1.746,2.005,2.179,438
2026-09-10,BURGOS,g95,1.669,1.9,2.035,134
2026-09-10,BURGOS,g98,1.83,2.077,2.165,57
2026-09-10,BURGOS,diesel,1.647,1.821,1.998,138
2026-09-10,BURGOS,dieselPlus,1.685,1.891,1.989,77
2026-09-10,CÁCERES,g95,1.639,1.884,2.059,146
2026-09-10,CÁCERES,diesel,1.649,1.87,2.019,158
2026-09-10,CÁCERES,g98,1.879,2.071,2.239,46
2026-09-10,CÁCERES,dieselPlus,1.665,1.968,2.089,80
2026-09-10,CÁDIZ,g95,1.669,1.888,2.019,288
2026-09-10,CÁDIZ,g98,1.839,2.071,2.149,116
2026-09-10,CÁDIZ,diesel,1.679,1.831,1.976,292
2026-09-10,CÁDIZ,dieselPlus,1.728,1.917,2.039,176
2026-09-10,CASTELLÓN / CASTELLÓ,g95,1.529,1.842,2.099,189
2026-09-10,CASTELLÓN / CASTELLÓ,diesel,1.599,1.826,2.074,191
2026-09-10,CASTELLÓN / CASTELLÓ,dieselPlus,1.627,1.941,2.049,97
2026-09-10,CASTELLÓN / CASTELLÓ,g98,1.699,2.024,2.115,76
2026-09-10,CIUDAD REAL,g95,1.579,1.842,2.039,193
2026-09-10,CIUDAD REAL,g98,1.699,2.03,2.229,71
2026-09-10,CIUDAD REAL,diesel,1.579,1.816,1.979,213
2026-09-10,CIUDAD REAL,dieselPlus,1.687,1.916,2.049,62
2026-09-10,CÓRDOBA,g95,1.639,1.841,1.979,204
2026-09-10,CÓRDOBA,diesel,1.629,1.841,1.949,209
2026-09-10,CÓRDOBA,g98,1.699,1.991,2.105,67
2026-09-10,CÓRDOBA,dieselPlus,1.728,1.92,2.059,103
2026-09-10,CORUÑA (A),g95,1.689,1.897,2.029,283
2026-09-10,CORUÑA (A),diesel,1.627,1.842,1.959,286
2026-09-10,CORUÑA (A),g98,1.799,2.038,2.229,170
2026-09-10,CORUÑA (A),dieselPlus,1.664,1.917,2.088,166
2026-09-10,CUENCA,g95,1.649,1.891,2.029,106
2026-09-10,CUENCA,diesel,1.617,1.851,1.999,117
2026-09-10,CUENCA,dieselPlus,1.637,1.97,2.074,56
2026-09-10,CUENCA,g98,1.799,2.052,2.195,40
2026-09-10,GIRONA,g95,1.618,1.868,2.059,259
2026-09-10,GIRONA,g98,1.799,2.037,2.239,157
2026-09-10,GIRONA,diesel,1.622,1.811,1.979,269
2026-09-10,GIRONA,dieselPlus,1.669,1.923,2.099,150
2026-09-10,GRANADA,g95,1.657,1.844,1.991,279
2026-09-10,GRANADA,diesel,1.655,1.81,1.99,283
2026-09-10,GRANADA,g98,1.759,2.031,2.167,151
2026-09-10,GRANADA,dieselPlus,1.669,1.914,2.13,171
2026-09-10,GUADALAJARA,g95,1.599,1.881,2.009,86
2026-09-10,GUADALAJARA,diesel,1.667,1.849,1.99,88
2026-09-10,GUADALAJARA,g98,1.769,2.063,2.169,44
2026-09-10,GUADALAJARA,dieselPlus,1.679,1.923,2.099,43
2026-09-10,GIPUZKOA,g95,1.656,1.899,1.999,131
2026-09-10,GIPUZKOA,g98,1.899,2.065,2.159,77
2026-09-10,GIPUZKOA,diesel,1.589,1.857,1.989,144
2026-09-10,GIPUZKOA,dieselPlus,1.689,1.952,2.084,80
2026-09-10,HUELVA,g95,1.642,1.892,2.019,136
2026-09-10,HUELVA,g98,1.848,2.061,2.16,47
2026-09-10,HUELVA,diesel,1.671,1.864,2.249,141
2026-09-10,HUELVA,dieselPlus,1.73,1.957,2.059,60
2026-09-10,HUESCA,g95,1.589,1.859,1.998,112
2026-09-10,HUESCA,g98,1.819,2.032,2.118,52
2026-09-10,HUESCA,diesel,1.625,1.829,1.98,122
2026-09-10,HUESCA,dieselPlus,1.698,1.93,2.059,57
2026-09-10,JAÉN,g95,1.599,1.851,1.969,208
2026-09-10,JAÉN,g98,1.799,2.038,2.299,80
2026-09-10,JAÉN,diesel,1.669,1.855,1.969,212
2026-09-10,JAÉN,dieselPlus,1.739,1.946,2.109,101
2026-09-10,LEÓN,g95,1.729,1.885,1.989,159
2026-09-10,LEÓN,diesel,1.699,1.862,1.949,165
2026-09-10,LEÓN,dieselPlus,1.739,1.932,2.025,114
2026-09-10,LEÓN,g98,1.829,2.029,2.139,95
2026-09-10,LLEIDA,g95,1.4,1.809,2.019,165
2026-09-10,LLEIDA,diesel,1.53,1.777,1.969,181
2026-09-10,LLEIDA,dieselPlus,1.662,1.878,2.029,79
2026-09-10,LLEIDA,g98,1.73,1.99,2.175,78
2026-09-10,RIOJA (LA),g95,1.589,1.864,1.999,80
2026-09-10,RIOJA (LA),diesel,1.634,1.829,1.949,82
2026-09-10,RIOJA (LA),dieselPlus,1.694,1.921,2.035,38
2026-09-10,RIOJA (LA),g98,1.889,2.047,2.139,36
2026-09-10,LUGO,g95,1.699,1.901,2.079,126
2026-09-10,LUGO,diesel,1.659,1.864,1.953,128
2026-09-10,LUGO,dieselPlus,1.779,1.955,2.035,65
2026-09-10,LUGO,g98,1.849,2.056,2.125,59
2026-09-10,MADRID,g95,1.599,1.871,2.076,858
2026-09-10,MADRID,g98,1.755,2.058,2.239,412
2026-09-10,MADRID,diesel,1.645,1.836,2.059,863
2026-09-10,MADRID,dieselPlus,1.659,1.916,2.119,456
2026-09-10,MÁLAGA,g95,1.629,1.897,2.099,304
2026-09-10,MÁLAGA,diesel,1.609,1.864,2.149,307
2026-09-10,MÁLAGA,dieselPlus,1.729,1.955,2.115,209
2026-09-10,MÁLAGA,g98,1.819,2.07,2.135,164
2026-09-10,MURCIA,g95,1.648,1.841,2.199,430
2026-09-10,MURCIA,diesel,1.638,1.807,2.249,452
2026-09-10,MURCIA,dieselPlus,1.649,1.876,2.04,233
2026-09-10,MURCIA,g98,1.728,2.002,2.199,235
2026-09-10,NAVARRA,g95,1.599,1.861,1.989,213
2026-09-10,NAVARRA,diesel,1.609,1.794,1.969,237
2026-09-10,NAVARRA,dieselPlus,1.688,1.892,2.059,96
2026-09-10,NAVARRA,g98,1.889,2.062,2.149,61
2026-09-10,OURENSE,g95,1.739,1.909,2.014,88
2026-09-10,OURENSE,g98,1.867,2.029,2.188,62
2026-09-10,OURENSE,diesel,1.715,1.865,1.97,88
2026-09-10,OURENSE,dieselPlus,1.735,1.931,2.009,57
2026-09-10,ASTURIAS,g95,1.687,1.929,2.09,225
2026-09-10,ASTURIAS,diesel,1.717,1.877,1.979,240
2026-09-10,ASTURIAS,dieselPlus,1.749,1.953,2.049,159
2026-09-10,ASTURIAS,g98,1.904,2.075,2.224,141
2026-09-10,PALENCIA,g95,1.737,1.928,1.999,66
2026-09-10,PALENCIA,g98,1.925,2.094,2.159,38
2026-09-10,PALENCIA,diesel,1.699,1.886,1.955,68
2026-09-10,PALENCIA,dieselPlus,1.739,1.974,2.055,45
2026-09-10,PALMAS (LAS),g95,1.289,1.455,1.589,255
2026-09-10,PALMAS (LAS),g98,1.387,1.591,1.719,225
2026-09-10,PALMAS (LAS),diesel,1.429,1.564,1.78,255
2026-09-10,PALMAS (LAS),dieselPlus,1.498,1.67,1.749,155
2026-09-10,PONTEVEDRA,g95,1.699,1.892,2.059,224
2026-09-10,PONTEVEDRA,diesel,1.655,1.853,1.979,225
2026-09-10,PONTEVEDRA,dieselPlus,1.675,1.948,2.099,143
2026-09-10,PONTEVEDRA,g98,1.829,2.048,2.279,135
2026-09-10,SALAMANCA,g95,1.76,1.881,1.999,105
2026-09-10,SALAMANCA,diesel,1.684,1.833,1.942,109
2026-09-10,SALAMANCA,dieselPlus,1.755,1.926,1.995,63
2026-09-10,SALAMANCA,g98,1.869,2.035,2.129,51
2026-09-10,SANTA CRUZ DE TENERIFE,g95,1.34,1.518,1.763,241
2026-09-10,SANTA CRUZ DE TENERIFE,g98,1.45,1.648,1.889,226
2026-09-10,SANTA CRUZ DE TENERIFE,diesel,1.469,1.629,1.881,240
2026-09-10,SANTA CRUZ DE TENERIFE,dieselPlus,1.469,1.727,1.919,129
2026-09-10,CANTABRIA,g95,1.679,1.897,2.029,167
2026-09-10,CANTABRIA,g98,1.849,2.053,2.189,86
2026-09-10,CANTABRIA,diesel,1.639,1.843,1.959,168
2026-09-10,CANTABRIA,dieselPlus,1.677,1.895,2.109,82
2026-09-10,SEGOVIA,g95,1.689,1.887,1.999,75
2026-09-10,SEGOVIA,diesel,1.699,1.844,1.959,76
2026-09-10,SEGOVIA,dieselPlus,1.749,1.925,2.119,43
2026-09-10,SEGOVIA,g98,1.819,2.074,2.207,37
2026-09-10,SEVILLA,g95,1.639,1.839,2.019,434
2026-09-10,SEVILLA,diesel,1.619,1.826,2.029,441
2026-09-10,SEVILLA,dieselPlus,1.705,1.934,2.114,232
2026-09-10,SEVILLA,g98,1.739,2.041,2.219,145
2026-09-10,SORIA,g95,1.655,1.872,1.999,42
2026-09-10,SORIA,g98,1.809,2.058,2.149,17
2026-09-10,SORIA,diesel,1.649,1.824,1.929,41
2026-09-10,SORIA,dieselPlus,1.689,1.893,2.009,20
2026-09-10,TARRAGONA,g95,1.465,1.86,1.989,215
2026-09-10,TARRAGONA,diesel,1.6,1.796,1.949,227
2026-09-10,TARRAGONA,g98,1.78,2.04,2.189,123
2026-09-10,TARRAGONA,dieselPlus,1.65,1.903,2.019,122
2026-09-10,TERUEL,g95,1.612,1.86,1.999,63
2026-09-10,TERUEL,diesel,1.631,1.812,1.929,68
2026-09-10,TERUEL,dieselPlus,1.718,1.933,1.995,32
2026-09-10,TERUEL,g98,1.71,2.015,2.169,30
2026-09-10,TOLEDO,g95,1.607,1.874,2.139,240
2026-09-10,TOLEDO,g98,1.767,2.056,2.239,118
2026-09-10,TOLEDO,diesel,1.648,1.839,2.119,243
2026-09-10,TOLEDO,dieselPlus,1.668,1.918,2.164,119
2026-09-10,VALENCIA / VALÈNCIA,g95,1.587,1.832,2.079,618
2026-09-10,VALENCIA / VALÈNCIA,diesel,1.545,1.788,1.952,632
2026-09-10,VALENCIA / VALÈNCIA,g98,1.689,2.038,2.249,278
2026-09-10,VALENCIA / VALÈNCIA,dieselPlus,1.565,1.89,2.09,318
2026-09-10,VALLADOLID,g95,1.689,1.882,2.029,145
2026-09-10,VALLADOLID,diesel,1.637,1.83,1.969,150
2026-09-10,VALLADOLID,dieselPlus,1.647,1.921,2.044,77
2026-09-10,VALLADOLID,g98,1.859,2.104,2.169,69
2026-09-10,BIZKAIA,g95,1.659,1.897,2.029,126
2026-09-10,BIZKAIA,g98,1.829,2.054,2.139,68
2026-09-10,BIZKAIA,diesel,1.599,1.841,2.004,127
2026-09-10,BIZKAIA,dieselPlus,1.619,1.879,2.079,45
2026-09-10,ZAMORA,g95,1.679,1.89,1.999,79
2026-09-10,ZAMORA,g98,1.889,2.056,2.169,44
2026-09-10,ZAMORA,diesel,1.669,1.845,1.966,85
2026-09-10,ZAMORA,dieselPlus,1.717,1.953,2.089,50
2026-09-10,ZARAGOZA,g95,1.572,1.866,1.998,220
2026-09-10,ZARAGOZA,g98,1.789,2.052,2.139,95
2026-09-10,ZARAGOZA,diesel,1.627,1.816,1.909,233
2026-09-10,ZARAGOZA,dieselPlus,1.695,1.89,1.999,87
2026-09-10,CEUTA,g95,1.629,1.644,1.649,10
2026-09-10,CEUTA,g98,1.648,1.67,1.679,8
2026-09-10,CEUTA,diesel,1.659,1.674,1.679,10
2026-09-10,CEUTA,dieselPlus,1.699,1.722,1.734,4
2026-09-10,MELILLA,g95,1.475,1.488,1.494,12
2026-09-10,MELILLA,diesel,1.465,1.471,1.477,12
2026-09-10,MELILLA,dieselPlus,1.517,1.517,1.517,8
2026-09-11,ARABA/ÁLAVA,g95,1.669,1.887,2.039,68
2026-09-11,ARABA/ÁLAVA,diesel,1.627,1.845,2.019,72
2026-09-11,ARABA/ÁLAVA,dieselPlus,1.727,1.93,2.109,36
2026-09-11,ARABA/ÁLAVA,g98,1.799,2.044,2.149,38
2026-09-11,ALBACETE,g95,1.613,1.87,1.998,141
2026-09-11,ALBACETE,diesel,1.499,1.851,1.998,150
2026-09-11,ALBACETE,dieselPlus,1.729,1.967,2.078,67
2026-09-11,ALBACETE,g98,1.799,2.065,2.139,64
2026-09-11,ALICANTE,g95,1.659,1.888,2.049,478
2026-09-11,ALICANTE,diesel,1.598,1.825,1.99,482
2026-09-11,ALICANTE,g98,1.739,2.073,2.239,261
2026-09-11,ALICANTE,dieselPlus,1.689,1.931,2.083,279
2026-09-11,ALMERÍA,g95,1.499,1.82,1.999,216
2026-09-11,ALMERÍA,g98,1.719,1.996,2.199,93
2026-09-11,ALMERÍA,diesel,1.64,1.81,2.019,227
2026-09-11,ALMERÍA,dieselPlus,1.679,1.907,2.059,119
2026-09-11,ÁVILA,g95,1.609,1.899,1.999,71
2026-09-11,ÁVILA,diesel,1.699,1.881,1.984,72
2026-09-11,ÁVILA,dieselPlus,1.809,1.975,2.069,46
2026-09-11,ÁVILA,g98,1.667,2.023,2.119,34
2026-09-11,BADAJOZ,diesel,1.66,1.825,2.159,275
2026-09-11,BADAJOZ,g95,1.639,1.85,2.219,240
2026-09-11,BADAJOZ,dieselPlus,1.695,1.925,2.239,127
2026-09-11,BADAJOZ,g98,1.799,2.049,2.359,66
2026-09-11,BALEARS (ILLES),g95,1.769,1.978,2.299,215
2026-09-11,BALEARS (ILLES),diesel,1.779,1.939,2.149,215
2026-09-11,BALEARS (ILLES),dieselPlus,1.819,2.018,2.149,101
2026-09-11,BALEARS (ILLES),g98,1.999,2.117,2.199,126
2026-09-11,BARCELONA,g95,1.459,1.838,2.024,770
2026-09-11,BARCELONA,diesel,1.599,1.817,2.005,782
2026-09-11,BARCELONA,dieselPlus,1.639,1.898,2.109,389
2026-09-11,BARCELONA,g98,1.746,2.012,2.19,438
2026-09-11,BURGOS,g95,1.669,1.91,2.049,133
2026-09-11,BURGOS,g98,1.83,2.084,2.165,57
2026-09-11,BURGOS,diesel,1.667,1.834,1.998,138
2026-09-11,BURGOS,dieselPlus,1.685,1.905,2.035,77
2026-09-11,CÁCERES,g95,1.679,1.895,2.069,146
2026-09-11,CÁCERES,diesel,1.65,1.879,2.059,158
2026-09-11,CÁCERES,g98,1.939,2.084,2.219,46
2026-09-11,CÁCERES,dieselPlus,1.719,1.978,2.089,80
2026-09-11,CÁDIZ,g95,1.669,1.898,2.019,285
2026-09-11,CÁDIZ,g98,1.839,2.079,2.165,116
2026-09-11,CÁDIZ,diesel,1.698,1.84,1.989,292
2026-09-11,CÁDIZ,dieselPlus,1.729,1.929,2.039,176
2026-09-11,CASTELLÓN / CASTELLÓ,g95,1.529,1.849,2.099,190
2026-09-11,CASTELLÓN / CASTELLÓ,diesel,1.599,1.834,2.074,192
2026-09-11,CASTELLÓN / CASTELLÓ,dieselPlus,1.627,1.954,2.055,98
2026-09-11,CASTELLÓN / CASTELLÓ,g98,1.699,2.033,2.189,76
2026-09-11,CIUDAD REAL,g95,1.589,1.85,2.059,193
2026-09-11,CIUDAD REAL,g98,1.699,2.042,2.239,71
2026-09-11,CIUDAD REAL,diesel,1.579,1.82,1.979,213
2026-09-11,CIUDAD REAL,dieselPlus,1.687,1.92,2.069,62
2026-09-11,CÓRDOBA,g95,1.639,1.852,1.979,204
2026-09-11,CÓRDOBA,diesel,1.659,1.849,1.979,209
2026-09-11,CÓRDOBA,g98,1.729,2.001,2.115,67
2026-09-11,CÓRDOBA,dieselPlus,1.728,1.932,2.099,103
2026-09-11,CORUÑA (A),g95,1.689,1.906,2.029,282
2026-09-11,CORUÑA (A),diesel,1.627,1.854,2.009,285
2026-09-11,CORUÑA (A),g98,1.799,2.047,2.189,170
2026-09-11,CORUÑA (A),dieselPlus,1.664,1.931,2.148,165
2026-09-11,CUENCA,g95,1.679,1.899,2.029,107
2026-09-11,CUENCA,diesel,1.665,1.857,2.014,118
2026-09-11,CUENCA,dieselPlus,1.667,1.979,2.089,56
2026-09-11,CUENCA,g98,1.799,2.064,2.195,40
2026-09-11,GIRONA,g95,1.618,1.872,2.059,259
2026-09-11,GIRONA,g98,1.799,2.045,2.239,157
2026-09-11,GIRONA,diesel,1.622,1.816,1.979,269
2026-09-11,GIRONA,dieselPlus,1.669,1.932,2.099,150
2026-09-11,GRANADA,g95,1.657,1.856,1.999,279
2026-09-11,GRANADA,diesel,1.655,1.817,1.99,283
2026-09-11,GRANADA,g98,1.799,2.044,2.167,151
2026-09-11,GRANADA,dieselPlus,1.669,1.924,2.052,171
2026-09-11,GUADALAJARA,g95,1.599,1.892,2.014,87
2026-09-11,GUADALAJARA,diesel,1.669,1.859,1.99,89
2026-09-11,GUADALAJARA,g98,1.799,2.077,2.169,44
2026-09-11,GUADALAJARA,dieselPlus,1.719,1.938,2.099,44
2026-09-11,GIPUZKOA,g95,1.656,1.904,1.999,131
2026-09-11,GIPUZKOA,g98,1.899,2.074,2.159,77
2026-09-11,GIPUZKOA,diesel,1.589,1.866,1.989,144
2026-09-11,GIPUZKOA,dieselPlus,1.689,1.965,2.084,80
2026-09-11,HUELVA,g95,1.642,1.9,2.019,136
2026-09-11,HUELVA,g98,1.848,2.071,2.165,47
2026-09-11,HUELVA,diesel,1.671,1.871,2.249,141
2026-09-11,HUELVA,dieselPlus,1.73,1.968,2.089,60
2026-09-11,HUESCA,g95,1.589,1.87,1.998,112
2026-09-11,HUESCA,g98,1.819,2.043,2.118,52
2026-09-11,HUESCA,diesel,1.625,1.836,1.98,122
2026-09-11,HUESCA,dieselPlus,1.698,1.938,2.099,57
2026-09-11,JAÉN,g95,1.627,1.863,1.979,208
2026-09-11,JAÉN,g98,1.799,2.048,2.299,80
2026-09-11,JAÉN,diesel,1.699,1.865,1.979,212
2026-09-11,JAÉN,dieselPlus,1.749,1.954,2.109,101
2026-09-11,LEÓN,g95,1.729,1.892,1.989,159
2026-09-11,LEÓN,diesel,1.699,1.873,1.959,165
2026-09-11,LEÓN,dieselPlus,1.769,1.948,2.039,114
2026-09-11,LEÓN,g98,1.829,2.04,2.139,95
2026-09-11,LLEIDA,g95,1.4,1.81,2.019,165
2026-09-11,LLEIDA,diesel,1.53,1.779,1.969,181
2026-09-11,LLEIDA,dieselPlus,1.662,1.884,2.049,79
2026-09-11,LLEIDA,g98,1.73,1.995,2.175,78
2026-09-11,RIOJA (LA),g95,1.589,1.865,1.995,80
2026-09-11,RIOJA (LA),diesel,1.634,1.831,1.959,82
2026-09-11,RIOJA (LA),dieselPlus,1.694,1.928,2.035,38
2026-09-11,RIOJA (LA),g98,1.889,2.054,2.139,36
2026-09-11,LUGO,g95,1.699,1.907,2.079,126
2026-09-11,LUGO,diesel,1.699,1.872,1.964,128
2026-09-11,LUGO,dieselPlus,1.799,1.969,2.099,65
2026-09-11,LUGO,g98,1.849,2.062,2.135,59
2026-09-11,MADRID,g95,1.599,1.883,2.089,856
2026-09-11,MADRID,g98,1.755,2.071,2.239,412
2026-09-11,MADRID,diesel,1.649,1.849,2.059,863
2026-09-11,MADRID,dieselPlus,1.659,1.933,2.139,456
2026-09-11,MÁLAGA,g95,1.629,1.906,2.099,304
2026-09-11,MÁLAGA,diesel,1.619,1.873,2.149,307
2026-09-11,MÁLAGA,dieselPlus,1.749,1.966,2.115,209
2026-09-11,MÁLAGA,g98,1.819,2.08,2.169,164
2026-09-11,MURCIA,g95,1.648,1.851,2.224,430
2026-09-11,MURCIA,diesel,1.638,1.817,2.249,452
2026-09-11,MURCIA,dieselPlus,1.649,1.89,2.069,233
2026-09-11,MURCIA,g98,1.728,2.013,2.239,235
2026-09-11,NAVARRA,g95,1.629,1.866,2.039,212
2026-09-11,NAVARRA,diesel,1.609,1.8,1.974,237
2026-09-11,NAVARRA,dieselPlus,1.688,1.901,2.064,96
2026-09-11,NAVARRA,g98,1.889,2.068,2.149,61
2026-09-11,OURENSE,g95,1.769,1.912,2.014,88
2026-09-11,OURENSE,g98,1.899,2.036,2.188,62
2026-09-11,OURENSE,diesel,1.745,1.871,1.987,88
2026-09-11,OURENSE,dieselPlus,1.765,1.939,1.999,57
2026-09-11,ASTURIAS,g95,1.687,1.935,2.089,225
2026-09-11,ASTURIAS,diesel,1.717,1.889,1.989,240
2026-09-11,ASTURIAS,dieselPlus,1.759,1.965,2.059,159
2026-09-11,ASTURIAS,g98,1.904,2.082,2.25,141
2026-09-11,PALENCIA,g95,1.737,1.934,1.999,66
2026-09-11,PALENCIA,g98,1.925,2.105,2.169,38
2026-09-11,PALENCIA,diesel,1.72,1.894,1.964,68
2026-09-11,PALENCIA,dieselPlus,1.739,1.984,2.065,45
2026-09-11,PALMAS (LAS),g95,1.319,1.459,1.589,255
2026-09-11,PALMAS (LAS),g98,1.387,1.593,1.719,225
2026-09-11,PALMAS (LAS),diesel,1.437,1.571,1.78,255
2026-09-11,PALMAS (LAS),dieselPlus,1.498,1.676,1.749,155
2026-09-11,PONTEVEDRA,g95,1.699,1.891,2.059,224
2026-09-11,PONTEVEDRA,diesel,1.698,1.859,1.979,225
2026-09-11,PONTEVEDRA,dieselPlus,1.739,1.958,2.099,143
2026-09-11,PONTEVEDRA,g98,1.799,2.053,2.279,135
2026-09-11,SALAMANCA,g95,1.76,1.888,1.999,105
2026-09-11,SALAMANCA,diesel,1.719,1.84,1.989,109
2026-09-11,SALAMANCA,dieselPlus,1.785,1.935,2.049,63
2026-09-11,SALAMANCA,g98,1.874,2.044,2.129,51
2026-09-11,SANTA CRUZ DE TENERIFE,g95,1.34,1.521,1.763,242
2026-09-11,SANTA CRUZ DE TENERIFE,g98,1.449,1.65,1.889,227
2026-09-11,SANTA CRUZ DE TENERIFE,diesel,1.469,1.632,1.881,241
2026-09-11,SANTA CRUZ DE TENERIFE,dieselPlus,1.499,1.731,1.919,129
2026-09-11,CANTABRIA,g95,1.7,1.902,2.029,166
2026-09-11,CANTABRIA,g98,1.859,2.059,2.199,86
2026-09-11,CANTABRIA,diesel,1.67,1.853,1.965,168
2026-09-11,CANTABRIA,dieselPlus,1.697,1.907,2.079,82
2026-09-11,SEGOVIA,g95,1.689,1.899,2.004,75
2026-09-11,SEGOVIA,diesel,1.699,1.854,1.959,76
2026-09-11,SEGOVIA,dieselPlus,1.749,1.937,2.044,43
2026-09-11,SEGOVIA,g98,1.879,2.091,2.207,37
2026-09-11,SEVILLA,g95,1.639,1.848,2.034,433
2026-09-11,SEVILLA,diesel,1.619,1.836,2.044,440
2026-09-11,SEVILLA,dieselPlus,1.727,1.944,2.129,232
2026-09-11,SEVILLA,g98,1.759,2.05,2.219,145
2026-09-11,SORIA,g95,1.695,1.884,1.999,42
2026-09-11,SORIA,g98,1.819,2.078,2.159,17
2026-09-11,SORIA,diesel,1.669,1.829,1.939,41
2026-09-11,SORIA,dieselPlus,1.689,1.906,2.019,20
2026-09-11,TARRAGONA,g95,1.465,1.864,2.015,215
2026-09-11,TARRAGONA,diesel,1.6,1.799,1.949,227
2026-09-11,TARRAGONA,g98,1.78,2.049,2.189,123
2026-09-11,TARRAGONA,dieselPlus,1.65,1.911,2.039,122
2026-09-11,TERUEL,g95,1.612,1.87,2.04,63
2026-09-11,TERUEL,diesel,1.631,1.818,1.999,68
2026-09-11,TERUEL,dieselPlus,1.718,1.942,1.999,32
2026-09-11,TERUEL,g98,1.71,2.03,2.169,30
2026-09-11,TOLEDO,g95,1.619,1.883,2.139,240
2026-09-11,TOLEDO,g98,1.777,2.069,2.239,118
2026-09-11,TOLEDO,diesel,1.667,1.848,2.119,243
2026-09-11,TOLEDO,dieselPlus,1.687,1.929,2.164,119
2026-09-11,VALENCIA / VALÈNCIA,g95,1.597,1.84,2.079,619
2026-09-11,VALENCIA / VALÈNCIA,diesel,1.559,1.797,1.999,633
2026-09-11,VALENCIA / VALÈNCIA,g98,1.689,2.05,2.249,278
2026-09-11,VALENCIA / VALÈNCIA,dieselPlus,1.595,1.899,2.09,318
2026-09-11,VALLADOLID,g95,1.689,1.891,2.029,145
2026-09-11,VALLADOLID,diesel,1.637,1.84,1.969,150
2026-09-11,VALLADOLID,dieselPlus,1.647,1.933,2.059,77
2026-09-11,VALLADOLID,g98,1.859,2.115,2.185,69
2026-09-11,BIZKAIA,g95,1.719,1.899,2.029,126
2026-09-11,BIZKAIA,g98,1.809,2.06,2.155,68
2026-09-11,BIZKAIA,diesel,1.619,1.847,2.004,127
2026-09-11,BIZKAIA,dieselPlus,1.669,1.888,2.079,45
2026-09-11,ZAMORA,g95,1.679,1.899,1.999,78
2026-09-11,ZAMORA,g98,1.889,2.065,2.169,44
2026-09-11,ZAMORA,diesel,1.669,1.854,1.988,84
2026-09-11,ZAMORA,dieselPlus,1.728,1.961,2.089,49
2026-09-11,ZARAGOZA,g95,1.572,1.872,1.999,220
2026-09-11,ZARAGOZA,g98,1.798,2.06,2.149,95
2026-09-11,ZARAGOZA,diesel,1.627,1.82,1.929,233
2026-09-11,ZARAGOZA,dieselPlus,1.695,1.897,2.029,87
2026-09-11,CEUTA,g95,1.629,1.644,1.649,10
2026-09-11,CEUTA,g98,1.648,1.67,1.679,8
2026-09-11,CEUTA,diesel,1.674,1.68,1.699,10
2026-09-11,CEUTA,dieselPlus,1.719,1.732,1.739,4
2026-09-11,MELILLA,g95,1.475,1.489,1.494,12
2026-09-11,MELILLA,diesel,1.465,1.473,1.477,12
2026-09-11,MELILLA,dieselPlus,1.517,1.522,1.537,8
2026-09-12,ARABA/ÁLAVA,g95,1.669,1.895,2.039,68
2026-09-12,ARABA/ÁLAVA,diesel,1.627,1.861,2.019,72
2026-09-12,ARABA/ÁLAVA,dieselPlus,1.727,1.942,2.109,36
2026-09-12,ARABA/ÁLAVA,g98,1.799,2.057,2.159,38
2026-09-12,ALBACETE,g95,1.613,1.882,1.999,142
2026-09-12,ALBACETE,diesel,1.499,1.866,2.038,151
2026-09-12,ALBACETE,dieselPlus,1.729,1.984,2.099,68
2026-09-12,ALBACETE,g98,1.799,2.075,2.159,65
2026-09-12,ALICANTE,g95,1.688,1.895,2.049,478
2026-09-12,ALICANTE,diesel,1.598,1.837,1.99,482
2026-09-12,ALICANTE,g98,1.719,2.078,2.239,261
2026-09-12,ALICANTE,dieselPlus,1.689,1.942,2.083,279
2026-09-12,ALMERÍA,g95,1.499,1.83,2.039,216
2026-09-12,ALMERÍA,g98,1.749,2.01,2.199,94
2026-09-12,ALMERÍA,diesel,1.64,1.82,2.019,227
2026-09-12,ALMERÍA,dieselPlus,1.679,1.92,2.089,119
2026-09-12,ÁVILA,g95,1.609,1.908,2.009,71
2026-09-12,ÁVILA,diesel,1.699,1.9,2.009,72
2026-09-12,ÁVILA,dieselPlus,1.809,1.994,2.129,46
2026-09-12,ÁVILA,g98,1.667,2.03,2.159,34
2026-09-12,BADAJOZ,diesel,1.679,1.839,2.159,273
2026-09-12,BADAJOZ,g95,1.639,1.86,2.219,240
2026-09-12,BADAJOZ,dieselPlus,1.695,1.938,2.239,127
2026-09-12,BADAJOZ,g98,1.799,2.06,2.359,66
2026-09-12,BALEARS (ILLES),g95,1.769,1.99,2.299,215
2026-09-12,BALEARS (ILLES),diesel,1.779,1.957,2.149,215
2026-09-12,BALEARS (ILLES),dieselPlus,1.819,2.034,2.179,101
2026-09-12,BALEARS (ILLES),g98,1.999,2.131,2.229,126
2026-09-12,BARCELONA,g95,1.459,1.845,2.044,772
2026-09-12,BARCELONA,diesel,1.599,1.829,2.034,782
2026-09-12,BARCELONA,dieselPlus,1.639,1.908,2.109,392
2026-09-12,BARCELONA,g98,1.746,2.018,2.19,438
2026-09-12,BURGOS,g95,1.669,1.916,2.059,133
2026-09-12,BURGOS,g98,1.839,2.095,2.169,57
2026-09-12,BURGOS,diesel,1.667,1.848,1.998,138
2026-09-12,BURGOS,dieselPlus,1.685,1.919,2.035,77
2026-09-12,CÁCERES,g95,1.679,1.906,2.089,145
2026-09-12,CÁCERES,diesel,1.65,1.895,2.059,157
2026-09-12,CÁCERES,g98,1.939,2.093,2.269,46
2026-09-12,CÁCERES,dieselPlus,1.719,1.994,2.129,79
2026-09-12,CÁDIZ,g95,1.739,1.905,2.029,287
2026-09-12,CÁDIZ,g98,1.859,2.085,2.169,116
2026-09-12,CÁDIZ,diesel,1.698,1.851,1.989,291
2026-09-12,CÁDIZ,dieselPlus,1.729,1.942,2.069,176
2026-09-12,CASTELLÓN / CASTELLÓ,g95,1.529,1.854,2.099,190
2026-09-12,CASTELLÓN / CASTELLÓ,diesel,1.599,1.842,2.074,192
2026-09-12,CASTELLÓN / CASTELLÓ,dieselPlus,1.627,1.965,2.085,98
2026-09-12,CASTELLÓN / CASTELLÓ,g98,1.699,2.041,2.189,76
2026-09-12,CIUDAD REAL,g95,1.589,1.859,2.059,193
2026-09-12,CIUDAD REAL,g98,1.699,2.049,2.245,71
2026-09-12,CIUDAD REAL,diesel,1.579,1.836,1.979,213
2026-09-12,CIUDAD REAL,dieselPlus,1.687,1.935,2.069,62
2026-09-12,CÓRDOBA,g95,1.639,1.858,1.979,204
2026-09-12,CÓRDOBA,diesel,1.659,1.863,1.995,209
2026-09-12,CÓRDOBA,g98,1.729,2.006,2.125,67
2026-09-12,CÓRDOBA,dieselPlus,1.728,1.943,2.099,103
2026-09-12,CORUÑA (A),g95,1.705,1.911,2.029,282
2026-09-12,CORUÑA (A),diesel,1.659,1.868,1.999,285
2026-09-12,CORUÑA (A),g98,1.809,2.055,2.219,170
2026-09-12,CORUÑA (A),dieselPlus,1.719,1.943,2.148,165
2026-09-12,CUENCA,g95,1.679,1.908,2.059,107
2026-09-12,CUENCA,diesel,1.665,1.872,2.054,118
2026-09-12,CUENCA,dieselPlus,1.694,1.998,2.129,56
2026-09-12,CUENCA,g98,1.799,2.075,2.195,40
2026-09-12,GIRONA,g95,1.618,1.879,2.109,259
2026-09-12,GIRONA,g98,1.799,2.051,2.289,157
2026-09-12,GIRONA,diesel,1.622,1.829,2.069,269
2026-09-12,GIRONA,dieselPlus,1.669,1.943,2.189,150
2026-09-12,GRANADA,g95,1.657,1.864,1.999,279
2026-09-12,GRANADA,diesel,1.655,1.83,1.99,283
2026-09-12,GRANADA,g98,1.799,2.053,2.167,151
2026-09-12,GRANADA,dieselPlus,1.669,1.938,2.052,171
2026-09-12,GUADALAJARA,g95,1.599,1.9,2.034,87
2026-09-12,GUADALAJARA,diesel,1.669,1.875,2.004,89
2026-09-12,GUADALAJARA,g98,1.799,2.084,2.179,44
2026-09-12,GUADALAJARA,dieselPlus,1.719,1.946,2.079,44
2026-09-12,GIPUZKOA,g95,1.656,1.914,2.009,131
2026-09-12,GIPUZKOA,g98,1.899,2.081,2.165,77
2026-09-12,GIPUZKOA,diesel,1.589,1.883,1.994,144
2026-09-12,GIPUZKOA,dieselPlus,1.689,1.98,2.099,80
2026-09-12,HUELVA,g95,1.642,1.911,2.029,136
2026-09-12,HUELVA,g98,1.848,2.077,2.185,47
2026-09-12,HUELVA,diesel,1.671,1.888,2.249,141
2026-09-12,HUELVA,dieselPlus,1.73,1.985,2.089,60
2026-09-12,HUESCA,g95,1.589,1.879,2.089,112
2026-09-12,HUESCA,g98,1.819,2.055,2.159,52
2026-09-12,HUESCA,diesel,1.625,1.852,2.019,122
2026-09-12,HUESCA,dieselPlus,1.698,1.954,2.099,57
2026-09-12,JAÉN,g95,1.627,1.872,1.999,208
2026-09-12,JAÉN,g98,1.799,2.058,2.299,80
2026-09-12,JAÉN,diesel,1.699,1.877,2.009,212
2026-09-12,JAÉN,dieselPlus,1.749,1.966,2.159,101
2026-09-12,LEÓN,g95,1.739,1.901,1.989,159
2026-09-12,LEÓN,diesel,1.699,1.893,1.994,165
2026-09-12,LEÓN,dieselPlus,1.769,1.966,2.059,114
2026-09-12,LEÓN,g98,1.829,2.047,2.139,95
2026-09-12,LLEIDA,g95,1.4,1.817,2.019,164
2026-09-12,LLEIDA,diesel,1.53,1.788,2.021,180
2026-09-12,LLEIDA,dieselPlus,1.662,1.893,2.049,79
2026-09-12,LLEIDA,g98,1.73,2.001,2.195,78
2026-09-12,RIOJA (LA),g95,1.589,1.873,1.995,80
2026-09-12,RIOJA (LA),diesel,1.634,1.846,1.964,82
2026-09-12,RIOJA (LA),dieselPlus,1.694,1.941,2.035,38
2026-09-12,RIOJA (LA),g98,1.889,2.063,2.159,36
2026-09-12,LUGO,g95,1.699,1.915,2.079,126
2026-09-12,LUGO,diesel,1.699,1.887,1.984,128
2026-09-12,LUGO,dieselPlus,1.799,1.983,2.099,65
2026-09-12,LUGO,g98,1.849,2.069,2.149,59
2026-09-12,MADRID,g95,1.599,1.891,2.109,856
2026-09-12,MADRID,g98,1.755,2.081,2.239,412
2026-09-12,MADRID,diesel,1.649,1.864,2.099,863
2026-09-12,MADRID,dieselPlus,1.659,1.948,2.159,456
2026-09-12,MÁLAGA,g95,1.629,1.912,2.099,303
2026-09-12,MÁLAGA,diesel,1.619,1.886,2.149,306
2026-09-12,MÁLAGA,dieselPlus,1.749,1.979,2.109,208
2026-09-12,MÁLAGA,g98,1.819,2.085,2.149,163
2026-09-12,MURCIA,g95,1.648,1.859,2.224,430
2026-09-12,MURCIA,diesel,1.638,1.83,2.249,452
2026-09-12,MURCIA,dieselPlus,1.649,1.9,2.069,233
2026-09-12,MURCIA,g98,1.728,2.022,2.239,235
2026-09-12,NAVARRA,g95,1.629,1.872,2.039,212
2026-09-12,NAVARRA,diesel,1.609,1.81,1.974,237
2026-09-12,NAVARRA,dieselPlus,1.688,1.916,2.059,96
2026-09-12,NAVARRA,g98,1.889,2.078,2.155,61
2026-09-12,OURENSE,g95,1.769,1.92,2.014,88
2026-09-12,OURENSE,g98,1.899,2.045,2.188,62
2026-09-12,OURENSE,diesel,1.745,1.888,1.987,88
2026-09-12,OURENSE,dieselPlus,1.765,1.957,2.039,57
2026-09-12,ASTURIAS,g95,1.687,1.94,2.089,225
2026-09-12,ASTURIAS,diesel,1.717,1.905,2.03,240
2026-09-12,ASTURIAS,dieselPlus,1.759,1.981,2.095,159
2026-09-12,ASTURIAS,g98,1.909,2.085,2.25,141
2026-09-12,PALENCIA,g95,1.737,1.947,2.019,66
2026-09-12,PALENCIA,g98,1.925,2.119,2.189,38
2026-09-12,PALENCIA,diesel,1.72,1.913,2.009,68
2026-09-12,PALENCIA,dieselPlus,1.789,2.005,2.089,45
2026-09-12,PALMAS (LAS),g95,1.319,1.461,1.589,255
2026-09-12,PALMAS (LAS),g98,1.387,1.596,1.719,225
2026-09-12,PALMAS (LAS),diesel,1.437,1.574,1.78,255
2026-09-12,PALMAS (LAS),dieselPlus,1.498,1.678,1.779,155
2026-09-12,PONTEVEDRA,g95,1.699,1.899,2.059,224
2026-09-12,PONTEVEDRA,diesel,1.698,1.875,1.999,225
2026-09-12,PONTEVEDRA,dieselPlus,1.739,1.973,2.099,143
2026-09-12,PONTEVEDRA,g98,1.799,2.061,2.279,135
2026-09-12,SALAMANCA,g95,1.76,1.897,1.999,105
2026-09-12,SALAMANCA,diesel,1.719,1.856,1.989,109
2026-09-12,SALAMANCA,dieselPlus,1.785,1.952,2.099,63
2026-09-12,SALAMANCA,g98,1.874,2.05,2.129,51
2026-09-12,SANTA CRUZ DE TENERIFE,g95,1.34,1.522,1.763,242
2026-09-12,SANTA CRUZ DE TENERIFE,g98,1.45,1.652,1.889,227
2026-09-12,SANTA CRUZ DE TENERIFE,diesel,1.469,1.634,1.881,241
2026-09-12,SANTA CRUZ DE TENERIFE,dieselPlus,1.499,1.736,1.919,129
2026-09-12,CANTABRIA,g95,1.694,1.91,2.029,167
2026-09-12,CANTABRIA,g98,1.859,2.068,2.199,86
2026-09-12,CANTABRIA,diesel,1.687,1.868,2.004,168
2026-09-12,CANTABRIA,dieselPlus,1.697,1.916,2.079,82
2026-09-12,SEGOVIA,g95,1.689,1.903,2.015,75
2026-09-12,SEGOVIA,diesel,1.699,1.862,1.985,76
2026-09-12,SEGOVIA,dieselPlus,1.749,1.943,2.069,43
2026-09-12,SEGOVIA,g98,1.879,2.091,2.207,37
2026-09-12,SEVILLA,g95,1.639,1.854,2.077,434
2026-09-12,SEVILLA,diesel,1.619,1.845,2.044,441
2026-09-12,SEVILLA,dieselPlus,1.727,1.956,2.189,232
2026-09-12,SEVILLA,g98,1.759,2.054,2.219,145
2026-09-12,SORIA,g95,1.695,1.889,2.015,42
2026-09-12,SORIA,g98,1.819,2.084,2.175,17
2026-09-12,SORIA,diesel,1.669,1.844,1.979,41
2026-09-12,SORIA,dieselPlus,1.689,1.916,2.019,20
2026-09-12,TARRAGONA,g95,1.465,1.872,2.035,215
2026-09-12,TARRAGONA,diesel,1.6,1.814,1.984,227
2026-09-12,TARRAGONA,g98,1.78,2.056,2.189,123
2026-09-12,TARRAGONA,dieselPlus,1.65,1.925,2.069,122
2026-09-12,TERUEL,g95,1.686,1.882,2.04,63
2026-09-12,TERUEL,diesel,1.631,1.834,1.999,68
2026-09-12,TERUEL,dieselPlus,1.712,1.959,2.039,32
2026-09-12,TERUEL,g98,1.71,2.038,2.199,30
2026-09-12,TOLEDO,g95,1.619,1.89,2.139,240
2026-09-12,TOLEDO,g98,1.777,2.075,2.239,118
2026-09-12,TOLEDO,diesel,1.689,1.862,2.119,243
2026-09-12,TOLEDO,dieselPlus,1.699,1.939,2.164,119
2026-09-12,VALENCIA / VALÈNCIA,g95,1.597,1.846,2.079,620
2026-09-12,VALENCIA / VALÈNCIA,diesel,1.559,1.807,2.035,634
2026-09-12,VALENCIA / VALÈNCIA,g98,1.689,2.054,2.249,278
2026-09-12,VALENCIA / VALÈNCIA,dieselPlus,1.595,1.91,2.09,318
2026-09-12,VALLADOLID,g95,1.689,1.898,2.055,145
2026-09-12,VALLADOLID,diesel,1.637,1.856,1.999,150
2026-09-12,VALLADOLID,dieselPlus,1.647,1.95,2.099,77
2026-09-12,VALLADOLID,g98,1.859,2.123,2.195,69
2026-09-12,BIZKAIA,g95,1.719,1.907,2.029,126
2026-09-12,BIZKAIA,g98,1.809,2.072,2.169,68
2026-09-12,BIZKAIA,diesel,1.619,1.861,2.004,127
2026-09-12,BIZKAIA,dieselPlus,1.689,1.889,2.079,45
2026-09-12,ZAMORA,g95,1.679,1.909,2.059,78
2026-09-12,ZAMORA,g98,1.889,2.074,2.199,44
2026-09-12,ZAMORA,diesel,1.669,1.873,1.999,84
2026-09-12,ZAMORA,dieselPlus,1.747,1.982,2.129,49
2026-09-12,ZARAGOZA,g95,1.572,1.881,1.999,220
2026-09-12,ZARAGOZA,g98,1.798,2.069,2.159,95
2026-09-12,ZARAGOZA,diesel,1.627,1.836,1.959,233
2026-09-12,ZARAGOZA,dieselPlus,1.695,1.907,2.039,87
2026-09-12,CEUTA,g95,1.644,1.65,1.669,10
2026-09-12,CEUTA,g98,1.648,1.677,1.699,8
2026-09-12,CEUTA,diesel,1.674,1.68,1.699,10
2026-09-12,CEUTA,dieselPlus,1.719,1.732,1.739,4
2026-09-12,MELILLA,g95,1.484,1.492,1.494,12
2026-09-12,MELILLA,diesel,1.465,1.476,1.477,12
2026-09-12,MELILLA,dieselPlus,1.517,1.522,1.537,8
2026-09-13,ARABA/ÁLAVA,g95,1.693,1.902,2.045,68
2026-09-13,ARABA/ÁLAVA,diesel,1.667,1.868,2.019,72
2026-09-13,ARABA/ÁLAVA,dieselPlus,1.729,1.947,2.109,36
2026-09-13,ARABA/ÁLAVA,g98,1.799,2.066,2.189,38
2026-09-13,ALBACETE,g95,1.613,1.891,2.029,142
2026-09-13,ALBACETE,diesel,1.499,1.873,2.038,151
2026-09-13,ALBACETE,dieselPlus,1.729,1.992,2.099,68
2026-09-13,ALBACETE,g98,1.799,2.09,2.165,65
2026-09-13,ALICANTE,g95,1.688,1.899,2.059,478
2026-09-13,ALICANTE,diesel,1.598,1.841,1.999,482
2026-09-13,ALICANTE,g98,1.719,2.083,2.239,261
2026-09-13,ALICANTE,dieselPlus,1.689,1.946,2.083,279
2026-09-13,ALMERÍA,g95,1.499,1.836,2.069,215
2026-09-13,ALMERÍA,g98,1.749,2.017,2.2,94
2026-09-13,ALMERÍA,diesel,1.64,1.824,2.019,225
2026-09-13,ALMERÍA,dieselPlus,1.679,1.923,2.095,119
2026-09-13,ÁVILA,g95,1.609,1.913,2.009,71
2026-09-13,ÁVILA,diesel,1.699,1.905,2.009,72
2026-09-13,ÁVILA,dieselPlus,1.809,1.997,2.129,46
2026-09-13,ÁVILA,g98,1.667,2.036,2.159,34
2026-09-13,BADAJOZ,diesel,1.679,1.844,2.159,273
2026-09-13,BADAJOZ,g95,1.639,1.866,2.219,240
2026-09-13,BADAJOZ,dieselPlus,1.695,1.942,2.239,127
2026-09-13,BADAJOZ,g98,1.799,2.07,2.359,66
2026-09-13,BALEARS (ILLES),g95,1.789,1.997,2.299,215
2026-09-13,BALEARS (ILLES),diesel,1.779,1.963,2.149,215
2026-09-13,BALEARS (ILLES),dieselPlus,1.819,2.038,2.179,101
2026-09-13,BALEARS (ILLES),g98,1.999,2.138,2.229,126
2026-09-13,BARCELONA,g95,1.459,1.851,2.069,772
2026-09-13,BARCELONA,diesel,1.599,1.834,2.034,782
2026-09-13,BARCELONA,dieselPlus,1.639,1.912,2.109,392
2026-09-13,BARCELONA,g98,1.746,2.025,2.249,438
2026-09-13,BURGOS,g95,1.669,1.921,2.076,133
2026-09-13,BURGOS,g98,1.839,2.102,2.189,57
2026-09-13,BURGOS,diesel,1.667,1.853,1.999,138
2026-09-13,BURGOS,dieselPlus,1.685,1.923,2.035,77
2026-09-13,CÁCERES,g95,1.679,1.912,2.119,145
2026-09-13,CÁCERES,diesel,1.65,1.901,2.059,157
2026-09-13,CÁCERES,g98,1.949,2.104,2.289,46
2026-09-13,CÁCERES,dieselPlus,1.719,2.002,2.139,79
2026-09-13,CÁDIZ,g95,1.739,1.909,2.045,287
2026-09-13,CÁDIZ,g98,1.859,2.092,2.195,116
2026-09-13,CÁDIZ,diesel,1.698,1.855,1.989,291
2026-09-13,CÁDIZ,dieselPlus,1.729,1.946,2.069,176
2026-09-13,CASTELLÓN / CASTELLÓ,g95,1.529,1.858,2.099,190
2026-09-13,CASTELLÓN / CASTELLÓ,diesel,1.599,1.845,2.074,192
2026-09-13,CASTELLÓN / CASTELLÓ,dieselPlus,1.627,1.97,2.105,98
2026-09-13,CASTELLÓN / CASTELLÓ,g98,1.699,2.049,2.189,76
2026-09-13,CIUDAD REAL,g95,1.589,1.865,2.059,193
2026-09-13,CIUDAD REAL,g98,1.699,2.06,2.245,71
2026-09-13,CIUDAD REAL,diesel,1.579,1.843,1.979,213
2026-09-13,CIUDAD REAL,dieselPlus,1.687,1.937,2.069,62
2026-09-13,CÓRDOBA,g95,1.639,1.865,1.995,204
2026-09-13,CÓRDOBA,diesel,1.659,1.869,2.019,209
2026-09-13,CÓRDOBA,g98,1.729,2.014,2.145,67
2026-09-13,CÓRDOBA,dieselPlus,1.728,1.949,2.119,103
2026-09-13,CORUÑA (A),g95,1.705,1.916,2.069,282
2026-09-13,CORUÑA (A),diesel,1.659,1.872,1.999,285
2026-09-13,CORUÑA (A),g98,1.809,2.06,2.269,170
2026-09-13,CORUÑA (A),dieselPlus,1.719,1.946,2.148,165
2026-09-13,CUENCA,g95,1.679,1.913,2.059,107
2026-09-13,CUENCA,diesel,1.665,1.876,2.054,118
2026-09-13,CUENCA,dieselPlus,1.694,2.004,2.129,56
2026-09-13,CUENCA,g98,1.799,2.083,2.195,40
2026-09-13,GIRONA,g95,1.619,1.883,2.109,259
2026-09-13,GIRONA,g98,1.699,2.056,2.289,157
2026-09-13,GIRONA,diesel,1.622,1.833,2.069,269
2026-09-13,GIRONA,dieselPlus,1.669,1.949,2.189,150
2026-09-13,GRANADA,g95,1.657,1.871,2.029,279
2026-09-13,GRANADA,diesel,1.655,1.837,1.999,283
2026-09-13,GRANADA,g98,1.799,2.064,2.179,151
2026-09-13,GRANADA,dieselPlus,1.669,1.947,2.119,171
2026-09-13,GUADALAJARA,g95,1.599,1.909,2.039,87
2026-09-13,GUADALAJARA,diesel,1.669,1.884,2.004,89
2026-09-13,GUADALAJARA,g98,1.799,2.094,2.199,44
2026-09-13,GUADALAJARA,dieselPlus,1.719,1.952,2.079,44
2026-09-13,GIPUZKOA,g95,1.679,1.922,2.035,131
2026-09-13,GIPUZKOA,g98,1.899,2.09,2.179,77
2026-09-13,GIPUZKOA,diesel,1.609,1.889,2.009,144
2026-09-13,GIPUZKOA,dieselPlus,1.726,1.985,2.099,80
2026-09-13,HUELVA,g95,1.642,1.917,2.039,136
2026-09-13,HUELVA,g98,1.848,2.085,2.199,47
2026-09-13,HUELVA,diesel,1.671,1.895,2.249,141
2026-09-13,HUELVA,dieselPlus,1.736,1.991,2.089,60
2026-09-13,HUESCA,g95,1.589,1.886,2.089,112
2026-09-13,HUESCA,g98,1.819,2.066,2.159,52
2026-09-13,HUESCA,diesel,1.625,1.857,2.019,122
2026-09-13,HUESCA,dieselPlus,1.698,1.959,2.115,57
2026-09-13,JAÉN,g95,1.627,1.878,2.009,208
2026-09-13,JAÉN,g98,1.799,2.066,2.299,80
2026-09-13,JAÉN,diesel,1.699,1.882,2.029,212
2026-09-13,JAÉN,dieselPlus,1.749,1.969,2.159,101
2026-09-13,LEÓN,g95,1.739,1.908,2.005,159
2026-09-13,LEÓN,diesel,1.699,1.901,2.019,165
2026-09-13,LEÓN,dieselPlus,1.769,1.974,2.069,114
2026-09-13,LEÓN,g98,1.829,2.057,2.165,95
2026-09-13,LLEIDA,g95,1.4,1.822,2.019,164
2026-09-13,LLEIDA,diesel,1.53,1.792,2.021,180
2026-09-13,LLEIDA,dieselPlus,1.662,1.899,2.049,79
2026-09-13,LLEIDA,g98,1.73,2.008,2.195,78
2026-09-13,RIOJA (LA),g95,1.589,1.88,1.995,80
2026-09-13,RIOJA (LA),diesel,1.638,1.853,1.989,82
2026-09-13,RIOJA (LA),dieselPlus,1.698,1.95,2.055,38
2026-09-13,RIOJA (LA),g98,1.889,2.074,2.159,36
2026-09-13,LUGO,g95,1.699,1.923,2.079,126
2026-09-13,LUGO,diesel,1.699,1.896,1.999,128
2026-09-13,LUGO,dieselPlus,1.799,1.991,2.095,65
2026-09-13,LUGO,g98,1.849,2.081,2.175,59
2026-09-13,MADRID,g95,1.599,1.896,2.109,856
2026-09-13,MADRID,g98,1.755,2.088,2.239,412
2026-09-13,MADRID,diesel,1.649,1.87,2.099,863
2026-09-13,MADRID,dieselPlus,1.659,1.951,2.159,456
2026-09-13,MÁLAGA,g95,1.629,1.916,2.099,303
2026-09-13,MÁLAGA,diesel,1.619,1.89,2.149,306
2026-09-13,MÁLAGA,dieselPlus,1.749,1.984,2.124,208
2026-09-13,MÁLAGA,g98,1.819,2.091,2.169,163
2026-09-13,MURCIA,g95,1.648,1.863,2.224,430
2026-09-13,MURCIA,diesel,1.638,1.835,2.249,452
2026-09-13,MURCIA,dieselPlus,1.649,1.903,2.069,233
2026-09-13,MURCIA,g98,1.728,2.028,2.239,235
2026-09-13,NAVARRA,g95,1.649,1.877,2.039,212
2026-09-13,NAVARRA,diesel,1.609,1.815,1.974,237
2026-09-13,NAVARRA,dieselPlus,1.688,1.922,2.059,96
2026-09-13,NAVARRA,g98,1.889,2.087,2.175,61
2026-09-13,OURENSE,g95,1.769,1.928,2.019,88
2026-09-13,OURENSE,g98,1.899,2.054,2.188,62
2026-09-13,OURENSE,diesel,1.745,1.899,1.987,88
2026-09-13,OURENSE,dieselPlus,1.765,1.966,2.055,57
2026-09-13,ASTURIAS,g95,1.687,1.947,2.089,225
2026-09-13,ASTURIAS,diesel,1.719,1.912,2.03,240
2026-09-13,ASTURIAS,dieselPlus,1.759,1.988,2.119,159
2026-09-13,ASTURIAS,g98,1.929,2.092,2.25,141
2026-09-13,PALENCIA,g95,1.737,1.954,2.039,66
2026-09-13,PALENCIA,g98,1.925,2.128,2.199,38
2026-09-13,PALENCIA,diesel,1.72,1.921,2.009,68
2026-09-13,PALENCIA,dieselPlus,1.789,2.014,2.109,45
2026-09-13,PALMAS (LAS),g95,1.319,1.462,1.589,255
2026-09-13,PALMAS (LAS),g98,1.387,1.597,1.719,225
2026-09-13,PALMAS (LAS),diesel,1.437,1.576,1.78,255
2026-09-13,PALMAS (LAS),dieselPlus,1.498,1.678,1.779,155
2026-09-13,PONTEVEDRA,g95,1.699,1.907,2.079,224
2026-09-13,PONTEVEDRA,diesel,1.698,1.881,1.999,225
2026-09-13,PONTEVEDRA,dieselPlus,1.739,1.982,2.099,143
2026-09-13,PONTEVEDRA,g98,1.799,2.072,2.279,135
2026-09-13,SALAMANCA,g95,1.76,1.908,1.999,105
2026-09-13,SALAMANCA,diesel,1.719,1.866,1.989,109
2026-09-13,SALAMANCA,dieselPlus,1.785,1.964,2.059,63
2026-09-13,SALAMANCA,g98,1.874,2.067,2.149,51
2026-09-13,SANTA CRUZ DE TENERIFE,g95,1.34,1.523,1.763,242
2026-09-13,SANTA CRUZ DE TENERIFE,g98,1.45,1.652,1.889,227
2026-09-13,SANTA CRUZ DE TENERIFE,diesel,1.469,1.636,1.881,241
2026-09-13,SANTA CRUZ DE TENERIFE,dieselPlus,1.499,1.736,1.919,129
2026-09-13,CANTABRIA,g95,1.694,1.916,2.045,167
2026-09-13,CANTABRIA,g98,1.859,2.08,2.199,86
2026-09-13,CANTABRIA,diesel,1.687,1.875,2.019,168
2026-09-13,CANTABRIA,dieselPlus,1.697,1.92,2.079,82
2026-09-13,SEGOVIA,g95,1.689,1.909,2.039,75
2026-09-13,SEGOVIA,diesel,1.699,1.868,2.009,76
2026-09-13,SEGOVIA,dieselPlus,1.749,1.947,2.079,43
2026-09-13,SEGOVIA,g98,1.879,2.099,2.209,37
2026-09-13,SEVILLA,g95,1.639,1.858,2.077,434
2026-09-13,SEVILLA,diesel,1.619,1.849,2.044,441
2026-09-13,SEVILLA,dieselPlus,1.727,1.961,2.189,232
2026-09-13,SEVILLA,g98,1.759,2.061,2.219,145
2026-09-13,SORIA,g95,1.695,1.896,2.035,42
2026-09-13,SORIA,g98,1.819,2.097,2.195,17
2026-09-13,SORIA,diesel,1.669,1.853,1.979,41
2026-09-13,SORIA,dieselPlus,1.689,1.925,2.059,20
2026-09-13,TARRAGONA,g95,1.465,1.879,2.035,215
2026-09-13,TARRAGONA,diesel,1.6,1.82,1.999,227
2026-09-13,TARRAGONA,g98,1.78,2.065,2.189,123
2026-09-13,TARRAGONA,dieselPlus,1.65,1.931,2.069,122
2026-09-13,TERUEL,g95,1.686,1.887,2.04,63
2026-09-13,TERUEL,diesel,1.631,1.839,1.999,68
2026-09-13,TERUEL,dieselPlus,1.712,1.964,2.045,32
2026-09-13,TERUEL,g98,1.71,2.044,2.199,30
2026-09-13,TOLEDO,g95,1.657,1.897,2.169,240
2026-09-13,TOLEDO,g98,1.777,2.084,2.259,118
2026-09-13,TOLEDO,diesel,1.689,1.87,2.164,243
2026-09-13,TOLEDO,dieselPlus,1.713,1.946,2.209,119
2026-09-13,VALENCIA / VALÈNCIA,g95,1.597,1.85,2.079,620
2026-09-13,VALENCIA / VALÈNCIA,diesel,1.559,1.811,2.035,634
2026-09-13,VALENCIA / VALÈNCIA,g98,1.689,2.06,2.249,278
2026-09-13,VALENCIA / VALÈNCIA,dieselPlus,1.595,1.915,2.09,318
2026-09-13,VALLADOLID,g95,1.689,1.904,2.055,145
2026-09-13,VALLADOLID,diesel,1.637,1.862,2.025,150
2026-09-13,VALLADOLID,dieselPlus,1.647,1.955,2.099,77
2026-09-13,VALLADOLID,g98,1.859,2.134,2.209,69
2026-09-13,BIZKAIA,g95,1.719,1.914,2.029,126
2026-09-13,BIZKAIA,g98,1.809,2.08,2.185,68
2026-09-13,BIZKAIA,diesel,1.649,1.866,2.004,127
2026-09-13,BIZKAIA,dieselPlus,1.689,1.892,2.079,45
2026-09-13,ZAMORA,g95,1.679,1.917,2.059,78
2026-09-13,ZAMORA,g98,1.889,2.084,2.199,44
2026-09-13,ZAMORA,diesel,1.669,1.88,1.999,84
2026-09-13,ZAMORA,dieselPlus,1.747,1.99,2.129,49
2026-09-13,ZARAGOZA,g95,1.572,1.887,2.019,220
2026-09-13,ZARAGOZA,g98,1.798,2.079,2.189,95
2026-09-13,ZARAGOZA,diesel,1.627,1.842,1.969,233
2026-09-13,ZARAGOZA,dieselPlus,1.695,1.908,2.049,87
2026-09-13,CEUTA,g95,1.644,1.659,1.699,10
2026-09-13,CEUTA,g98,1.648,1.688,1.729,8
2026-09-13,CEUTA,diesel,1.674,1.68,1.699,10
2026-09-13,CEUTA,dieselPlus,1.719,1.732,1.739,4
2026-09-13,MELILLA,g95,1.489,1.492,1.494,12
2026-09-13,MELILLA,diesel,1.475,1.476,1.477,12
2026-09-13,MELILLA,dieselPlus,1.517,1.522,1.537,8
2026-09-14,ARABA/ÁLAVA,g95,1.693,1.909,2.089,67
2026-09-14,ARABA/ÁLAVA,diesel,1.667,1.877,2.019,71
2026-09-14,ARABA/ÁLAVA,dieselPlus,1.739,1.959,2.119,35
2026-09-14,ARABA/ÁLAVA,g98,1.799,2.073,2.189,37
2026-09-14,ALBACETE,g95,1.613,1.904,2.049,142
2026-09-14,ALBACETE,diesel,1.499,1.886,2.049,151
2026-09-14,ALBACETE,dieselPlus,1.749,2.003,2.119,68
2026-09-14,ALBACETE,g98,1.799,2.096,2.199,65
2026-09-14,ALICANTE,g95,1.699,1.912,2.064,478
2026-09-14,ALICANTE,diesel,1.669,1.86,1.999,482
2026-09-14,ALICANTE,g98,1.729,2.095,2.249,261
2026-09-14,ALICANTE,dieselPlus,1.729,1.966,2.169,279
2026-09-14,ALMERÍA,g95,1.499,1.853,2.069,215
2026-09-14,ALMERÍA,g98,1.822,2.035,2.2,93
2026-09-14,ALMERÍA,diesel,1.64,1.841,2.019,225
2026-09-14,ALMERÍA,dieselPlus,1.705,1.944,2.099,119
2026-09-14,ÁVILA,g95,1.609,1.924,2.009,71
2026-09-14,ÁVILA,diesel,1.699,1.919,2.009,72
2026-09-14,ÁVILA,dieselPlus,1.839,2.012,2.129,46
2026-09-14,ÁVILA,g98,1.667,2.042,2.169,34
2026-09-14,BADAJOZ,diesel,1.679,1.863,2.159,275
2026-09-14,BADAJOZ,g95,1.679,1.884,2.219,241
2026-09-14,BADAJOZ,dieselPlus,1.695,1.963,2.239,128
2026-09-14,BADAJOZ,g98,1.799,2.087,2.359,66
2026-09-14,BALEARS (ILLES),g95,1.779,2.007,2.369,215
2026-09-14,BALEARS (ILLES),diesel,1.769,1.978,2.269,215
2026-09-14,BALEARS (ILLES),dieselPlus,1.839,2.052,2.194,101
2026-09-14,BALEARS (ILLES),g98,1.999,2.143,2.249,126
2026-09-14,BARCELONA,g95,1.459,1.865,2.079,772
2026-09-14,BARCELONA,diesel,1.615,1.853,2.049,782
2026-09-14,BARCELONA,dieselPlus,1.669,1.931,2.109,392
2026-09-14,BARCELONA,g98,1.743,2.036,2.249,438
2026-09-14,BURGOS,g95,1.699,1.935,2.076,134
2026-09-14,BURGOS,g98,1.85,2.109,2.189,57
2026-09-14,BURGOS,diesel,1.694,1.87,1.999,138
2026-09-14,BURGOS,dieselPlus,1.739,1.943,2.059,77
2026-09-14,CÁCERES,g95,1.679,1.925,2.119,145
2026-09-14,CÁCERES,diesel,1.709,1.916,2.059,157
2026-09-14,CÁCERES,g98,1.949,2.118,2.289,46
2026-09-14,CÁCERES,dieselPlus,1.739,2.022,2.139,79
2026-09-14,CÁDIZ,g95,1.749,1.92,2.069,287
2026-09-14,CÁDIZ,g98,1.879,2.1,2.195,116
2026-09-14,CÁDIZ,diesel,1.709,1.869,1.999,291
2026-09-14,CÁDIZ,dieselPlus,1.749,1.96,2.082,176
2026-09-14,CASTELLÓN / CASTELLÓ,g95,1.629,1.869,2.099,190
2026-09-14,CASTELLÓN / CASTELLÓ,diesel,1.609,1.858,2.074,192
2026-09-14,CASTELLÓN / CASTELLÓ,dieselPlus,1.679,1.982,2.119,98
2026-09-14,CASTELLÓN / CASTELLÓ,g98,1.799,2.064,2.189,76
2026-09-14,CIUDAD REAL,g95,1.589,1.876,1.999,193
2026-09-14,CIUDAD REAL,g98,1.699,2.066,2.245,71
2026-09-14,CIUDAD REAL,diesel,1.579,1.857,1.979,213
2026-09-14,CIUDAD REAL,dieselPlus,1.714,1.952,2.129,62
2026-09-14,CÓRDOBA,g95,1.639,1.879,1.998,204
2026-09-14,CÓRDOBA,diesel,1.679,1.884,2.019,209
2026-09-14,CÓRDOBA,g98,1.795,2.024,2.145,67
2026-09-14,CÓRDOBA,dieselPlus,1.739,1.964,2.119,103
2026-09-14,CORUÑA (A),g95,1.705,1.93,2.069,282
2026-09-14,CORUÑA (A),diesel,1.679,1.889,2.029,285
2026-09-14,CORUÑA (A),g98,1.809,2.076,2.269,170
2026-09-14,CORUÑA (A),dieselPlus,1.739,1.962,2.144,165
2026-09-14,CUENCA,g95,1.679,1.921,2.079,107
2026-09-14,CUENCA,diesel,1.665,1.886,2.069,118
2026-09-14,CUENCA,dieselPlus,1.713,2.014,2.144,56
2026-09-14,CUENCA,g98,1.799,2.085,2.195,40
2026-09-14,GIRONA,g95,1.619,1.893,2.109,260
2026-09-14,GIRONA,g98,1.699,2.064,2.289,157
2026-09-14,GIRONA,diesel,1.638,1.851,2.069,270
2026-09-14,GIRONA,dieselPlus,1.699,1.962,2.189,150
2026-09-14,GRANADA,g95,1.659,1.882,2.029,280
2026-09-14,GRANADA,diesel,1.67,1.852,1.999,284
2026-09-14,GRANADA,g98,1.799,2.074,2.179,151
2026-09-14,GRANADA,dieselPlus,1.7,1.96,2.119,171
2026-09-14,GUADALAJARA,g95,1.689,1.922,2.069,87
2026-09-14,GUADALAJARA,diesel,1.699,1.899,2.029,89
2026-09-14,GUADALAJARA,g98,1.799,2.104,2.199,44
2026-09-14,GUADALAJARA,dieselPlus,1.729,1.969,2.099,44
2026-09-14,GIPUZKOA,g95,1.679,1.931,2.035,131
2026-09-14,GIPUZKOA,g98,1.939,2.101,2.179,77
2026-09-14,GIPUZKOA,diesel,1.609,1.905,2.009,144
2026-09-14,GIPUZKOA,dieselPlus,1.726,1.999,2.119,80
2026-09-14,HUELVA,g95,1.47,1.929,2.049,136
2026-09-14,HUELVA,g98,1.868,2.097,2.199,47
2026-09-14,HUELVA,diesel,1.671,1.91,2.259,141
2026-09-14,HUELVA,dieselPlus,1.736,2.008,2.118,60
2026-09-14,HUESCA,g95,1.589,1.897,2.069,112
2026-09-14,HUESCA,g98,1.899,2.072,2.139,52
2026-09-14,HUESCA,diesel,1.629,1.869,2.005,122
2026-09-14,HUESCA,dieselPlus,1.7,1.972,2.125,57
2026-09-14,JAÉN,g95,1.658,1.892,2.019,208
2026-09-14,JAÉN,g98,1.799,2.075,2.299,80
2026-09-14,JAÉN,diesel,1.719,1.897,2.019,212
2026-09-14,JAÉN,dieselPlus,1.779,1.982,2.179,101
2026-09-14,LEÓN,g95,1.739,1.919,2.029,159
2026-09-14,LEÓN,diesel,1.729,1.916,2.035,165
2026-09-14,LEÓN,dieselPlus,1.779,1.989,2.119,114
2026-09-14,LEÓN,g98,1.829,2.068,2.189,95
2026-09-14,LLEIDA,g95,1.529,1.832,2.049,165
2026-09-14,LLEIDA,diesel,1.523,1.81,2.021,181
2026-09-14,LLEIDA,dieselPlus,1.669,1.919,2.099,79
2026-09-14,LLEIDA,g98,1.73,2.02,2.195,78
2026-09-14,RIOJA (LA),g95,1.589,1.892,1.995,81
2026-09-14,RIOJA (LA),diesel,1.638,1.871,1.989,83
2026-09-14,RIOJA (LA),dieselPlus,1.698,1.968,2.055,39
2026-09-14,RIOJA (LA),g98,1.866,2.077,2.159,37
2026-09-14,LUGO,g95,1.709,1.937,2.079,127
2026-09-14,LUGO,diesel,1.699,1.911,1.999,129
2026-09-14,LUGO,dieselPlus,1.819,2.009,2.095,66
2026-09-14,LUGO,g98,1.849,2.09,2.175,60
2026-09-14,MADRID,g95,1.659,1.91,2.129,856
2026-09-14,MADRID,g98,1.755,2.098,2.239,412
2026-09-14,MADRID,diesel,1.669,1.889,2.099,863
2026-09-14,MADRID,dieselPlus,1.709,1.972,2.159,456
2026-09-14,MÁLAGA,g95,1.629,1.926,2.099,304
2026-09-14,MÁLAGA,diesel,1.629,1.904,2.149,307
2026-09-14,MÁLAGA,dieselPlus,1.779,1.998,2.129,209
2026-09-14,MÁLAGA,g98,1.819,2.1,2.169,164
2026-09-14,MURCIA,g95,1.648,1.876,2.269,432
2026-09-14,MURCIA,diesel,1.638,1.849,2.259,454
2026-09-14,MURCIA,dieselPlus,1.658,1.918,2.079,235
2026-09-14,MURCIA,g98,1.728,2.038,2.249,235
2026-09-14,NAVARRA,g95,1.639,1.889,2.039,217
2026-09-14,NAVARRA,diesel,1.609,1.833,1.989,242
2026-09-14,NAVARRA,dieselPlus,1.709,1.935,2.079,101
2026-09-14,NAVARRA,g98,1.849,2.092,2.175,61
2026-09-14,OURENSE,g95,1.769,1.939,2.039,88
2026-09-14,OURENSE,g98,1.899,2.066,2.188,62
2026-09-14,OURENSE,diesel,1.745,1.919,1.999,88
2026-09-14,OURENSE,dieselPlus,1.785,1.99,2.059,57
2026-09-14,ASTURIAS,g95,1.687,1.957,2.089,225
2026-09-14,ASTURIAS,diesel,1.719,1.93,2.039,240
2026-09-14,ASTURIAS,dieselPlus,1.769,2.006,2.119,159
2026-09-14,ASTURIAS,g98,1.941,2.103,2.25,141
2026-09-14,PALENCIA,g95,1.767,1.966,2.039,66
2026-09-14,PALENCIA,g98,1.925,2.135,2.199,38
2026-09-14,PALENCIA,diesel,1.75,1.937,2.019,68
2026-09-14,PALENCIA,dieselPlus,1.789,2.024,2.109,45
2026-09-14,PALMAS (LAS),g95,1.319,1.464,1.589,255
2026-09-14,PALMAS (LAS),g98,1.4,1.598,1.719,225
2026-09-14,PALMAS (LAS),diesel,1.437,1.58,1.78,255
2026-09-14,PALMAS (LAS),dieselPlus,1.498,1.683,1.779,155
2026-09-14,PONTEVEDRA,g95,1.729,1.918,2.079,224
2026-09-14,PONTEVEDRA,diesel,1.699,1.895,1.999,225
2026-09-14,PONTEVEDRA,dieselPlus,1.739,1.994,2.109,143
2026-09-14,PONTEVEDRA,g98,1.799,2.079,2.279,135
2026-09-14,SALAMANCA,g95,1.76,1.919,2.004,105
2026-09-14,SALAMANCA,diesel,1.719,1.882,2.003,109
2026-09-14,SALAMANCA,dieselPlus,1.805,1.975,2.059,63
2026-09-14,SALAMANCA,g98,1.874,2.076,2.149,51
2026-09-14,SANTA CRUZ DE TENERIFE,g95,1.2,1.526,1.763,242
2026-09-14,SANTA CRUZ DE TENERIFE,g98,1.2,1.654,1.889,227
2026-09-14,SANTA CRUZ DE TENERIFE,diesel,1.3,1.644,1.881,241
2026-09-14,SANTA CRUZ DE TENERIFE,dieselPlus,1.558,1.745,1.939,129
2026-09-14,CANTABRIA,g95,1.7,1.927,2.045,167
2026-09-14,CANTABRIA,g98,1.879,2.09,2.199,86
2026-09-14,CANTABRIA,diesel,1.689,1.894,2.019,168
2026-09-14,CANTABRIA,dieselPlus,1.749,1.943,2.099,82
2026-09-14,SEGOVIA,g95,1.689,1.926,2.045,75
2026-09-14,SEGOVIA,diesel,1.699,1.888,2.039,76
2026-09-14,SEGOVIA,dieselPlus,1.779,1.971,2.124,43
2026-09-14,SEGOVIA,g98,1.879,2.113,2.219,37
2026-09-14,SEVILLA,g95,1.639,1.874,2.079,434
2026-09-14,SEVILLA,diesel,1.62,1.868,2.099,441
2026-09-14,SEVILLA,dieselPlus,1.728,1.979,2.189,232
2026-09-14,SEVILLA,g98,1.795,2.074,2.219,145
2026-09-14,SORIA,g95,1.389,1.896,2.035,42
2026-09-14,SORIA,g98,1.829,2.105,2.195,17
2026-09-14,SORIA,diesel,1.685,1.868,1.999,41
2026-09-14,SORIA,dieselPlus,1.7,1.944,2.079,20
2026-09-14,TARRAGONA,g95,1.465,1.893,2.069,215
2026-09-14,TARRAGONA,diesel,1.6,1.838,1.999,227
2026-09-14,TARRAGONA,g98,1.78,2.077,2.189,123
2026-09-14,TARRAGONA,dieselPlus,1.65,1.948,2.069,122
2026-09-14,TERUEL,g95,1.658,1.899,2.04,63
2026-09-14,TERUEL,diesel,1.648,1.852,1.999,68
2026-09-14,TERUEL,dieselPlus,1.712,1.979,2.079,32
2026-09-14,TERUEL,g98,1.71,2.056,2.199,30
2026-09-14,TOLEDO,g95,1.679,1.911,2.169,240
2026-09-14,TOLEDO,g98,1.817,2.095,2.259,118
2026-09-14,TOLEDO,diesel,1.7,1.887,2.164,243
2026-09-14,TOLEDO,dieselPlus,1.749,1.968,2.209,119
2026-09-14,VALENCIA / VALÈNCIA,g95,1.597,1.863,2.095,621
2026-09-14,VALENCIA / VALÈNCIA,diesel,1.597,1.826,2.049,635
2026-09-14,VALENCIA / VALÈNCIA,g98,1.689,2.071,2.279,278
2026-09-14,VALENCIA / VALÈNCIA,dieselPlus,1.669,1.93,2.09,318
2026-09-14,VALLADOLID,g95,1.709,1.92,2.095,145
2026-09-14,VALLADOLID,diesel,1.637,1.881,2.055,150
2026-09-14,VALLADOLID,dieselPlus,1.677,1.976,2.129,77
2026-09-14,VALLADOLID,g98,1.899,2.147,2.255,69
2026-09-14,BIZKAIA,g95,1.759,1.922,2.069,126
2026-09-14,BIZKAIA,g98,1.809,2.086,2.185,68
2026-09-14,BIZKAIA,diesel,1.669,1.88,2.019,127
2026-09-14,BIZKAIA,dieselPlus,1.729,1.917,2.119,45
2026-09-14,ZAMORA,g95,1.679,1.925,2.059,78
2026-09-14,ZAMORA,g98,1.889,2.09,2.199,44
2026-09-14,ZAMORA,diesel,1.669,1.893,2.009,84
2026-09-14,ZAMORA,dieselPlus,1.767,2.002,2.129,49
2026-09-14,ZARAGOZA,g95,1.572,1.9,2.038,220
2026-09-14,ZARAGOZA,g98,1.799,2.09,2.189,95
2026-09-14,ZARAGOZA,diesel,1.627,1.857,1.989,233
2026-09-14,ZARAGOZA,dieselPlus,1.695,1.932,2.069,87
2026-09-14,CEUTA,g95,1.644,1.684,1.699,10
2026-09-14,CEUTA,g98,1.698,1.72,1.729,8
2026-09-14,CEUTA,diesel,1.674,1.696,1.719,10
2026-09-14,CEUTA,dieselPlus,1.734,1.741,1.759,4
2026-09-14,MELILLA,g95,1.489,1.497,1.504,12
2026-09-14,MELILLA,diesel,1.475,1.481,1.487,12
2026-09-14,MELILLA,dieselPlus,1.527,1.529,1.537,8
2026-09-15,ARABA/ÁLAVA,g95,1.719,1.921,2.089,67
2026-09-15,ARABA/ÁLAVA,diesel,1.715,1.894,2.046,71
2026-09-15,ARABA/ÁLAVA,dieselPlus,1.759,1.981,2.13,35
2026-09-15,ARABA/ÁLAVA,g98,1.799,2.086,2.195,37
2026-09-15,ALBACETE,g95,1.613,1.915,2.049,142
2026-09-15,ALBACETE,diesel,1.499,1.896,2.049,151
2026-09-15,ALBACETE,dieselPlus,1.759,2.011,2.119,68
2026-09-15,ALBACETE,g98,1.799,2.109,2.199,65
2026-09-15,ALICANTE,g95,1.728,1.934,2.069,474
2026-09-15,ALICANTE,diesel,1.699,1.881,2.059,478
2026-09-15,ALICANTE,g98,1.809,2.114,2.239,259
2026-09-15,ALICANTE,dieselPlus,1.739,1.986,2.169,276
2026-09-15,ALMERÍA,g95,1.499,1.872,2.079,217
2026-09-15,ALMERÍA,g98,1.822,2.052,2.2,94
2026-09-15,ALMERÍA,diesel,1.683,1.86,2.019,227
2026-09-15,ALMERÍA,dieselPlus,1.735,1.96,2.109,118
2026-09-15,ÁVILA,g95,1.609,1.938,2.099,70
2026-09-15,ÁVILA,diesel,1.699,1.936,2.019,71
2026-09-15,ÁVILA,dieselPlus,1.829,2.029,2.149,45
2026-09-15,ÁVILA,g98,1.667,2.06,2.169,33
2026-09-15,BADAJOZ,diesel,1.688,1.879,2.199,275
2026-09-15,BADAJOZ,g95,1.679,1.899,2.219,241
2026-09-15,BADAJOZ,dieselPlus,1.699,1.979,2.279,128
2026-09-15,BADAJOZ,g98,1.809,2.095,2.359,66
2026-09-15,BALEARS (ILLES),g95,1.809,2.022,2.399,215
2026-09-15,BALEARS (ILLES),diesel,1.809,1.994,2.299,215
2026-09-15,BALEARS (ILLES),dieselPlus,1.869,2.068,2.199,101
2026-09-15,BALEARS (ILLES),g98,1.999,2.156,2.249,126
2026-09-15,BARCELONA,g95,1.459,1.882,2.079,772
2026-09-15,BARCELONA,diesel,1.615,1.874,2.054,782
2026-09-15,BARCELONA,dieselPlus,1.679,1.95,2.129,392
2026-09-15,BARCELONA,g98,1.789,2.052,2.249,438
2026-09-15,BURGOS,g95,1.759,1.953,2.123,134
2026-09-15,BURGOS,g98,1.85,2.122,2.199,57
2026-09-15,BURGOS,diesel,1.72,1.89,2.083,138
2026-09-15,BURGOS,dieselPlus,1.769,1.959,2.105,77
2026-09-15,CÁCERES,g95,1.739,1.935,2.119,145
2026-09-15,CÁCERES,diesel,1.72,1.928,2.059,157
2026-09-15,CÁCERES,g98,1.949,2.128,2.289,46
2026-09-15,CÁCERES,dieselPlus,1.769,2.032,2.139,79
2026-09-15,CÁDIZ,g95,1.759,1.938,2.069,287
2026-09-15,CÁDIZ,g98,1.889,2.115,2.195,116
2026-09-15,CÁDIZ,diesel,1.729,1.888,2.009,291
2026-09-15,CÁDIZ,dieselPlus,1.789,1.979,2.099,176
2026-09-15,CASTELLÓN / CASTELLÓ,g95,1.649,1.892,2.109,190
2026-09-15,CASTELLÓN / CASTELLÓ,diesel,1.639,1.885,2.079,192
2026-09-15,CASTELLÓN / CASTELLÓ,dieselPlus,1.665,2.003,2.119,98
2026-09-15,CASTELLÓN / CASTELLÓ,g98,1.799,2.084,2.199,76
2026-09-15,CIUDAD REAL,g95,1.613,1.895,2.034,191
2026-09-15,CIUDAD REAL,g98,1.799,2.078,2.265,71
2026-09-15,CIUDAD REAL,diesel,1.639,1.876,1.999,210
2026-09-15,CIUDAD REAL,dieselPlus,1.744,1.976,2.129,60
2026-09-15,CÓRDOBA,g95,1.649,1.897,2.009,203
2026-09-15,CÓRDOBA,diesel,1.698,1.902,2.029,208
2026-09-15,CÓRDOBA,g98,1.795,2.044,2.165,66
2026-09-15,CÓRDOBA,dieselPlus,1.739,1.984,2.139,102
2026-09-15,CORUÑA (A),g95,1.705,1.946,2.079,282
2026-09-15,CORUÑA (A),diesel,1.679,1.907,2.049,285
2026-09-15,CORUÑA (A),g98,1.809,2.094,2.269,170
2026-09-15,CORUÑA (A),dieselPlus,1.779,1.977,2.144,165
2026-09-15,CUENCA,g95,1.669,1.938,2.109,108
2026-09-15,CUENCA,diesel,1.665,1.907,2.074,119
2026-09-15,CUENCA,dieselPlus,1.79,2.029,2.149,56
2026-09-15,CUENCA,g98,1.832,2.099,2.239,40
2026-09-15,GIRONA,g95,1.649,1.909,2.11,258
2026-09-15,GIRONA,g98,1.799,2.078,2.289,155
2026-09-15,GIRONA,diesel,1.638,1.866,2.069,268
2026-09-15,GIRONA,dieselPlus,1.649,1.977,2.189,147
2026-09-15,GRANADA,g95,1.67,1.903,2.079,280
2026-09-15,GRANADA,diesel,1.67,1.877,2.035,284
2026-09-15,GRANADA,g98,1.819,2.092,2.199,151
2026-09-15,GRANADA,dieselPlus,1.7,1.982,2.119,171
2026-09-15,GUADALAJARA,g95,1.689,1.937,2.069,87
2026-09-15,GUADALAJARA,diesel,1.699,1.915,2.029,89
2026-09-15,GUADALAJARA,g98,1.809,2.113,2.205,44
2026-09-15,GUADALAJARA,dieselPlus,1.789,1.984,2.099,44
2026-09-15,GIPUZKOA,g95,1.709,1.947,2.059,131
2026-09-15,GIPUZKOA,g98,1.939,2.112,2.199,77
2026-09-15,GIPUZKOA,diesel,1.639,1.924,2.019,144
2026-09-15,GIPUZKOA,dieselPlus,1.777,2.012,2.119,80
2026-09-15,HUELVA,g95,1.47,1.939,2.049,135
2026-09-15,HUELVA,g98,1.868,2.106,2.209,47
2026-09-15,HUELVA,diesel,1.729,1.923,2.259,140
2026-09-15,HUELVA,dieselPlus,1.739,2.02,2.129,59
2026-09-15,HUESCA,g95,1.645,1.911,2.069,111
2026-09-15,HUESCA,g98,1.899,2.076,2.139,52
2026-09-15,HUESCA,diesel,1.653,1.885,2.015,121
2026-09-15,HUESCA,dieselPlus,1.73,1.985,2.135,57
2026-09-15,JAÉN,g95,1.658,1.908,2.019,208
2026-09-15,JAÉN,g98,1.799,2.093,2.299,80
2026-09-15,JAÉN,diesel,1.72,1.914,2.039,212
2026-09-15,JAÉN,dieselPlus,1.789,2.003,2.199,101
2026-09-15,LEÓN,g95,1.759,1.931,2.029,159
2026-09-15,LEÓN,diesel,1.749,1.931,2.035,165
2026-09-15,LEÓN,dieselPlus,1.799,2.003,2.119,114
2026-09-15,LEÓN,g98,1.829,2.077,2.189,95
2026-09-15,LLEIDA,g95,1.529,1.852,2.049,165
2026-09-15,LLEIDA,diesel,1.523,1.834,2.021,181
2026-09-15,LLEIDA,dieselPlus,1.689,1.933,2.099,79
2026-09-15,LLEIDA,g98,1.73,2.032,2.195,78
2026-09-15,RIOJA (LA),g95,1.713,1.91,2.009,81
2026-09-15,RIOJA (LA),diesel,1.709,1.891,2.029,83
2026-09-15,RIOJA (LA),dieselPlus,1.809,1.991,2.085,39
2026-09-15,RIOJA (LA),g98,1.989,2.093,2.159,37
2026-09-15,LUGO,g95,1.739,1.956,2.109,127
2026-09-15,LUGO,diesel,1.709,1.926,2.009,129
2026-09-15,LUGO,dieselPlus,1.819,2.025,2.105,66
2026-09-15,LUGO,g98,1.849,2.106,2.165,60
2026-09-15,MADRID,g95,1.699,1.928,2.129,854
2026-09-15,MADRID,g98,1.83,2.111,2.239,412
2026-09-15,MADRID,diesel,1.717,1.91,2.139,861
2026-09-15,MADRID,dieselPlus,1.737,1.992,2.179,454
2026-09-15,MÁLAGA,g95,1.629,1.942,2.099,304
2026-09-15,MÁLAGA,diesel,1.659,1.924,2.149,307
2026-09-15,MÁLAGA,dieselPlus,1.785,2.017,2.134,209
2026-09-15,MÁLAGA,g98,1.849,2.116,2.179,164
2026-09-15,MURCIA,g95,1.648,1.895,2.269,432
2026-09-15,MURCIA,diesel,1.638,1.868,2.259,454
2026-09-15,MURCIA,dieselPlus,1.658,1.937,2.089,235
2026-09-15,MURCIA,g98,1.728,2.053,2.239,234
2026-09-15,NAVARRA,g95,1.639,1.905,2.039,217
2026-09-15,NAVARRA,diesel,1.629,1.855,1.999,242
2026-09-15,NAVARRA,dieselPlus,1.72,1.96,2.089,101
2026-09-15,NAVARRA,g98,1.849,2.112,2.189,61
2026-09-15,OURENSE,g95,1.819,1.955,2.059,88
2026-09-15,OURENSE,g98,1.927,2.079,2.188,62
2026-09-15,OURENSE,diesel,1.801,1.936,2.029,88
2026-09-15,OURENSE,dieselPlus,1.825,2.001,2.069,57
2026-09-15,ASTURIAS,g95,1.687,1.97,2.109,225
2026-09-15,ASTURIAS,diesel,1.764,1.945,2.05,240
2026-09-15,ASTURIAS,dieselPlus,1.799,2.021,2.129,159
2026-09-15,ASTURIAS,g98,1.941,2.116,2.289,141
2026-09-15,PALENCIA,g95,1.767,1.984,2.049,66
2026-09-15,PALENCIA,g98,1.979,2.15,2.209,38
2026-09-15,PALENCIA,diesel,1.767,1.956,2.025,68
2026-09-15,PALENCIA,dieselPlus,1.809,2.043,2.115,45
2026-09-15,PALMAS (LAS),g95,1.339,1.477,1.589,255
2026-09-15,PALMAS (LAS),g98,1.402,1.608,1.719,225
2026-09-15,PALMAS (LAS),diesel,1.467,1.597,1.78,255
2026-09-15,PALMAS (LAS),dieselPlus,1.518,1.696,1.799,155
2026-09-15,PONTEVEDRA,g95,1.759,1.934,2.109,224
2026-09-15,PONTEVEDRA,diesel,1.749,1.914,2.029,225
2026-09-15,PONTEVEDRA,dieselPlus,1.789,2.006,2.119,143
2026-09-15,PONTEVEDRA,g98,1.799,2.089,2.299,135
2026-09-15,SALAMANCA,g95,1.777,1.938,2.004,105
2026-09-15,SALAMANCA,diesel,1.729,1.904,2.059,109
2026-09-15,SALAMANCA,dieselPlus,1.835,1.994,2.065,63
2026-09-15,SALAMANCA,g98,1.874,2.092,2.155,51
2026-09-15,SANTA CRUZ DE TENERIFE,g95,1.368,1.538,1.812,242
2026-09-15,SANTA CRUZ DE TENERIFE,g98,1.458,1.666,1.903,227
2026-09-15,SANTA CRUZ DE TENERIFE,diesel,1.51,1.663,1.933,241
2026-09-15,SANTA CRUZ DE TENERIFE,dieselPlus,1.558,1.759,1.974,129
2026-09-15,CANTABRIA,g95,1.749,1.942,2.055,165
2026-09-15,CANTABRIA,g98,1.879,2.101,2.215,86
2026-09-15,CANTABRIA,diesel,1.72,1.908,2.029,166
2026-09-15,CANTABRIA,dieselPlus,1.757,1.954,2.099,82
2026-09-15,SEGOVIA,g95,1.789,1.941,2.05,75
2026-09-15,SEGOVIA,diesel,1.789,1.907,2.039,76
2026-09-15,SEGOVIA,dieselPlus,1.809,1.989,2.124,43
2026-09-15,SEGOVIA,g98,1.899,2.121,2.219,37
2026-09-15,SEVILLA,g95,1.665,1.894,2.084,432
2026-09-15,SEVILLA,diesel,1.62,1.887,2.104,439
2026-09-15,SEVILLA,dieselPlus,1.729,1.997,2.189,231
2026-09-15,SEVILLA,g98,1.799,2.095,2.219,146
2026-09-15,SORIA,g95,1.389,1.903,2.045,42
2026-09-15,SORIA,g98,1.849,2.114,2.195,17
2026-09-15,SORIA,diesel,1.708,1.875,1.999,41
2026-09-15,SORIA,dieselPlus,1.7,1.953,2.079,20
2026-09-15,TARRAGONA,g95,1.465,1.906,2.074,215
2026-09-15,TARRAGONA,diesel,1.6,1.861,2.049,227
2026-09-15,TARRAGONA,g98,1.78,2.083,2.189,123
2026-09-15,TARRAGONA,dieselPlus,1.709,1.971,2.108,122
2026-09-15,TERUEL,g95,1.69,1.915,2.045,64
2026-09-15,TERUEL,diesel,1.689,1.871,1.999,69
2026-09-15,TERUEL,dieselPlus,1.712,1.996,2.092,33
2026-09-15,TERUEL,g98,1.71,2.069,2.199,30
2026-09-15,TOLEDO,g95,1.679,1.926,2.149,239
2026-09-15,TOLEDO,g98,1.817,2.111,2.259,118
2026-09-15,TOLEDO,diesel,1.7,1.907,2.139,242
2026-09-15,TOLEDO,dieselPlus,1.749,1.983,2.184,118
2026-09-15,VALENCIA / VALÈNCIA,g95,1.609,1.883,2.095,619
2026-09-15,VALENCIA / VALÈNCIA,diesel,1.597,1.847,2.049,632
2026-09-15,VALENCIA / VALÈNCIA,g98,1.729,2.089,2.299,276
2026-09-15,VALENCIA / VALÈNCIA,dieselPlus,1.689,1.947,2.095,316
2026-09-15,VALLADOLID,g95,1.749,1.937,2.075,145
2026-09-15,VALLADOLID,diesel,1.687,1.899,2.035,150
2026-09-15,VALLADOLID,dieselPlus,1.707,1.991,2.129,77
2026-09-15,VALLADOLID,g98,1.899,2.157,2.225,69
2026-09-15,BIZKAIA,g95,1.699,1.942,2.069,126
2026-09-15,BIZKAIA,g98,1.809,2.106,2.199,68
2026-09-15,BIZKAIA,diesel,1.699,1.901,2.019,127
2026-09-15,BIZKAIA,dieselPlus,1.719,1.935,2.119,45
2026-09-15,ZAMORA,g95,1.779,1.941,2.059,78
2026-09-15,ZAMORA,g98,1.899,2.101,2.209,44
2026-09-15,ZAMORA,diesel,1.719,1.911,2.019,84
2026-09-15,ZAMORA,dieselPlus,1.788,2.019,2.129,49
2026-09-15,ZARAGOZA,g95,1.655,1.92,2.038,220
2026-09-15,ZARAGOZA,g98,1.799,2.101,2.189,95
2026-09-15,ZARAGOZA,diesel,1.645,1.877,1.999,233
2026-09-15,ZARAGOZA,dieselPlus,1.702,1.945,2.069,87
2026-09-15,CEUTA,g95,1.644,1.684,1.699,10
2026-09-15,CEUTA,g98,1.698,1.72,1.729,8
2026-09-15,CEUTA,diesel,1.674,1.711,1.739,10
2026-09-15,CEUTA,dieselPlus,1.734,1.752,1.779,4
2026-09-15,MELILLA,g95,1.495,1.507,1.514,12
2026-09-15,MELILLA,diesel,1.475,1.489,1.497,12
2026-09-15,MELILLA,dieselPlus,1.537,1.54,1.547,8
2026-09-16,ARABA/ÁLAVA,g95,1.73,1.931,2.089,66
2026-09-16,ARABA/ÁLAVA,diesel,1.715,1.907,2.039,70
2026-09-16,ARABA/ÁLAVA,dieselPlus,1.759,1.987,2.139,35
2026-09-16,ARABA/ÁLAVA,g98,1.799,2.101,2.205,36
2026-09-16,ALBACETE,g95,1.613,1.924,2.049,142
2026-09-16,ALBACETE,diesel,1.499,1.909,2.053,151
2026-09-16,ALBACETE,dieselPlus,1.789,2.025,2.119,68
2026-09-16,ALBACETE,g98,1.799,2.121,2.199,65
2026-09-16,ALICANTE,g95,1.728,1.947,2.079,474
2026-09-16,ALICANTE,diesel,1.709,1.896,2.049,478
2026-09-16,ALICANTE,g98,1.809,2.126,2.239,259
2026-09-16,ALICANTE,dieselPlus,1.765,1.999,2.169,276
2026-09-16,ALMERÍA,g95,1.499,1.889,2.089,216
2026-09-16,ALMERÍA,g98,1.822,2.062,2.209,94
2026-09-16,ALMERÍA,diesel,1.695,1.877,2.089,226
2026-09-16,ALMERÍA,dieselPlus,1.745,1.97,2.109,118
2026-09-16,ÁVILA,g95,1.609,1.953,2.099,70
2026-09-16,ÁVILA,diesel,1.699,1.952,2.049,71
2026-09-16,ÁVILA,dieselPlus,1.869,2.049,2.149,45
2026-09-16,ÁVILA,g98,1.667,2.07,2.179,33
2026-09-16,BADAJOZ,diesel,1.688,1.89,2.199,275
2026-09-16,BADAJOZ,g95,1.72,1.909,2.219,241
2026-09-16,BADAJOZ,dieselPlus,1.699,1.989,2.279,128
2026-09-16,BADAJOZ,g98,1.809,2.103,2.359,66
2026-09-16,BALEARS (ILLES),g95,1.839,2.029,2.399,215
2026-09-16,BALEARS (ILLES),diesel,1.829,2.007,2.299,215
2026-09-16,BALEARS (ILLES),dieselPlus,1.869,2.081,2.199,101
2026-09-16,BALEARS (ILLES),g98,2.03,2.164,2.249,126
2026-09-16,BARCELONA,g95,1.459,1.894,2.089,771
2026-09-16,BARCELONA,diesel,1.615,1.894,2.069,781
2026-09-16,BARCELONA,dieselPlus,1.699,1.97,2.179,391
2026-09-16,BARCELONA,g98,1.816,2.062,2.249,438
2026-09-16,BURGOS,g95,1.77,1.963,2.123,134
2026-09-16,BURGOS,g98,1.89,2.133,2.228,57
2026-09-16,BURGOS,diesel,1.72,1.901,2.083,138
2026-09-16,BURGOS,dieselPlus,1.79,1.971,2.105,77
2026-09-16,CÁCERES,g95,1.739,1.947,2.109,145
2026-09-16,CÁCERES,diesel,1.72,1.944,2.069,157
2026-09-16,CÁCERES,g98,1.949,2.136,2.279,46
2026-09-16,CÁCERES,dieselPlus,1.769,2.047,2.182,79
2026-09-16,CÁDIZ,g95,1.789,1.949,2.089,287
2026-09-16,CÁDIZ,g98,1.91,2.126,2.209,116
2026-09-16,CÁDIZ,diesel,1.738,1.902,2.076,291
2026-09-16,CÁDIZ,dieselPlus,1.789,1.99,2.162,176
2026-09-16,CASTELLÓN / CASTELLÓ,g95,1.659,1.906,2.109,190
2026-09-16,CASTELLÓN / CASTELLÓ,diesel,1.649,1.901,2.098,192
2026-09-16,CASTELLÓN / CASTELLÓ,dieselPlus,1.669,2.016,2.129,98
2026-09-16,CASTELLÓN / CASTELLÓ,g98,1.799,2.095,2.259,76
2026-09-16,CIUDAD REAL,g95,1.613,1.906,2.059,191
2026-09-16,CIUDAD REAL,g98,1.799,2.087,2.279,71
2026-09-16,CIUDAD REAL,diesel,1.639,1.889,2.039,211
2026-09-16,CIUDAD REAL,dieselPlus,1.764,1.989,2.145,60
2026-09-16,CÓRDOBA,g95,1.649,1.911,2.049,203
2026-09-16,CÓRDOBA,diesel,1.725,1.917,2.039,208
2026-09-16,CÓRDOBA,g98,1.849,2.059,2.175,66
2026-09-16,CÓRDOBA,dieselPlus,1.759,1.996,2.169,102
2026-09-16,CORUÑA (A),g95,1.709,1.958,2.099,282
2026-09-16,CORUÑA (A),diesel,1.699,1.92,2.059,285
2026-09-16,CORUÑA (A),g98,1.809,2.103,2.279,170
2026-09-16,CORUÑA (A),dieselPlus,1.788,1.99,2.144,165
2026-09-16,CUENCA,g95,1.669,1.947,2.109,107
2026-09-16,CUENCA,diesel,1.665,1.918,2.089,118
2026-09-16,CUENCA,dieselPlus,1.799,2.037,2.164,55
2026-09-16,CUENCA,g98,1.832,2.107,2.239,40
2026-09-16,GIRONA,g95,1.659,1.922,2.122,258
2026-09-16,GIRONA,g98,1.799,2.089,2.289,155
2026-09-16,GIRONA,diesel,1.639,1.886,2.069,268
2026-09-16,GIRONA,dieselPlus,1.649,1.993,2.189,147
2026-09-16,GRANADA,g95,1.67,1.919,2.1,279
2026-09-16,GRANADA,diesel,1.67,1.895,2.1,283
2026-09-16,GRANADA,g98,1.839,2.103,2.259,150
2026-09-16,GRANADA,dieselPlus,1.7,1.996,2.139,171
2026-09-16,GUADALAJARA,g95,1.749,1.947,2.099,87
2026-09-16,GUADALAJARA,diesel,1.709,1.928,2.069,89
2026-09-16,GUADALAJARA,g98,1.809,2.122,2.209,44
2026-09-16,GUADALAJARA,dieselPlus,1.789,1.996,2.149,44
2026-09-16,GIPUZKOA,g95,1.699,1.958,2.059,131
2026-09-16,GIPUZKOA,g98,1.939,2.124,2.205,77
2026-09-16,GIPUZKOA,diesel,1.639,1.935,2.029,144
2026-09-16,GIPUZKOA,dieselPlus,1.797,2.025,2.159,80
2026-09-16,HUELVA,g95,1.47,1.946,2.075,135
2026-09-16,HUELVA,g98,1.888,2.116,2.219,47
2026-09-16,HUELVA,diesel,1.745,1.936,2.259,140
2026-09-16,HUELVA,dieselPlus,1.805,2.031,2.129,59
2026-09-16,HUESCA,g95,1.645,1.921,2.069,111
2026-09-16,HUESCA,g98,1.899,2.085,2.149,52
2026-09-16,HUESCA,diesel,1.653,1.893,2.029,121
2026-09-16,HUESCA,dieselPlus,1.73,1.995,2.169,57
2026-09-16,JAÉN,g95,1.658,1.92,2.019,207
2026-09-16,JAÉN,g98,1.799,2.101,2.299,80
2026-09-16,JAÉN,diesel,1.72,1.929,2.049,211
2026-09-16,JAÉN,dieselPlus,1.789,2.017,2.209,100
2026-09-16,LEÓN,g95,1.729,1.942,2.045,158
2026-09-16,LEÓN,diesel,1.729,1.942,2.039,164
2026-09-16,LEÓN,dieselPlus,1.749,2.013,2.119,114
2026-09-16,LEÓN,g98,1.899,2.089,2.189,95
2026-09-16,LLEIDA,g95,1.529,1.861,2.079,163
2026-09-16,LLEIDA,diesel,1.523,1.848,2.099,179
2026-09-16,LLEIDA,dieselPlus,1.72,1.951,2.099,78
2026-09-16,LLEIDA,g98,1.783,2.043,2.195,76
2026-09-16,RIOJA (LA),g95,1.713,1.924,2.009,81
2026-09-16,RIOJA (LA),diesel,1.738,1.906,2.029,83
2026-09-16,RIOJA (LA),dieselPlus,1.809,2.004,2.095,39
2026-09-16,RIOJA (LA),g98,1.989,2.102,2.159,37
2026-09-16,LUGO,g95,1.745,1.966,2.119,127
2026-09-16,LUGO,diesel,1.754,1.941,2.109,129
2026-09-16,LUGO,dieselPlus,1.819,2.04,2.149,66
2026-09-16,LUGO,g98,1.849,2.115,2.175,60
2026-09-16,MADRID,g95,1.729,1.94,2.119,857
2026-09-16,MADRID,g98,1.879,2.12,2.239,412
2026-09-16,MADRID,diesel,1.729,1.924,2.129,862
2026-09-16,MADRID,dieselPlus,1.739,2.004,2.179,455
2026-09-16,MÁLAGA,g95,1.629,1.954,2.099,303
2026-09-16,MÁLAGA,diesel,1.689,1.941,2.149,306
2026-09-16,MÁLAGA,dieselPlus,1.789,2.033,2.174,208
2026-09-16,MÁLAGA,g98,1.849,2.128,2.195,163
2026-09-16,MURCIA,g95,1.658,1.909,2.269,430
2026-09-16,MURCIA,diesel,1.638,1.885,2.259,452
2026-09-16,MURCIA,dieselPlus,1.658,1.953,2.099,233
2026-09-16,MURCIA,g98,1.728,2.066,2.239,233
2026-09-16,NAVARRA,g95,1.699,1.918,2.089,218
2026-09-16,NAVARRA,diesel,1.69,1.879,2.049,242
2026-09-16,NAVARRA,dieselPlus,1.739,1.978,2.139,101
2026-09-16,NAVARRA,g98,1.849,2.123,2.209,61
2026-09-16,OURENSE,g95,1.837,1.969,2.114,87
2026-09-16,OURENSE,g98,1.927,2.092,2.28,62
2026-09-16,OURENSE,diesel,1.829,1.952,2.049,87
2026-09-16,OURENSE,dieselPlus,1.855,2.012,2.099,56
2026-09-16,ASTURIAS,g95,1.687,1.982,2.139,225
2026-09-16,ASTURIAS,diesel,1.789,1.957,2.09,240
2026-09-16,ASTURIAS,dieselPlus,1.808,2.03,2.139,159
2026-09-16,ASTURIAS,g98,1.959,2.124,2.319,141
2026-09-16,PALENCIA,g95,1.787,1.995,2.059,66
2026-09-16,PALENCIA,diesel,1.787,1.968,2.039,68
2026-09-16,PALENCIA,dieselPlus,1.829,2.055,2.125,45
2026-09-16,PALENCIA,g98,1.979,2.16,2.229,38
2026-09-16,PALMAS (LAS),g95,1.339,1.486,1.599,255
2026-09-16,PALMAS (LAS),g98,1.402,1.614,1.719,225
2026-09-16,PALMAS (LAS),diesel,1.489,1.611,1.78,255
2026-09-16,PALMAS (LAS),dieselPlus,1.518,1.71,1.819,155
2026-09-16,PONTEVEDRA,g95,1.759,1.949,2.109,224
2026-09-16,PONTEVEDRA,diesel,1.749,1.926,2.045,225
2026-09-16,PONTEVEDRA,dieselPlus,1.819,2.019,2.139,143
2026-09-16,PONTEVEDRA,g98,1.799,2.102,2.299,135
2026-09-16,SALAMANCA,g95,1.777,1.95,2.089,105
2026-09-16,SALAMANCA,diesel,1.753,1.916,2.046,109
2026-09-16,SALAMANCA,dieselPlus,1.859,2.006,2.084,63
2026-09-16,SALAMANCA,g98,1.874,2.1,2.165,51
2026-09-16,SANTA CRUZ DE TENERIFE,g95,1.368,1.546,1.812,242
2026-09-16,SANTA CRUZ DE TENERIFE,g98,1.458,1.673,1.903,227
2026-09-16,SANTA CRUZ DE TENERIFE,diesel,1.51,1.675,1.933,241
2026-09-16,SANTA CRUZ DE TENERIFE,dieselPlus,1.579,1.767,1.974,129
2026-09-16,CANTABRIA,g95,1.777,1.957,2.069,166
2026-09-16,CANTABRIA,g98,1.89,2.117,2.229,85
2026-09-16,CANTABRIA,diesel,1.736,1.925,2.045,167
2026-09-16,CANTABRIA,dieselPlus,1.759,1.974,2.119,82
2026-09-16,SEGOVIA,g95,1.789,1.95,2.058,75
2026-09-16,SEGOVIA,diesel,1.789,1.921,2.058,76
2026-09-16,SEGOVIA,dieselPlus,1.809,2.002,2.124,43
2026-09-16,SEGOVIA,g98,1.899,2.13,2.239,37
2026-09-16,SEVILLA,g95,1.665,1.907,2.084,434
2026-09-16,SEVILLA,diesel,1.62,1.903,2.119,441
2026-09-16,SEVILLA,dieselPlus,1.789,2.01,2.204,233
2026-09-16,SEVILLA,g98,1.799,2.106,2.229,146
2026-09-16,SORIA,g95,1.739,1.927,2.058,42
2026-09-16,SORIA,g98,1.849,2.123,2.208,17
2026-09-16,SORIA,diesel,1.709,1.889,1.999,41
2026-09-16,SORIA,dieselPlus,1.7,1.962,2.079,20
2026-09-16,TARRAGONA,g95,1.465,1.917,2.075,215
2026-09-16,TARRAGONA,diesel,1.6,1.877,2.049,227
2026-09-16,TARRAGONA,g98,1.8,2.095,2.199,123
2026-09-16,TARRAGONA,dieselPlus,1.719,1.985,2.108,122
2026-09-16,TERUEL,g95,1.71,1.924,2.049,64
2026-09-16,TERUEL,diesel,1.699,1.889,2.059,69
2026-09-16,TERUEL,dieselPlus,1.712,2.008,2.092,33
2026-09-16,TERUEL,g98,1.73,2.076,2.219,30
2026-09-16,TOLEDO,g95,1.679,1.939,2.149,239
2026-09-16,TOLEDO,g98,1.817,2.119,2.259,118
2026-09-16,TOLEDO,diesel,1.7,1.922,2.139,242
2026-09-16,TOLEDO,dieselPlus,1.749,1.998,2.189,118
2026-09-16,VALENCIA / VALÈNCIA,g95,1.609,1.894,2.099,609
2026-09-16,VALENCIA / VALÈNCIA,diesel,1.597,1.861,2.049,623
2026-09-16,VALENCIA / VALÈNCIA,g98,1.729,2.099,2.299,274
2026-09-16,VALENCIA / VALÈNCIA,dieselPlus,1.699,1.961,2.139,306
2026-09-16,VALLADOLID,g95,1.699,1.948,2.085,145
2026-09-16,VALLADOLID,diesel,1.699,1.914,2.055,150
2026-09-16,VALLADOLID,dieselPlus,1.709,2.003,2.129,77
2026-09-16,VALLADOLID,g98,1.899,2.167,2.235,69
2026-09-16,BIZKAIA,g95,1.699,1.954,2.069,126
2026-09-16,BIZKAIA,g98,1.879,2.117,2.209,68
2026-09-16,BIZKAIA,diesel,1.699,1.911,2.019,127
2026-09-16,BIZKAIA,dieselPlus,1.719,1.947,2.119,45
2026-09-16,ZAMORA,g95,1.8,1.952,2.069,78
2026-09-16,ZAMORA,g98,1.919,2.115,2.209,44
2026-09-16,ZAMORA,diesel,1.719,1.925,2.019,84
2026-09-16,ZAMORA,dieselPlus,1.818,2.029,2.139,49
2026-09-16,ZARAGOZA,g95,1.708,1.929,2.049,220
2026-09-16,ZARAGOZA,g98,1.799,2.11,2.199,95
2026-09-16,ZARAGOZA,diesel,1.672,1.889,1.999,233
2026-09-16,ZARAGOZA,dieselPlus,1.753,1.961,2.099,87
2026-09-16,CEUTA,g95,1.644,1.684,1.699,10
2026-09-16,CEUTA,g98,1.698,1.72,1.729,8
2026-09-16,CEUTA,diesel,1.674,1.731,1.769,10
2026-09-16,CEUTA,dieselPlus,1.734,1.767,1.809,4
2026-09-16,MELILLA,g95,1.499,1.517,1.524,12
2026-09-16,MELILLA,diesel,1.479,1.5,1.507,12
2026-09-16,MELILLA,dieselPlus,1.547,1.55,1.557,8
2026-09-17,ARABA/ÁLAVA,g95,1.73,1.938,2.109,66
2026-09-17,ARABA/ÁLAVA,diesel,1.715,1.931,2.08,70
2026-09-17,ARABA/ÁLAVA,dieselPlus,1.759,2.005,2.179,35
2026-09-17,ARABA/ÁLAVA,g98,1.849,2.109,2.209,36
2026-09-17,ALBACETE,g95,1.648,1.934,2.098,142
2026-09-17,ALBACETE,diesel,1.499,1.928,2.129,151
2026-09-17,ALBACETE,dieselPlus,1.789,2.045,2.169,68
2026-09-17,ALBACETE,g98,1.799,2.129,2.199,65
2026-09-17,ALICANTE,g95,1.728,1.954,2.079,474
2026-09-17,ALICANTE,diesel,1.709,1.914,2.086,478
2026-09-17,ALICANTE,g98,1.819,2.134,2.239,259
2026-09-17,ALICANTE,dieselPlus,1.759,2.024,2.245,276
2026-09-17,ALMERÍA,g95,1.499,1.897,2.099,215
2026-09-17,ALMERÍA,g98,1.822,2.072,2.269,94
2026-09-17,ALMERÍA,diesel,1.695,1.892,2.089,225
2026-09-17,ALMERÍA,dieselPlus,1.765,1.993,2.179,117
2026-09-17,ÁVILA,g95,1.609,1.96,2.099,70
2026-09-17,ÁVILA,diesel,1.699,1.967,2.064,71
2026-09-17,ÁVILA,dieselPlus,1.869,2.063,2.155,45
2026-09-17,ÁVILA,g98,1.667,2.075,2.189,33
2026-09-17,BADAJOZ,diesel,1.688,1.909,2.299,276
2026-09-17,BADAJOZ,g95,1.72,1.914,2.289,242
2026-09-17,BADAJOZ,dieselPlus,1.76,2.008,2.399,128
2026-09-17,BADAJOZ,g98,1.809,2.109,2.429,66
2026-09-17,BALEARS (ILLES),g95,1.859,2.038,2.399,215
2026-09-17,BALEARS (ILLES),diesel,1.829,2.029,2.299,215
2026-09-17,BALEARS (ILLES),dieselPlus,1.869,2.112,2.26,101
2026-09-17,BALEARS (ILLES),g98,2.03,2.171,2.249,126
2026-09-17,BARCELONA,g95,1.459,1.899,2.089,773
2026-09-17,BARCELONA,diesel,1.615,1.912,2.099,783
2026-09-17,BARCELONA,dieselPlus,1.719,1.99,2.179,391
2026-09-17,BARCELONA,g98,1.816,2.068,2.249,438
2026-09-17,BURGOS,g95,1.799,1.971,2.123,134
2026-09-17,BURGOS,g98,1.89,2.139,2.228,57
2026-09-17,BURGOS,diesel,1.72,1.923,2.083,138
2026-09-17,BURGOS,dieselPlus,1.819,1.996,2.109,77
2026-09-17,CÁCERES,g95,1.739,1.954,2.109,145
2026-09-17,CÁCERES,diesel,1.749,1.964,2.139,157
2026-09-17,CÁCERES,g98,1.949,2.142,2.279,46
2026-09-17,CÁCERES,dieselPlus,1.769,2.071,2.219,79
2026-09-17,CÁDIZ,g95,1.789,1.956,2.109,287
2026-09-17,CÁDIZ,g98,1.91,2.137,2.209,116
2026-09-17,CÁDIZ,diesel,1.738,1.922,2.089,291
2026-09-17,CÁDIZ,dieselPlus,1.795,2.015,2.159,176
2026-09-17,CASTELLÓN / CASTELLÓ,g95,1.659,1.912,2.109,188
2026-09-17,CASTELLÓN / CASTELLÓ,diesel,1.649,1.915,2.098,190
2026-09-17,CASTELLÓN / CASTELLÓ,dieselPlus,1.669,2.039,2.155,96
2026-09-17,CASTELLÓN / CASTELLÓ,g98,1.799,2.102,2.259,76
2026-09-17,CIUDAD REAL,g95,1.613,1.912,2.059,192
2026-09-17,CIUDAD REAL,g98,1.799,2.091,2.291,71
2026-09-17,CIUDAD REAL,diesel,1.639,1.908,2.055,212
2026-09-17,CIUDAD REAL,dieselPlus,1.764,2.005,2.145,61
2026-09-17,CÓRDOBA,g95,1.649,1.92,2.049,203
2026-09-17,CÓRDOBA,diesel,1.739,1.938,2.069,208
2026-09-17,CÓRDOBA,g98,1.849,2.068,2.179,66
2026-09-17,CÓRDOBA,dieselPlus,1.759,2.02,2.169,102
2026-09-17,CORUÑA (A),g95,1.779,1.969,2.099,282
2026-09-17,CORUÑA (A),diesel,1.765,1.937,2.069,285
2026-09-17,CORUÑA (A),g98,1.92,2.116,2.279,170
2026-09-17,CORUÑA (A),dieselPlus,1.789,2.006,2.144,165
2026-09-17,CUENCA,g95,1.699,1.961,2.109,108
2026-09-17,CUENCA,diesel,1.665,1.939,2.129,119
2026-09-17,CUENCA,dieselPlus,1.819,2.066,2.199,55
2026-09-17,CUENCA,g98,1.832,2.119,2.239,40
2026-09-17,GIRONA,g95,1.659,1.931,2.122,258
2026-09-17,GIRONA,g98,1.799,2.097,2.289,155
2026-09-17,GIRONA,diesel,1.639,1.909,2.144,268
2026-09-17,GIRONA,dieselPlus,1.649,2.016,2.277,147
2026-09-17,GRANADA,g95,1.67,1.929,2.1,277
2026-09-17,GRANADA,diesel,1.67,1.914,2.1,281
2026-09-17,GRANADA,g98,1.859,2.112,2.259,149
2026-09-17,GRANADA,dieselPlus,1.7,2.02,2.139,169
2026-09-17,GUADALAJARA,g95,1.769,1.957,2.099,87
2026-09-17,GUADALAJARA,diesel,1.779,1.952,2.069,89
2026-09-17,GUADALAJARA,g98,1.869,2.129,2.215,44
2026-09-17,GUADALAJARA,dieselPlus,1.799,2.021,2.149,44
2026-09-17,GIPUZKOA,g95,1.699,1.965,2.059,131
2026-09-17,GIPUZKOA,g98,1.985,2.132,2.209,77
2026-09-17,GIPUZKOA,diesel,1.699,1.955,2.059,144
2026-09-17,GIPUZKOA,dieselPlus,1.827,2.046,2.164,80
2026-09-17,HUELVA,g95,1.47,1.954,2.075,135
2026-09-17,HUELVA,g98,1.888,2.123,2.229,47
2026-09-17,HUELVA,diesel,1.745,1.956,2.259,140
2026-09-17,HUELVA,dieselPlus,1.805,2.051,2.159,59
2026-09-17,HUESCA,g95,1.645,1.926,2.069,111
2026-09-17,HUESCA,g98,1.929,2.09,2.139,52
2026-09-17,HUESCA,diesel,1.653,1.913,2.095,121
2026-09-17,HUESCA,dieselPlus,1.77,2.019,2.169,57
2026-09-17,JAÉN,g95,1.658,1.929,2.049,207
2026-09-17,JAÉN,g98,1.799,2.112,2.299,80
2026-09-17,JAÉN,diesel,1.72,1.947,2.089,211
2026-09-17,JAÉN,dieselPlus,1.789,2.039,2.249,100
2026-09-17,LEÓN,g95,1.699,1.948,2.049,159
2026-09-17,LEÓN,diesel,1.699,1.962,2.069,165
2026-09-17,LEÓN,dieselPlus,1.719,2.036,2.145,114
2026-09-17,LEÓN,g98,1.899,2.096,2.199,95
2026-09-17,LLEIDA,g95,1.529,1.87,2.079,164
2026-09-17,LLEIDA,diesel,1.596,1.869,2.112,180
2026-09-17,LLEIDA,dieselPlus,1.72,1.973,2.169,78
2026-09-17,LLEIDA,g98,1.783,2.055,2.25,77
2026-09-17,RIOJA (LA),g95,1.713,1.931,2.019,81
2026-09-17,RIOJA (LA),diesel,1.738,1.926,2.069,83
2026-09-17,RIOJA (LA),dieselPlus,1.809,2.027,2.115,39
2026-09-17,RIOJA (LA),g98,1.989,2.108,2.169,37
2026-09-17,LUGO,g95,1.789,1.973,2.119,127
2026-09-17,LUGO,diesel,1.754,1.964,2.109,129
2026-09-17,LUGO,dieselPlus,1.819,2.063,2.149,66
2026-09-17,LUGO,g98,1.849,2.12,2.179,60
2026-09-17,MADRID,g95,1.739,1.946,2.149,857
2026-09-17,MADRID,g98,1.879,2.127,2.295,411
2026-09-17,MADRID,diesel,1.738,1.945,2.129,862
2026-09-17,MADRID,dieselPlus,1.769,2.028,2.19,455
2026-09-17,MÁLAGA,g95,1.733,1.961,2.099,301
2026-09-17,MÁLAGA,diesel,1.689,1.96,2.149,304
2026-09-17,MÁLAGA,dieselPlus,1.809,2.058,2.189,206
2026-09-17,MÁLAGA,g98,1.878,2.136,2.195,161
2026-09-17,MURCIA,g95,1.698,1.917,2.269,432
2026-09-17,MURCIA,diesel,1.675,1.904,2.259,454
2026-09-17,MURCIA,dieselPlus,1.698,1.975,2.189,235
2026-09-17,MURCIA,g98,1.777,2.076,2.239,234
2026-09-17,NAVARRA,g95,1.699,1.923,2.089,218
2026-09-17,NAVARRA,diesel,1.699,1.894,2.049,242
2026-09-17,NAVARRA,dieselPlus,1.739,1.997,2.139,101
2026-09-17,NAVARRA,g98,1.849,2.13,2.209,61
2026-09-17,OURENSE,g95,1.829,1.972,2.114,86
2026-09-17,OURENSE,g98,1.927,2.097,2.28,61
2026-09-17,OURENSE,diesel,1.839,1.969,2.049,86
2026-09-17,OURENSE,dieselPlus,1.877,2.034,2.104,55
2026-09-17,ASTURIAS,g95,1.687,1.987,2.139,226
2026-09-17,ASTURIAS,diesel,1.789,1.976,2.09,241
2026-09-17,ASTURIAS,dieselPlus,1.808,2.055,2.175,159
2026-09-17,ASTURIAS,g98,1.959,2.129,2.319,141
2026-09-17,PALENCIA,g95,1.787,1.997,2.059,66
2026-09-17,PALENCIA,diesel,1.787,1.987,2.069,68
2026-09-17,PALENCIA,dieselPlus,1.829,2.077,2.155,45
2026-09-17,PALENCIA,g98,1.979,2.162,2.239,38
2026-09-17,PALMAS (LAS),g95,1.359,1.49,1.595,255
2026-09-17,PALMAS (LAS),g98,1.402,1.621,1.719,225
2026-09-17,PALMAS (LAS),diesel,1.467,1.624,1.78,255
2026-09-17,PALMAS (LAS),dieselPlus,1.518,1.727,1.819,155
2026-09-17,PONTEVEDRA,g95,1.759,1.958,2.109,224
2026-09-17,PONTEVEDRA,diesel,1.789,1.946,2.059,225
2026-09-17,PONTEVEDRA,dieselPlus,1.819,2.043,2.169,143
2026-09-17,PONTEVEDRA,g98,1.869,2.113,2.299,135
2026-09-17,SALAMANCA,g95,1.8,1.957,2.089,105
2026-09-17,SALAMANCA,diesel,1.759,1.937,2.096,109
2026-09-17,SALAMANCA,dieselPlus,1.865,2.03,2.099,63
2026-09-17,SALAMANCA,g98,1.874,2.105,2.165,51
2026-09-17,SANTA CRUZ DE TENERIFE,g95,1.388,1.552,1.812,242
2026-09-17,SANTA CRUZ DE TENERIFE,g98,1.458,1.677,1.903,227
2026-09-17,SANTA CRUZ DE TENERIFE,diesel,1.51,1.684,1.933,241
2026-09-17,SANTA CRUZ DE TENERIFE,dieselPlus,1.579,1.778,1.974,129
2026-09-17,CANTABRIA,g95,1.777,1.968,2.079,167
2026-09-17,CANTABRIA,g98,1.89,2.125,2.239,86
2026-09-17,CANTABRIA,diesel,1.736,1.944,2.069,168
2026-09-17,CANTABRIA,dieselPlus,1.759,1.996,2.155,82
2026-09-17,SEGOVIA,g95,1.789,1.957,2.065,75
2026-09-17,SEGOVIA,diesel,1.789,1.943,2.065,76
2026-09-17,SEGOVIA,dieselPlus,1.809,2.022,2.139,43
2026-09-17,SEGOVIA,g98,1.899,2.136,2.239,37
2026-09-17,SEVILLA,g95,1.665,1.915,2.099,434
2026-09-17,SEVILLA,diesel,1.62,1.92,2.159,441
2026-09-17,SEVILLA,dieselPlus,1.799,2.03,2.244,233
2026-09-17,SEVILLA,g98,1.799,2.115,2.229,146
2026-09-17,SORIA,g95,1.769,1.936,2.059,42
2026-09-17,SORIA,g98,1.879,2.13,2.209,17
2026-09-17,SORIA,diesel,1.739,1.91,2.039,41
2026-09-17,SORIA,dieselPlus,1.78,1.986,2.129,20
2026-09-17,TARRAGONA,g95,1.465,1.922,2.079,215
2026-09-17,TARRAGONA,diesel,1.6,1.9,2.135,227
2026-09-17,TARRAGONA,g98,1.8,2.101,2.199,123
2026-09-17,TARRAGONA,dieselPlus,1.719,2.012,2.209,122
2026-09-17,TERUEL,g95,1.71,1.929,2.049,64
2026-09-17,TERUEL,diesel,1.699,1.903,2.059,69
2026-09-17,TERUEL,dieselPlus,1.712,2.024,2.104,33
2026-09-17,TERUEL,g98,1.73,2.08,2.219,30
2026-09-17,TOLEDO,g95,1.679,1.948,2.154,239
2026-09-17,TOLEDO,g98,1.827,2.129,2.259,118
2026-09-17,TOLEDO,diesel,1.7,1.941,2.184,242
2026-09-17,TOLEDO,dieselPlus,1.749,2.018,2.249,118
2026-09-17,VALENCIA / VALÈNCIA,g95,1.699,1.902,2.109,606
2026-09-17,VALENCIA / VALÈNCIA,diesel,1.677,1.877,2.057,620
2026-09-17,VALENCIA / VALÈNCIA,g98,1.729,2.11,2.339,273
2026-09-17,VALENCIA / VALÈNCIA,dieselPlus,1.699,1.982,2.139,304
2026-09-17,VALLADOLID,g95,1.699,1.954,2.085,143
2026-09-17,VALLADOLID,diesel,1.699,1.934,2.079,148
2026-09-17,VALLADOLID,dieselPlus,1.709,2.029,2.164,76
2026-09-17,VALLADOLID,g98,1.899,2.174,2.229,69
2026-09-17,BIZKAIA,g95,1.699,1.963,2.085,126
2026-09-17,BIZKAIA,g98,1.879,2.129,2.219,68
2026-09-17,BIZKAIA,diesel,1.699,1.928,2.029,127
2026-09-17,BIZKAIA,dieselPlus,1.719,1.963,2.119,45
2026-09-17,ZAMORA,g95,1.799,1.963,2.089,79
2026-09-17,ZAMORA,g98,1.909,2.126,2.24,44
2026-09-17,ZAMORA,diesel,1.769,1.945,2.059,85
2026-09-17,ZAMORA,dieselPlus,1.838,2.055,2.159,50
2026-09-17,ZARAGOZA,g95,1.708,1.938,2.069,219
2026-09-17,ZARAGOZA,g98,1.799,2.12,2.229,94
2026-09-17,ZARAGOZA,diesel,1.706,1.91,2.019,232
2026-09-17,ZARAGOZA,dieselPlus,1.753,1.979,2.099,87
2026-09-17,CEUTA,g95,1.644,1.684,1.699,10
2026-09-17,CEUTA,g98,1.698,1.72,1.729,8
2026-09-17,CEUTA,diesel,1.674,1.731,1.769,10
2026-09-17,CEUTA,dieselPlus,1.734,1.767,1.809,4
2026-09-17,MELILLA,g95,1.509,1.526,1.534,12
2026-09-17,MELILLA,diesel,1.495,1.508,1.517,12
2026-09-17,MELILLA,dieselPlus,1.547,1.556,1.567,8
2026-09-18,ARABA/ÁLAVA,g95,1.739,1.946,2.109,67
2026-09-18,ARABA/ÁLAVA,diesel,1.759,1.944,2.089,71
2026-09-18,ARABA/ÁLAVA,dieselPlus,1.759,2.026,2.189,35
2026-09-18,ARABA/ÁLAVA,g98,1.849,2.115,2.219,37
2026-09-18,ALBACETE,g95,1.648,1.938,2.079,142
2026-09-18,ALBACETE,diesel,1.499,1.939,2.119,151
2026-09-18,ALBACETE,dieselPlus,1.789,2.058,2.189,68
2026-09-18,ALBACETE,g98,1.799,2.135,2.209,65
2026-09-18,ALICANTE,g95,1.749,1.957,2.079,474
2026-09-18,ALICANTE,diesel,1.728,1.923,2.086,478
2026-09-18,ALICANTE,g98,1.819,2.138,2.239,259
2026-09-18,ALICANTE,dieselPlus,1.759,2.034,2.245,276
2026-09-18,ALMERÍA,g95,1.499,1.902,2.099,216
2026-09-18,ALMERÍA,g98,1.822,2.078,2.269,94
2026-09-18,ALMERÍA,diesel,1.695,1.9,2.089,226
2026-09-18,ALMERÍA,dieselPlus,1.765,2.001,2.179,118
2026-09-18,ÁVILA,g95,1.609,1.961,2.099,70
2026-09-18,ÁVILA,diesel,1.699,1.972,2.074,71
2026-09-18,ÁVILA,dieselPlus,1.829,2.07,2.193,45
2026-09-18,ÁVILA,g98,1.667,2.083,2.189,33
2026-09-18,BADAJOZ,diesel,1.694,1.922,2.299,278
2026-09-18,BADAJOZ,g95,1.72,1.919,2.289,244
2026-09-18,BADAJOZ,dieselPlus,1.799,2.02,2.399,130
2026-09-18,BADAJOZ,g98,1.809,2.119,2.429,66
2026-09-18,BALEARS (ILLES),g95,1.849,2.04,2.399,215
2026-09-18,BALEARS (ILLES),diesel,1.819,2.039,2.299,215
2026-09-18,BALEARS (ILLES),dieselPlus,1.859,2.121,2.26,101
2026-09-18,BALEARS (ILLES),g98,2.03,2.174,2.249,126
2026-09-18,BARCELONA,g95,1.459,1.901,2.089,771
2026-09-18,BARCELONA,diesel,1.615,1.919,2.099,781
2026-09-18,BARCELONA,dieselPlus,1.719,1.999,2.199,389
2026-09-18,BARCELONA,g98,1.816,2.073,2.239,437
2026-09-18,BURGOS,g95,1.799,1.974,2.123,134
2026-09-18,BURGOS,g98,1.89,2.142,2.219,57
2026-09-18,BURGOS,diesel,1.72,1.934,2.083,138
2026-09-18,BURGOS,dieselPlus,1.819,2.009,2.155,77
2026-09-18,CÁCERES,g95,1.739,1.956,2.099,145
2026-09-18,CÁCERES,diesel,1.749,1.974,2.119,157
2026-09-18,CÁCERES,g98,1.989,2.149,2.279,46
2026-09-18,CÁCERES,dieselPlus,1.769,2.084,2.189,79
2026-09-18,CÁDIZ,g95,1.789,1.959,2.109,287
2026-09-18,CÁDIZ,g98,1.91,2.144,2.219,116
2026-09-18,CÁDIZ,diesel,1.768,1.929,2.089,291
2026-09-18,CÁDIZ,dieselPlus,1.795,2.026,2.169,176
2026-09-18,CASTELLÓN / CASTELLÓ,g95,1.659,1.918,2.109,189
2026-09-18,CASTELLÓN / CASTELLÓ,diesel,1.649,1.928,2.098,191
2026-09-18,CASTELLÓN / CASTELLÓ,dieselPlus,1.669,2.053,2.175,97
2026-09-18,CASTELLÓN / CASTELLÓ,g98,1.799,2.107,2.259,76
2026-09-18,CIUDAD REAL,g95,1.659,1.915,2.059,192
2026-09-18,CIUDAD REAL,g98,1.799,2.098,2.291,71
2026-09-18,CIUDAD REAL,diesel,1.639,1.918,2.055,212
2026-09-18,CIUDAD REAL,dieselPlus,1.776,2.02,2.145,61
2026-09-18,CÓRDOBA,g95,1.649,1.921,2.049,203
2026-09-18,CÓRDOBA,diesel,1.739,1.946,2.079,208
2026-09-18,CÓRDOBA,g98,1.849,2.073,2.189,66
2026-09-18,CÓRDOBA,dieselPlus,1.808,2.031,2.189,102
2026-09-18,CORUÑA (A),g95,1.779,1.971,2.109,282
2026-09-18,CORUÑA (A),diesel,1.779,1.944,2.079,285
2026-09-18,CORUÑA (A),g98,1.92,2.118,2.229,170
2026-09-18,CORUÑA (A),dieselPlus,1.789,2.013,2.159,165
2026-09-18,CUENCA,g95,1.699,1.965,2.109,108
2026-09-18,CUENCA,diesel,1.665,1.945,2.104,119
2026-09-18,CUENCA,dieselPlus,1.819,2.082,2.199,55
2026-09-18,CUENCA,g98,1.832,2.126,2.239,40
2026-09-18,GIRONA,g95,1.659,1.936,2.122,257
2026-09-18,GIRONA,g98,1.799,2.104,2.279,154
2026-09-18,GIRONA,diesel,1.639,1.918,2.119,266
2026-09-18,GIRONA,dieselPlus,1.719,2.03,2.249,147
2026-09-18,GRANADA,g95,1.639,1.933,2.1,277
2026-09-18,GRANADA,diesel,1.67,1.923,2.1,281
2026-09-18,GRANADA,g98,1.859,2.12,2.259,149
2026-09-18,GRANADA,dieselPlus,1.7,2.032,2.139,169
2026-09-18,GUADALAJARA,g95,1.779,1.961,2.099,87
2026-09-18,GUADALAJARA,diesel,1.799,1.962,2.084,89
2026-09-18,GUADALAJARA,g98,1.879,2.135,2.229,44
2026-09-18,GUADALAJARA,dieselPlus,1.809,2.034,2.159,44
2026-09-18,GIPUZKOA,g95,1.699,1.967,2.059,131
2026-09-18,GIPUZKOA,g98,1.985,2.137,2.215,77
2026-09-18,GIPUZKOA,diesel,1.699,1.964,2.074,144
2026-09-18,GIPUZKOA,dieselPlus,1.827,2.055,2.179,80
2026-09-18,HUELVA,g95,1.47,1.957,2.079,136
2026-09-18,HUELVA,g98,1.888,2.128,2.239,47
2026-09-18,HUELVA,diesel,1.783,1.966,2.259,141
2026-09-18,HUELVA,dieselPlus,1.805,2.064,2.179,60
2026-09-18,HUESCA,g95,1.673,1.93,2.065,111
2026-09-18,HUESCA,g98,1.929,2.096,2.158,52
2026-09-18,HUESCA,diesel,1.653,1.923,2.069,121
2026-09-18,HUESCA,dieselPlus,1.779,2.03,2.169,57
2026-09-18,JAÉN,g95,1.709,1.929,2.049,208
2026-09-18,JAÉN,g98,1.809,2.121,2.299,80
2026-09-18,JAÉN,diesel,1.759,1.955,2.099,212
2026-09-18,JAÉN,dieselPlus,1.809,2.049,2.259,101
2026-09-18,LEÓN,g95,1.699,1.947,2.049,159
2026-09-18,LEÓN,diesel,1.699,1.968,2.079,165
2026-09-18,LEÓN,dieselPlus,1.719,2.046,2.155,114
2026-09-18,LEÓN,g98,1.899,2.103,2.239,95
2026-09-18,LLEIDA,g95,1.579,1.874,2.079,164
2026-09-18,LLEIDA,diesel,1.596,1.876,2.099,180
2026-09-18,LLEIDA,dieselPlus,1.72,1.985,2.169,78
2026-09-18,LLEIDA,g98,1.82,2.061,2.25,77
2026-09-18,RIOJA (LA),g95,1.713,1.936,2.049,81
2026-09-18,RIOJA (LA),diesel,1.738,1.934,2.069,83
2026-09-18,RIOJA (LA),dieselPlus,1.879,2.042,2.135,39
2026-09-18,RIOJA (LA),g98,1.989,2.113,2.175,37
2026-09-18,LUGO,g95,1.789,1.976,2.119,127
2026-09-18,LUGO,diesel,1.754,1.972,2.109,129
2026-09-18,LUGO,dieselPlus,1.819,2.073,2.159,66
2026-09-18,LUGO,g98,1.849,2.125,2.205,60
2026-09-18,MADRID,g95,1.739,1.948,2.149,857
2026-09-18,MADRID,g98,1.879,2.134,2.295,411
2026-09-18,MADRID,diesel,1.739,1.954,2.149,862
2026-09-18,MADRID,dieselPlus,1.769,2.037,2.209,455
2026-09-18,MÁLAGA,g95,1.75,1.964,2.099,301
2026-09-18,MÁLAGA,diesel,1.699,1.971,2.149,304
2026-09-18,MÁLAGA,dieselPlus,1.809,2.071,2.189,206
2026-09-18,MÁLAGA,g98,1.878,2.14,2.205,161
2026-09-18,MURCIA,g95,1.698,1.92,2.269,432
2026-09-18,MURCIA,diesel,1.678,1.913,2.259,454
2026-09-18,MURCIA,dieselPlus,1.698,1.983,2.189,235
2026-09-18,MURCIA,g98,1.777,2.08,2.229,234
2026-09-18,NAVARRA,g95,1.699,1.926,2.089,218
2026-09-18,NAVARRA,diesel,1.699,1.903,2.059,242
2026-09-18,NAVARRA,dieselPlus,1.779,2.011,2.149,101
2026-09-18,NAVARRA,g98,1.889,2.135,2.209,61
2026-09-18,OURENSE,g95,1.829,1.973,2.114,86
2026-09-18,OURENSE,g98,1.927,2.101,2.28,61
2026-09-18,OURENSE,diesel,1.857,1.975,2.049,86
2026-09-18,OURENSE,dieselPlus,1.877,2.044,2.119,55
2026-09-18,ASTURIAS,g95,1.819,1.988,2.159,226
2026-09-18,ASTURIAS,diesel,1.789,1.984,2.119,241
2026-09-18,ASTURIAS,dieselPlus,1.808,2.064,2.185,159
2026-09-18,ASTURIAS,g98,1.979,2.133,2.329,141
2026-09-18,PALENCIA,g95,1.787,2.001,2.109,66
2026-09-18,PALENCIA,g98,1.979,2.167,2.239,38
2026-09-18,PALENCIA,diesel,1.787,2,2.084,68
2026-09-18,PALENCIA,dieselPlus,1.879,2.094,2.175,45
2026-09-18,PALMAS (LAS),g95,1.359,1.495,1.649,255
2026-09-18,PALMAS (LAS),g98,1.402,1.629,1.759,225
2026-09-18,PALMAS (LAS),diesel,1.487,1.633,1.78,255
2026-09-18,PALMAS (LAS),dieselPlus,1.548,1.735,1.809,155
2026-09-18,PONTEVEDRA,g95,1.759,1.96,2.109,224
2026-09-18,PONTEVEDRA,diesel,1.789,1.955,2.059,225
2026-09-18,PONTEVEDRA,dieselPlus,1.819,2.054,2.169,142
2026-09-18,PONTEVEDRA,g98,1.869,2.118,2.299,135
2026-09-18,SALAMANCA,g95,1.786,1.958,2.089,105
2026-09-18,SALAMANCA,diesel,1.759,1.947,2.068,109
2026-09-18,SALAMANCA,dieselPlus,1.865,2.044,2.109,63
2026-09-18,SALAMANCA,g98,1.874,2.113,2.179,51
2026-09-18,SANTA CRUZ DE TENERIFE,g95,1.388,1.558,1.812,242
2026-09-18,SANTA CRUZ DE TENERIFE,g98,1.458,1.685,1.909,227
2026-09-18,SANTA CRUZ DE TENERIFE,diesel,1.51,1.695,1.933,241
2026-09-18,SANTA CRUZ DE TENERIFE,dieselPlus,1.549,1.787,1.974,129
2026-09-18,CANTABRIA,g95,1.789,1.969,2.079,167
2026-09-18,CANTABRIA,g98,1.899,2.128,2.239,86
2026-09-18,CANTABRIA,diesel,1.739,1.952,2.085,168
2026-09-18,CANTABRIA,dieselPlus,1.759,2.001,2.159,82
2026-09-18,SEGOVIA,g95,1.789,1.962,2.065,75
2026-09-18,SEGOVIA,diesel,1.799,1.955,2.075,76
2026-09-18,SEGOVIA,dieselPlus,1.809,2.036,2.159,43
2026-09-18,SEGOVIA,g98,1.899,2.143,2.239,37
2026-09-18,SEVILLA,g95,1.665,1.917,2.099,434
2026-09-18,SEVILLA,diesel,1.62,1.928,2.174,441
2026-09-18,SEVILLA,dieselPlus,1.799,2.041,2.259,233
2026-09-18,SEVILLA,g98,1.799,2.121,2.229,146
2026-09-18,SORIA,g95,1.769,1.941,2.059,42
2026-09-18,SORIA,g98,1.879,2.138,2.219,17
2026-09-18,SORIA,diesel,1.739,1.913,2.029,41
2026-09-18,SORIA,dieselPlus,1.81,2,2.139,20
2026-09-18,TARRAGONA,g95,1.465,1.925,2.079,214
2026-09-18,TARRAGONA,diesel,1.6,1.907,2.135,226
2026-09-18,TARRAGONA,g98,1.8,2.108,2.199,123
2026-09-18,TARRAGONA,dieselPlus,1.719,2.021,2.209,122
2026-09-18,TERUEL,g95,1.71,1.931,2.059,64
2026-09-18,TERUEL,diesel,1.699,1.912,2.059,69
2026-09-18,TERUEL,dieselPlus,1.712,2.04,2.119,33
2026-09-18,TERUEL,g98,1.73,2.086,2.219,30
2026-09-18,TOLEDO,g95,1.679,1.951,2.154,239
2026-09-18,TOLEDO,g98,1.827,2.134,2.259,118
2026-09-18,TOLEDO,diesel,1.709,1.949,2.184,242
2026-09-18,TOLEDO,dieselPlus,1.749,2.026,2.249,118
2026-09-18,VALENCIA / VALÈNCIA,g95,1.677,1.907,2.109,607
2026-09-18,VALENCIA / VALÈNCIA,diesel,1.695,1.886,2.079,621
2026-09-18,VALENCIA / VALÈNCIA,g98,1.729,2.118,2.329,273
2026-09-18,VALENCIA / VALÈNCIA,dieselPlus,1.719,1.994,2.189,303
2026-09-18,VALLADOLID,g95,1.699,1.955,2.079,143
2026-09-18,VALLADOLID,diesel,1.699,1.943,2.089,148
2026-09-18,VALLADOLID,dieselPlus,1.709,2.043,2.179,76
2026-09-18,VALLADOLID,g98,1.899,2.181,2.245,69
2026-09-18,BIZKAIA,g95,1.699,1.963,2.085,127
2026-09-18,BIZKAIA,g98,1.879,2.135,2.229,68
2026-09-18,BIZKAIA,diesel,1.699,1.935,2.044,128
2026-09-18,BIZKAIA,dieselPlus,1.719,1.966,2.129,46
2026-09-18,ZAMORA,g95,1.763,1.963,2.099,79
2026-09-18,ZAMORA,g98,1.909,2.13,2.239,44
2026-09-18,ZAMORA,diesel,1.773,1.952,2.079,85
2026-09-18,ZAMORA,dieselPlus,1.838,2.063,2.169,50
2026-09-18,ZARAGOZA,g95,1.708,1.94,2.069,219
2026-09-18,ZARAGOZA,g98,1.799,2.127,2.229,94
2026-09-18,ZARAGOZA,diesel,1.706,1.919,2.067,232
2026-09-18,ZARAGOZA,dieselPlus,1.753,1.987,2.119,87
2026-09-18,CEUTA,g95,1.644,1.684,1.699,10
2026-09-18,CEUTA,g98,1.698,1.72,1.729,8
2026-09-18,CEUTA,diesel,1.674,1.736,1.769,10
2026-09-18,CEUTA,dieselPlus,1.734,1.767,1.809,4
2026-09-18,MELILLA,g95,1.525,1.531,1.534,12
2026-09-18,MELILLA,diesel,1.505,1.513,1.517,12
2026-09-18,MELILLA,dieselPlus,1.557,1.562,1.577,8
2026-09-19,ALBACETE,g95,1.648,1.94,2.079,142
2026-09-19,ALBACETE,diesel,1.499,1.942,2.119,150
2026-09-19,ALBACETE,dieselPlus,1.809,2.058,2.189,68
2026-09-19,ALBACETE,g98,1.799,2.131,2.199,65
2026-09-19,ALICANTE,g95,1.749,1.958,2.079,474
2026-09-19,ALICANTE,g98,1.819,2.137,2.229,259
2026-09-19,ALICANTE,diesel,1.728,1.924,2.055,478
2026-09-19,ALICANTE,dieselPlus,1.759,2.033,2.233,276
2026-09-19,ALMERÍA,g95,1.499,1.903,2.109,216
2026-09-19,ALMERÍA,g98,1.859,2.077,2.269,94
2026-09-19,ALMERÍA,diesel,1.695,1.902,2.089,226
2026-09-19,ALMERÍA,dieselPlus,1.765,2.002,2.179,118
2026-09-19,ARABA/ÁLAVA,g95,1.739,1.947,2.109,67
2026-09-19,ARABA/ÁLAVA,diesel,1.759,1.945,2.089,71
2026-09-19,ARABA/ÁLAVA,dieselPlus,1.759,2.026,2.189,35
2026-09-19,ARABA/ÁLAVA,g98,1.849,2.11,2.209,37
2026-09-19,ASTURIAS,g95,1.819,1.986,2.159,225
2026-09-19,ASTURIAS,diesel,1.789,1.985,2.119,240
2026-09-19,ASTURIAS,dieselPlus,1.808,2.064,2.179,158
2026-09-19,ASTURIAS,g98,1.979,2.127,2.329,141
2026-09-19,ÁVILA,g95,1.609,1.963,2.079,69
2026-09-19,ÁVILA,diesel,1.699,1.976,2.074,70
2026-09-19,ÁVILA,dieselPlus,1.844,2.075,2.193,44
2026-09-19,ÁVILA,g98,1.667,2.085,2.189,32
2026-09-19,BADAJOZ,diesel,1.694,1.925,2.299,276
2026-09-19,BADAJOZ,g95,1.729,1.921,2.289,243
2026-09-19,BADAJOZ,dieselPlus,1.799,2.022,2.399,130
2026-09-19,BADAJOZ,g98,1.809,2.116,2.429,66
2026-09-19,BALEARS (ILLES),g95,1.859,2.041,2.399,215
2026-09-19,BALEARS (ILLES),diesel,1.829,2.043,2.299,215
2026-09-19,BALEARS (ILLES),dieselPlus,1.869,2.122,2.26,101
2026-09-19,BALEARS (ILLES),g98,2.03,2.171,2.249,126
2026-09-19,BARCELONA,g95,1.459,1.903,2.089,767
2026-09-19,BARCELONA,diesel,1.699,1.921,2.139,777
2026-09-19,BARCELONA,dieselPlus,1.719,1.998,2.199,388
2026-09-19,BARCELONA,g98,1.816,2.072,2.239,434
2026-09-19,BIZKAIA,g95,1.699,1.965,2.085,127
2026-09-19,BIZKAIA,diesel,1.699,1.938,2.059,128
2026-09-19,BIZKAIA,dieselPlus,1.719,1.969,2.139,46
2026-09-19,BIZKAIA,g98,1.879,2.131,2.219,68
2026-09-19,BURGOS,g95,1.799,1.974,2.123,134
2026-09-19,BURGOS,g98,1.91,2.14,2.219,57
2026-09-19,BURGOS,diesel,1.72,1.936,2.083,138
2026-09-19,BURGOS,dieselPlus,1.819,2.011,2.155,77
2026-09-19,CÁCERES,g95,1.779,1.96,2.099,145
2026-09-19,CÁCERES,diesel,1.769,1.977,2.119,157
2026-09-19,CÁCERES,g98,1.989,2.145,2.279,46
2026-09-19,CÁCERES,dieselPlus,1.829,2.084,2.182,79
2026-09-19,CÁDIZ,g95,1.789,1.959,2.109,287
2026-09-19,CÁDIZ,diesel,1.768,1.93,2.089,291
2026-09-19,CÁDIZ,dieselPlus,1.809,2.025,2.159,176
2026-09-19,CÁDIZ,g98,1.91,2.142,2.219,116
2026-09-19,CANTABRIA,g95,1.789,1.971,2.079,167
2026-09-19,CANTABRIA,g98,1.899,2.126,2.229,86
2026-09-19,CANTABRIA,diesel,1.769,1.955,2.085,168
2026-09-19,CANTABRIA,dieselPlus,1.797,2.005,2.159,82
2026-09-19,CASTELLÓN / CASTELLÓ,g95,1.699,1.918,2.109,189
2026-09-19,CASTELLÓN / CASTELLÓ,diesel,1.719,1.929,2.098,191
2026-09-19,CASTELLÓN / CASTELLÓ,dieselPlus,1.759,2.052,2.165,97
2026-09-19,CASTELLÓN / CASTELLÓ,g98,1.799,2.102,2.259,76
2026-09-19,CEUTA,g95,1.644,1.684,1.699,10
2026-09-19,CEUTA,g98,1.698,1.72,1.729,8
2026-09-19,CEUTA,diesel,1.674,1.736,1.769,10
2026-09-19,CEUTA,dieselPlus,1.734,1.767,1.809,4
2026-09-19,CIUDAD REAL,g95,1.659,1.916,2.059,192
2026-09-19,CIUDAD REAL,g98,1.799,2.094,2.291,71
2026-09-19,CIUDAD REAL,diesel,1.639,1.919,2.065,212
2026-09-19,CIUDAD REAL,dieselPlus,1.779,2.021,2.145,61
2026-09-19,CÓRDOBA,g95,1.649,1.924,2.049,203
2026-09-19,CÓRDOBA,diesel,1.739,1.949,2.079,208
2026-09-19,CÓRDOBA,g98,1.849,2.071,2.179,66
2026-09-19,CÓRDOBA,dieselPlus,1.839,2.031,2.179,102
2026-09-19,CORUÑA (A),g95,1.779,1.971,2.109,282
2026-09-19,CORUÑA (A),diesel,1.779,1.945,2.089,285
2026-09-19,CORUÑA (A),g98,1.92,2.117,2.249,170
2026-09-19,CORUÑA (A),dieselPlus,1.789,2.014,2.169,165
2026-09-19,CUENCA,g95,1.709,1.966,2.109,108
2026-09-19,CUENCA,diesel,1.665,1.945,2.104,119
2026-09-19,CUENCA,dieselPlus,1.819,2.08,2.199,55
2026-09-19,CUENCA,g98,1.839,2.127,2.239,40
2026-09-19,GIPUZKOA,g95,1.699,1.968,2.059,131
2026-09-19,GIPUZKOA,diesel,1.699,1.965,2.074,144
2026-09-19,GIPUZKOA,g98,1.985,2.134,2.209,77
2026-09-19,GIPUZKOA,dieselPlus,1.827,2.055,2.179,80
2026-09-19,GIRONA,g95,1.699,1.936,2.122,257
2026-09-19,GIRONA,g98,1.799,2.102,2.279,154
2026-09-19,GIRONA,diesel,1.698,1.918,2.089,266
2026-09-19,GIRONA,dieselPlus,1.719,2.028,2.219,147
2026-09-19,GRANADA,g95,1.67,1.935,2.1,277
2026-09-19,GRANADA,g98,1.859,2.119,2.259,149
2026-09-19,GRANADA,diesel,1.67,1.924,2.1,281
2026-09-19,GRANADA,dieselPlus,1.7,2.031,2.162,169
2026-09-19,GUADALAJARA,g95,1.779,1.961,2.099,87
2026-09-19,GUADALAJARA,g98,1.879,2.134,2.215,44
2026-09-19,GUADALAJARA,diesel,1.799,1.961,2.084,89
2026-09-19,GUADALAJARA,dieselPlus,1.809,2.035,2.159,44
2026-09-19,HUELVA,g95,1.47,1.957,2.069,136
2026-09-19,HUELVA,g98,1.928,2.124,2.225,47
2026-09-19,HUELVA,diesel,1.783,1.968,2.259,141
2026-09-19,HUELVA,dieselPlus,1.809,2.064,2.179,60
2026-09-19,HUESCA,g95,1.673,1.931,2.089,111
2026-09-19,HUESCA,g98,1.929,2.093,2.169,52
2026-09-19,HUESCA,diesel,1.653,1.927,2.059,121
2026-09-19,HUESCA,dieselPlus,1.78,2.032,2.179,57
2026-09-19,JAÉN,g95,1.709,1.929,2.049,208
2026-09-19,JAÉN,g98,1.809,2.119,2.299,80
2026-09-19,JAÉN,diesel,1.759,1.958,2.099,212
2026-09-19,JAÉN,dieselPlus,1.809,2.05,2.259,101
2026-09-19,LEÓN,g95,1.699,1.947,2.049,159
2026-09-19,LEÓN,diesel,1.699,1.965,2.074,165
2026-09-19,LEÓN,dieselPlus,1.719,2.039,2.149,114
2026-09-19,LEÓN,g98,1.899,2.099,2.239,95
2026-09-19,LLEIDA,g95,1.579,1.874,2.079,164
2026-09-19,LLEIDA,diesel,1.596,1.878,2.099,179
2026-09-19,LLEIDA,dieselPlus,1.72,1.986,2.169,78
2026-09-19,LLEIDA,g98,1.82,2.059,2.225,77
2026-09-19,LUGO,g95,1.789,1.977,2.119,127
2026-09-19,LUGO,diesel,1.754,1.973,2.109,129
2026-09-19,LUGO,dieselPlus,1.819,2.072,2.159,66
2026-09-19,LUGO,g98,1.849,2.123,2.199,60
2026-09-19,MADRID,g95,1.739,1.95,2.149,857
2026-09-19,MADRID,g98,1.879,2.131,2.295,411
2026-09-19,MADRID,diesel,1.769,1.955,2.149,862
2026-09-19,MADRID,dieselPlus,1.779,2.038,2.209,454
2026-09-19,MÁLAGA,g95,1.75,1.964,2.099,301
2026-09-19,MÁLAGA,diesel,1.699,1.969,2.149,304
2026-09-19,MÁLAGA,dieselPlus,1.809,2.068,2.189,206
2026-09-19,MÁLAGA,g98,1.878,2.137,2.199,161
2026-09-19,MELILLA,g95,1.525,1.531,1.534,12
2026-09-19,MELILLA,diesel,1.505,1.513,1.517,12
2026-09-19,MELILLA,dieselPlus,1.557,1.562,1.577,8
2026-09-19,MURCIA,g95,1.698,1.921,2.269,432
2026-09-19,MURCIA,diesel,1.678,1.915,2.259,454
2026-09-19,MURCIA,dieselPlus,1.698,1.984,2.189,235
2026-09-19,MURCIA,g98,1.777,2.077,2.229,234
2026-09-19,NAVARRA,g95,1.699,1.926,2.089,218
2026-09-19,NAVARRA,diesel,1.699,1.904,2.059,242
2026-09-19,NAVARRA,dieselPlus,1.709,2.01,2.149,101
2026-09-19,NAVARRA,g98,1.889,2.133,2.209,61
2026-09-19,OURENSE,g95,1.819,1.971,2.059,87
2026-09-19,OURENSE,g98,1.927,2.096,2.179,62
2026-09-19,OURENSE,diesel,1.857,1.976,2.054,87
2026-09-19,OURENSE,dieselPlus,1.889,2.042,2.129,56
2026-09-19,PALENCIA,g95,1.787,2.002,2.109,66
2026-09-19,PALENCIA,g98,1.979,2.163,2.239,38
2026-09-19,PALENCIA,diesel,1.787,2.001,2.084,68
2026-09-19,PALENCIA,dieselPlus,1.879,2.091,2.165,45
2026-09-19,PALMAS (LAS),g95,1.359,1.497,1.649,253
2026-09-19,PALMAS (LAS),g98,1.402,1.631,1.759,223
2026-09-19,PALMAS (LAS),diesel,1.487,1.636,1.78,253
2026-09-19,PALMAS (LAS),dieselPlus,1.548,1.738,1.819,154
2026-09-19,PONTEVEDRA,g95,1.759,1.96,2.109,224
2026-09-19,PONTEVEDRA,diesel,1.789,1.955,2.074,226
2026-09-19,PONTEVEDRA,dieselPlus,1.819,2.052,2.169,143
2026-09-19,PONTEVEDRA,g98,1.869,2.115,2.299,135
2026-09-19,RIOJA (LA),g95,1.713,1.937,2.049,81
2026-09-19,RIOJA (LA),diesel,1.738,1.934,2.069,83
2026-09-19,RIOJA (LA),dieselPlus,1.879,2.039,2.115,39
2026-09-19,RIOJA (LA),g98,1.989,2.108,2.169,37
2026-09-19,SALAMANCA,g95,1.786,1.959,2.089,105
2026-09-19,SALAMANCA,diesel,1.759,1.948,2.068,109
2026-09-19,SALAMANCA,dieselPlus,1.865,2.044,2.109,63
2026-09-19,SALAMANCA,g98,1.874,2.111,2.179,51
2026-09-19,SANTA CRUZ DE TENERIFE,g95,1.388,1.558,1.812,242
2026-09-19,SANTA CRUZ DE TENERIFE,diesel,1.51,1.696,1.933,241
2026-09-19,SANTA CRUZ DE TENERIFE,g98,1.458,1.685,1.909,227
2026-09-19,SANTA CRUZ DE TENERIFE,dieselPlus,1.549,1.79,1.974,129
2026-09-19,SEGOVIA,g95,1.789,1.962,2.065,75
2026-09-19,SEGOVIA,diesel,1.799,1.955,2.075,76
2026-09-19,SEGOVIA,dieselPlus,1.809,2.036,2.149,43
2026-09-19,SEGOVIA,g98,1.899,2.142,2.239,37
2026-09-19,SEVILLA,g95,1.665,1.919,2.099,434
2026-09-19,SEVILLA,diesel,1.62,1.929,2.174,441
2026-09-19,SEVILLA,dieselPlus,1.799,2.04,2.259,233
2026-09-19,SEVILLA,g98,1.799,2.12,2.229,146
2026-09-19,SORIA,g95,1.769,1.941,2.059,42
2026-09-19,SORIA,g98,1.879,2.132,2.209,17
2026-09-19,SORIA,diesel,1.739,1.913,2.029,41
2026-09-19,SORIA,dieselPlus,1.81,1.996,2.139,20
2026-09-19,TARRAGONA,g95,1.465,1.926,2.089,214
2026-09-19,TARRAGONA,g98,1.8,2.104,2.199,123
2026-09-19,TARRAGONA,diesel,1.6,1.907,2.135,226
2026-09-19,TARRAGONA,dieselPlus,1.719,2.019,2.229,122
2026-09-19,TERUEL,g95,1.71,1.932,2.059,64
2026-09-19,TERUEL,diesel,1.699,1.913,2.059,69
2026-09-19,TERUEL,dieselPlus,1.712,2.04,2.119,33
2026-09-19,TERUEL,g98,1.73,2.084,2.219,30
2026-09-19,TOLEDO,g95,1.679,1.952,2.154,239
2026-09-19,TOLEDO,g98,1.827,2.134,2.259,118
2026-09-19,TOLEDO,diesel,1.709,1.951,2.184,242
2026-09-19,TOLEDO,dieselPlus,1.749,2.029,2.249,118
2026-09-19,VALENCIA / VALÈNCIA,g95,1.677,1.908,2.113,606
2026-09-19,VALENCIA / VALÈNCIA,diesel,1.695,1.888,2.119,620
2026-09-19,VALENCIA / VALÈNCIA,g98,1.729,2.118,2.329,273
2026-09-19,VALENCIA / VALÈNCIA,dieselPlus,1.749,1.993,2.189,302
2026-09-19,VALLADOLID,g95,1.699,1.954,2.079,143
2026-09-19,VALLADOLID,diesel,1.699,1.943,2.089,148
2026-09-19,VALLADOLID,dieselPlus,1.709,2.04,2.179,76
2026-09-19,VALLADOLID,g98,1.899,2.176,2.245,69
2026-09-19,ZAMORA,g95,1.763,1.965,2.099,79
2026-09-19,ZAMORA,g98,1.909,2.128,2.239,44
2026-09-19,ZAMORA,diesel,1.773,1.955,2.079,85
2026-09-19,ZAMORA,dieselPlus,1.838,2.064,2.169,50
2026-09-19,ZARAGOZA,g95,1.708,1.938,2.049,217
2026-09-19,ZARAGOZA,g98,1.799,2.122,2.209,92
2026-09-19,ZARAGOZA,diesel,1.706,1.92,2.067,229
2026-09-19,ZARAGOZA,dieselPlus,1.753,1.991,2.119,85
2026-09-20,ALBACETE,g95,1.648,1.942,2.099,142
2026-09-20,ALBACETE,diesel,1.499,1.945,2.119,150
2026-09-20,ALBACETE,dieselPlus,1.809,2.06,2.189,68
2026-09-20,ALBACETE,g98,1.799,2.134,2.199,65
2026-09-20,ALICANTE,g95,1.749,1.958,2.084,474
2026-09-20,ALICANTE,g98,1.839,2.137,2.229,259
2026-09-20,ALICANTE,diesel,1.728,1.926,2.055,478
2026-09-20,ALICANTE,dieselPlus,1.759,2.035,2.233,276
2026-09-20,ALMERÍA,g95,1.499,1.902,2.109,216
2026-09-20,ALMERÍA,g98,1.859,2.078,2.269,94
2026-09-20,ALMERÍA,diesel,1.695,1.903,2.089,227
2026-09-20,ALMERÍA,dieselPlus,1.765,2.003,2.179,118
2026-09-20,ARABA/ÁLAVA,g95,1.739,1.948,2.109,67
2026-09-20,ARABA/ÁLAVA,diesel,1.759,1.947,2.095,71
2026-09-20,ARABA/ÁLAVA,dieselPlus,1.759,2.026,2.189,35
2026-09-20,ARABA/ÁLAVA,g98,1.849,2.111,2.199,37
2026-09-20,ASTURIAS,g95,1.819,1.986,2.159,225
2026-09-20,ASTURIAS,diesel,1.789,1.988,2.119,240
2026-09-20,ASTURIAS,dieselPlus,1.808,2.066,2.179,158
2026-09-20,ASTURIAS,g98,1.979,2.127,2.329,141
2026-09-20,ÁVILA,g95,1.609,1.964,2.079,69
2026-09-20,ÁVILA,g98,1.667,2.085,2.189,32
2026-09-20,ÁVILA,diesel,1.699,1.978,2.084,70
2026-09-20,ÁVILA,dieselPlus,1.844,2.077,2.193,44
2026-09-20,BADAJOZ,diesel,1.694,1.928,2.299,276
2026-09-20,BADAJOZ,g95,1.729,1.922,2.289,243
2026-09-20,BADAJOZ,dieselPlus,1.799,2.024,2.399,130
2026-09-20,BADAJOZ,g98,1.809,2.116,2.429,66
2026-09-20,BALEARS (ILLES),g95,1.849,2.041,2.399,215
2026-09-20,BALEARS (ILLES),diesel,1.825,2.044,2.299,215
2026-09-20,BALEARS (ILLES),dieselPlus,1.865,2.122,2.26,101
2026-09-20,BALEARS (ILLES),g98,2.03,2.172,2.249,126
2026-09-20,BARCELONA,g95,1.69,1.904,2.089,767
2026-09-20,BARCELONA,diesel,1.699,1.924,2.139,777
2026-09-20,BARCELONA,dieselPlus,1.719,2,2.199,388
2026-09-20,BARCELONA,g98,1.816,2.073,2.239,434
2026-09-20,BIZKAIA,g95,1.699,1.966,2.085,127
2026-09-20,BIZKAIA,diesel,1.699,1.942,2.059,128
2026-09-20,BIZKAIA,dieselPlus,1.719,1.969,2.139,46
2026-09-20,BIZKAIA,g98,1.879,2.131,2.219,68
2026-09-20,BURGOS,g95,1.799,1.974,2.123,134
2026-09-20,BURGOS,g98,1.91,2.14,2.219,57
2026-09-20,BURGOS,diesel,1.72,1.938,2.083,138
2026-09-20,BURGOS,dieselPlus,1.819,2.013,2.155,77
2026-09-20,CÁCERES,g95,1.779,1.962,2.109,145
2026-09-20,CÁCERES,diesel,1.769,1.981,2.119,157
2026-09-20,CÁCERES,g98,1.989,2.146,2.279,46
2026-09-20,CÁCERES,dieselPlus,1.829,2.087,2.182,79
2026-09-20,CÁDIZ,g95,1.789,1.96,2.109,287
2026-09-20,CÁDIZ,diesel,1.768,1.933,2.089,291
2026-09-20,CÁDIZ,dieselPlus,1.809,2.027,2.159,176
2026-09-20,CÁDIZ,g98,1.91,2.142,2.219,116
2026-09-20,CANTABRIA,g95,1.789,1.972,2.079,167
2026-09-20,CANTABRIA,g98,1.899,2.126,2.229,86
2026-09-20,CANTABRIA,diesel,1.769,1.958,2.105,168
2026-09-20,CANTABRIA,dieselPlus,1.797,2.006,2.159,82
2026-09-20,CASTELLÓN / CASTELLÓ,g95,1.699,1.919,2.109,190
2026-09-20,CASTELLÓN / CASTELLÓ,diesel,1.719,1.932,2.098,192
2026-09-20,CASTELLÓN / CASTELLÓ,dieselPlus,1.759,2.056,2.175,97
2026-09-20,CASTELLÓN / CASTELLÓ,g98,1.799,2.103,2.259,76
2026-09-20,CEUTA,g95,1.644,1.684,1.699,10
2026-09-20,CEUTA,g98,1.698,1.72,1.729,8
2026-09-20,CEUTA,diesel,1.674,1.736,1.769,10
2026-09-20,CEUTA,dieselPlus,1.734,1.767,1.809,4
2026-09-20,CIUDAD REAL,g95,1.649,1.916,2.059,192
2026-09-20,CIUDAD REAL,g98,1.799,2.095,2.291,71
2026-09-20,CIUDAD REAL,diesel,1.629,1.922,2.065,212
2026-09-20,CIUDAD REAL,dieselPlus,1.779,2.022,2.145,61
2026-09-20,CÓRDOBA,g95,1.649,1.924,2.049,203
2026-09-20,CÓRDOBA,diesel,1.739,1.951,2.095,208
2026-09-20,CÓRDOBA,g98,1.849,2.071,2.179,66
2026-09-20,CÓRDOBA,dieselPlus,1.829,2.033,2.185,102
2026-09-20,CORUÑA (A),g95,1.779,1.972,2.109,282
2026-09-20,CORUÑA (A),diesel,1.779,1.947,2.089,285
2026-09-20,CORUÑA (A),g98,1.92,2.117,2.249,170
2026-09-20,CORUÑA (A),dieselPlus,1.809,2.016,2.169,165
2026-09-20,CUENCA,g95,1.709,1.966,2.109,108
2026-09-20,CUENCA,diesel,1.665,1.948,2.104,119
2026-09-20,CUENCA,dieselPlus,1.819,2.082,2.199,55
2026-09-20,CUENCA,g98,1.839,2.128,2.239,40
2026-09-20,GIPUZKOA,g95,1.699,1.969,2.069,131
2026-09-20,GIPUZKOA,diesel,1.699,1.969,2.089,144
2026-09-20,GIPUZKOA,g98,1.985,2.135,2.209,77
2026-09-20,GIPUZKOA,dieselPlus,1.827,2.059,2.189,80
2026-09-20,GIRONA,g95,1.699,1.937,2.122,257
2026-09-20,GIRONA,g98,1.799,2.103,2.289,154
2026-09-20,GIRONA,diesel,1.698,1.921,2.099,266
2026-09-20,GIRONA,dieselPlus,1.719,2.031,2.229,147
2026-09-20,GRANADA,g95,1.67,1.936,2.1,277
2026-09-20,GRANADA,g98,1.859,2.119,2.259,149
2026-09-20,GRANADA,diesel,1.67,1.927,2.1,281
2026-09-20,GRANADA,dieselPlus,1.7,2.034,2.162,169
2026-09-20,GUADALAJARA,g95,1.779,1.965,2.099,87
2026-09-20,GUADALAJARA,diesel,1.799,1.97,2.085,89
2026-09-20,GUADALAJARA,g98,1.879,2.138,2.225,44
2026-09-20,GUADALAJARA,dieselPlus,1.809,2.045,2.165,44
2026-09-20,HUELVA,g95,1.47,1.958,2.075,136
2026-09-20,HUELVA,g98,1.928,2.124,2.225,47
2026-09-20,HUELVA,diesel,1.783,1.969,2.259,141
2026-09-20,HUELVA,dieselPlus,1.809,2.065,2.179,60
2026-09-20,HUESCA,g95,1.673,1.932,2.089,111
2026-09-20,HUESCA,g98,1.929,2.094,2.169,52
2026-09-20,HUESCA,diesel,1.653,1.93,2.059,121
2026-09-20,HUESCA,dieselPlus,1.78,2.036,2.179,57
2026-09-20,JAÉN,g95,1.709,1.93,2.049,208
2026-09-20,JAÉN,g98,1.809,2.119,2.299,80
2026-09-20,JAÉN,diesel,1.759,1.961,2.105,212
2026-09-20,JAÉN,dieselPlus,1.809,2.052,2.259,101
2026-09-20,LEÓN,g95,1.699,1.948,2.049,159
2026-09-20,LEÓN,diesel,1.699,1.969,2.085,165
2026-09-20,LEÓN,dieselPlus,1.719,2.045,2.149,114
2026-09-20,LEÓN,g98,1.899,2.101,2.239,95
2026-09-20,LLEIDA,g95,1.579,1.874,2.079,164
2026-09-20,LLEIDA,diesel,1.596,1.88,2.099,179
2026-09-20,LLEIDA,dieselPlus,1.72,1.989,2.169,78
2026-09-20,LLEIDA,g98,1.82,2.059,2.225,77
2026-09-20,LUGO,g95,1.789,1.979,2.119,127
2026-09-20,LUGO,diesel,1.754,1.978,2.109,129
2026-09-20,LUGO,dieselPlus,1.819,2.076,2.159,66
2026-09-20,LUGO,g98,1.849,2.123,2.199,60
2026-09-20,MADRID,g95,1.739,1.95,2.149,857
2026-09-20,MADRID,diesel,1.769,1.957,2.149,862
2026-09-20,MADRID,g98,1.879,2.132,2.295,411
2026-09-20,MADRID,dieselPlus,1.779,2.038,2.209,454
2026-09-20,MÁLAGA,g95,1.75,1.965,2.099,301
2026-09-20,MÁLAGA,diesel,1.699,1.972,2.149,304
2026-09-20,MÁLAGA,dieselPlus,1.809,2.07,2.189,206
2026-09-20,MÁLAGA,g98,1.878,2.137,2.199,161
2026-09-20,MELILLA,g95,1.525,1.531,1.534,12
2026-09-20,MELILLA,diesel,1.505,1.513,1.517,12
2026-09-20,MELILLA,dieselPlus,1.557,1.562,1.577,8
2026-09-20,MURCIA,g95,1.698,1.921,2.269,432
2026-09-20,MURCIA,diesel,1.678,1.916,2.259,454
2026-09-20,MURCIA,dieselPlus,1.698,1.985,2.189,235
2026-09-20,MURCIA,g98,1.777,2.078,2.229,234
2026-09-20,NAVARRA,g95,1.699,1.926,2.089,218
2026-09-20,NAVARRA,diesel,1.699,1.906,2.074,242
2026-09-20,NAVARRA,dieselPlus,1.709,2.012,2.164,101
2026-09-20,NAVARRA,g98,1.889,2.133,2.209,61
2026-09-20,OURENSE,g95,1.819,1.971,2.059,87
2026-09-20,OURENSE,g98,1.927,2.096,2.179,62
2026-09-20,OURENSE,diesel,1.857,1.979,2.059,87
2026-09-20,OURENSE,dieselPlus,1.877,2.045,2.109,56
2026-09-20,PALENCIA,g95,1.787,2.002,2.109,66
2026-09-20,PALENCIA,g98,1.979,2.163,2.239,38
2026-09-20,PALENCIA,diesel,1.787,2.003,2.089,68
2026-09-20,PALENCIA,dieselPlus,1.839,2.092,2.169,45
2026-09-20,PALMAS (LAS),g95,1.359,1.498,1.649,253
2026-09-20,PALMAS (LAS),g98,1.402,1.631,1.759,223
2026-09-20,PALMAS (LAS),diesel,1.467,1.637,1.78,253
2026-09-20,PALMAS (LAS),dieselPlus,1.548,1.738,1.819,154
2026-09-20,PONTEVEDRA,g95,1.759,1.961,2.109,224
2026-09-20,PONTEVEDRA,diesel,1.789,1.958,2.065,226
2026-09-20,PONTEVEDRA,dieselPlus,1.819,2.055,2.169,143
2026-09-20,PONTEVEDRA,g98,1.869,2.115,2.299,135
2026-09-20,RIOJA (LA),g95,1.713,1.937,2.049,81
2026-09-20,RIOJA (LA),diesel,1.738,1.937,2.069,83
2026-09-20,RIOJA (LA),dieselPlus,1.879,2.042,2.135,39
2026-09-20,RIOJA (LA),g98,1.989,2.109,2.169,37
2026-09-20,SALAMANCA,g95,1.786,1.96,2.089,105
2026-09-20,SALAMANCA,diesel,1.78,1.953,2.068,109
2026-09-20,SALAMANCA,dieselPlus,1.865,2.049,2.119,63
2026-09-20,SALAMANCA,g98,1.874,2.11,2.179,51
2026-09-20,SANTA CRUZ DE TENERIFE,g95,1.388,1.559,1.812,242
2026-09-20,SANTA CRUZ DE TENERIFE,g98,1.458,1.686,1.909,227
2026-09-20,SANTA CRUZ DE TENERIFE,diesel,1.51,1.696,1.933,241
2026-09-20,SANTA CRUZ DE TENERIFE,dieselPlus,1.549,1.791,1.974,129
2026-09-20,SEGOVIA,g95,1.789,1.962,2.069,75
2026-09-20,SEGOVIA,diesel,1.799,1.957,2.089,76
2026-09-20,SEGOVIA,dieselPlus,1.809,2.038,2.149,43
2026-09-20,SEGOVIA,g98,1.899,2.143,2.239,37
2026-09-20,SEVILLA,g95,1.665,1.92,2.099,434
2026-09-20,SEVILLA,diesel,1.62,1.931,2.174,441
2026-09-20,SEVILLA,dieselPlus,1.799,2.043,2.259,233
2026-09-20,SEVILLA,g98,1.799,2.12,2.229,146
2026-09-20,SORIA,g95,1.769,1.941,2.069,42
2026-09-20,SORIA,g98,1.879,2.133,2.219,17
2026-09-20,SORIA,diesel,1.739,1.915,2.029,41
2026-09-20,SORIA,dieselPlus,1.81,1.998,2.139,20
2026-09-20,TARRAGONA,g95,1.465,1.926,2.089,214
2026-09-20,TARRAGONA,g98,1.8,2.106,2.199,123
2026-09-20,TARRAGONA,diesel,1.6,1.912,2.135,226
2026-09-20,TARRAGONA,dieselPlus,1.719,2.024,2.229,122
2026-09-20,TERUEL,g95,1.71,1.933,2.059,64
2026-09-20,TERUEL,diesel,1.699,1.918,2.059,69
2026-09-20,TERUEL,dieselPlus,1.712,2.048,2.129,33
2026-09-20,TERUEL,g98,1.73,2.085,2.219,30
2026-09-20,TOLEDO,g95,1.679,1.953,2.154,239
2026-09-20,TOLEDO,g98,1.827,2.135,2.259,118
2026-09-20,TOLEDO,diesel,1.709,1.953,2.199,242
2026-09-20,TOLEDO,dieselPlus,1.749,2.03,2.264,118
2026-09-20,VALENCIA / VALÈNCIA,g95,1.677,1.909,2.113,606
2026-09-20,VALENCIA / VALÈNCIA,diesel,1.695,1.89,2.119,620
2026-09-20,VALENCIA / VALÈNCIA,g98,1.729,2.118,2.329,273
2026-09-20,VALENCIA / VALÈNCIA,dieselPlus,1.719,1.997,2.189,302
2026-09-20,VALLADOLID,g95,1.699,1.955,2.079,143
2026-09-20,VALLADOLID,diesel,1.699,1.947,2.099,148
2026-09-20,VALLADOLID,dieselPlus,1.709,2.043,2.179,76
2026-09-20,VALLADOLID,g98,1.899,2.176,2.245,69
2026-09-20,ZAMORA,g95,1.763,1.965,2.099,79
2026-09-20,ZAMORA,g98,1.909,2.128,2.239,44
2026-09-20,ZAMORA,diesel,1.773,1.957,2.079,85
2026-09-20,ZAMORA,dieselPlus,1.838,2.066,2.169,50
2026-09-20,ZARAGOZA,g95,1.708,1.938,2.055,216
2026-09-20,ZARAGOZA,g98,1.799,2.122,2.209,92
2026-09-20,ZARAGOZA,diesel,1.706,1.924,2.067,228
2026-09-20,ZARAGOZA,dieselPlus,1.753,1.992,2.129,85
2026-09-21,ALBACETE,g95,1.659,1.944,2.099,142
2026-09-21,ALBACETE,diesel,1.499,1.948,2.119,151
2026-09-21,ALBACETE,dieselPlus,1.809,2.064,2.189,68
2026-09-21,ALBACETE,g98,1.799,2.134,2.199,65
2026-09-21,ALICANTE,g95,1.749,1.959,2.079,474
2026-09-21,ALICANTE,g98,1.839,2.137,2.229,259
2026-09-21,ALICANTE,diesel,1.728,1.928,2.055,478
2026-09-21,ALICANTE,dieselPlus,1.769,2.038,2.233,276
2026-09-21,ALMERÍA,g95,1.499,1.904,2.109,217
2026-09-21,ALMERÍA,g98,1.864,2.083,2.269,94
2026-09-21,ALMERÍA,diesel,1.695,1.907,2.089,228
2026-09-21,ALMERÍA,dieselPlus,1.765,2.009,2.179,118
2026-09-21,ARABA/ÁLAVA,g95,1.767,1.949,2.109,67
2026-09-21,ARABA/ÁLAVA,diesel,1.759,1.949,2.089,71
2026-09-21,ARABA/ÁLAVA,dieselPlus,1.799,2.031,2.189,35
2026-09-21,ARABA/ÁLAVA,g98,1.849,2.111,2.199,37
2026-09-21,ASTURIAS,g95,1.819,1.988,2.159,225
2026-09-21,ASTURIAS,diesel,1.789,1.992,2.114,240
2026-09-21,ASTURIAS,dieselPlus,1.828,2.069,2.179,158
2026-09-21,ASTURIAS,g98,1.979,2.128,2.329,141
2026-09-21,ÁVILA,g95,1.839,1.972,2.089,69
2026-09-21,ÁVILA,g98,1.959,2.101,2.189,32
2026-09-21,ÁVILA,diesel,1.849,1.987,2.075,70
2026-09-21,ÁVILA,dieselPlus,1.879,2.082,2.193,44
2026-09-21,BADAJOZ,diesel,1.694,1.935,2.299,279
2026-09-21,BADAJOZ,g95,1.749,1.927,2.289,246
2026-09-21,BADAJOZ,dieselPlus,1.799,2.033,2.399,133
2026-09-21,BADAJOZ,g98,1.809,2.12,2.429,68
2026-09-21,BALEARS (ILLES),g95,1.839,2.04,2.399,215
2026-09-21,BALEARS (ILLES),diesel,1.825,2.045,2.299,215
2026-09-21,BALEARS (ILLES),dieselPlus,1.865,2.124,2.26,101
2026-09-21,BALEARS (ILLES),g98,2.03,2.172,2.249,126
2026-09-21,BARCELONA,g95,1.69,1.905,2.089,767
2026-09-21,BARCELONA,diesel,1.719,1.927,2.139,777
2026-09-21,BARCELONA,dieselPlus,1.729,2.003,2.199,388
2026-09-21,BARCELONA,g98,1.816,2.074,2.239,434
2026-09-21,BIZKAIA,g95,1.697,1.963,2.109,127
2026-09-21,BIZKAIA,g98,1.879,2.131,2.219,68
2026-09-21,BIZKAIA,diesel,1.697,1.942,2.089,128
2026-09-21,BIZKAIA,dieselPlus,1.729,1.972,2.199,46
2026-09-21,BURGOS,g95,1.82,1.977,2.123,134
2026-09-21,BURGOS,g98,1.91,2.141,2.219,57
2026-09-21,BURGOS,diesel,1.72,1.942,2.083,138
2026-09-21,BURGOS,dieselPlus,1.819,2.017,2.155,77
2026-09-21,CÁCERES,g95,1.779,1.963,2.109,145
2026-09-21,CÁCERES,diesel,1.769,1.984,2.119,157
2026-09-21,CÁCERES,g98,1.989,2.146,2.279,46
2026-09-21,CÁCERES,dieselPlus,1.849,2.094,2.182,79
2026-09-21,CÁDIZ,g95,1.789,1.962,2.109,287
2026-09-21,CÁDIZ,g98,1.91,2.142,2.209,116
2026-09-21,CÁDIZ,diesel,1.768,1.936,2.089,291
2026-09-21,CÁDIZ,dieselPlus,1.829,2.03,2.159,176
2026-09-21,CANTABRIA,g95,1.789,1.974,2.069,167
2026-09-21,CANTABRIA,g98,1.899,2.126,2.229,86
2026-09-21,CANTABRIA,diesel,1.769,1.962,2.095,168
2026-09-21,CANTABRIA,dieselPlus,1.797,2.012,2.165,82
2026-09-21,CASTELLÓN / CASTELLÓ,g95,1.699,1.922,2.119,190
2026-09-21,CASTELLÓN / CASTELLÓ,diesel,1.719,1.936,2.109,192
2026-09-21,CASTELLÓN / CASTELLÓ,dieselPlus,1.769,2.06,2.175,97
2026-09-21,CASTELLÓN / CASTELLÓ,g98,1.799,2.104,2.269,76
2026-09-21,CEUTA,g95,1.644,1.684,1.699,10
2026-09-21,CEUTA,g98,1.698,1.72,1.729,8
2026-09-21,CEUTA,diesel,1.674,1.736,1.769,10
2026-09-21,CEUTA,dieselPlus,1.734,1.767,1.809,4
2026-09-21,CIUDAD REAL,g95,1.649,1.918,2.059,192
2026-09-21,CIUDAD REAL,g98,1.799,2.096,2.291,71
2026-09-21,CIUDAD REAL,diesel,1.629,1.925,2.065,212
2026-09-21,CIUDAD REAL,dieselPlus,1.799,2.024,2.145,61
2026-09-21,CÓRDOBA,g95,1.649,1.926,2.049,203
2026-09-21,CÓRDOBA,diesel,1.759,1.955,2.089,208
2026-09-21,CÓRDOBA,g98,1.849,2.072,2.179,66
2026-09-21,CÓRDOBA,dieselPlus,1.839,2.035,2.185,102
2026-09-21,CORUÑA (A),g95,1.799,1.973,2.109,282
2026-09-21,CORUÑA (A),diesel,1.779,1.95,2.089,284
2026-09-21,CORUÑA (A),g98,1.92,2.12,2.249,170
2026-09-21,CORUÑA (A),dieselPlus,1.819,2.02,2.169,165
2026-09-21,CUENCA,g95,1.719,1.97,2.109,108
2026-09-21,CUENCA,diesel,1.665,1.951,2.104,119
2026-09-21,CUENCA,dieselPlus,1.839,2.086,2.199,55
2026-09-21,CUENCA,g98,1.839,2.128,2.239,40
2026-09-21,GIPUZKOA,g95,1.699,1.969,2.069,131
2026-09-21,GIPUZKOA,diesel,1.699,1.971,2.079,144
2026-09-21,GIPUZKOA,g98,1.999,2.134,2.229,77
2026-09-21,GIPUZKOA,dieselPlus,1.827,2.058,2.189,80
2026-09-21,GIRONA,g95,1.699,1.937,2.122,257
2026-09-21,GIRONA,g98,1.799,2.102,2.289,154
2026-09-21,GIRONA,diesel,1.698,1.922,2.099,267
2026-09-21,GIRONA,dieselPlus,1.729,2.034,2.229,147
2026-09-21,GRANADA,g95,1.67,1.938,2.1,279
2026-09-21,GRANADA,g98,1.859,2.12,2.259,150
2026-09-21,GRANADA,diesel,1.67,1.931,2.1,283
2026-09-21,GRANADA,dieselPlus,1.7,2.037,2.162,171
2026-09-21,GUADALAJARA,g95,1.779,1.969,2.099,87
2026-09-21,GUADALAJARA,g98,1.879,2.138,2.225,44
2026-09-21,GUADALAJARA,diesel,1.799,1.975,2.085,89
2026-09-21,GUADALAJARA,dieselPlus,1.839,2.049,2.165,44
2026-09-21,HUELVA,g95,1.75,1.964,2.069,137
2026-09-21,HUELVA,diesel,1.783,1.975,2.259,142
2026-09-21,HUELVA,g98,1.928,2.132,2.5,48
2026-09-21,HUELVA,dieselPlus,1.829,2.071,2.179,61
2026-09-21,HUESCA,g95,1.673,1.935,2.08,111
2026-09-21,HUESCA,g98,1.969,2.096,2.179,52
2026-09-21,HUESCA,diesel,1.653,1.937,2.11,121
2026-09-21,HUESCA,dieselPlus,1.79,2.041,2.179,57
2026-09-21,JAÉN,g95,1.709,1.932,2.049,208
2026-09-21,JAÉN,g98,1.809,2.12,2.299,80
2026-09-21,JAÉN,diesel,1.759,1.965,2.099,212
2026-09-21,JAÉN,dieselPlus,1.829,2.057,2.259,101
2026-09-21,LEÓN,g95,1.699,1.95,2.049,159
2026-09-21,LEÓN,diesel,1.699,1.972,2.079,165
2026-09-21,LEÓN,dieselPlus,1.729,2.047,2.169,114
2026-09-21,LEÓN,g98,1.899,2.102,2.239,95
2026-09-21,LLEIDA,g95,1.579,1.876,2.079,165
2026-09-21,LLEIDA,diesel,1.596,1.883,2.099,181
2026-09-21,LLEIDA,dieselPlus,1.72,1.993,2.169,79
2026-09-21,LLEIDA,g98,1.82,2.06,2.225,78
2026-09-21,LUGO,g95,1.799,1.978,2.119,127
2026-09-21,LUGO,diesel,1.754,1.979,2.109,129
2026-09-21,LUGO,dieselPlus,1.859,2.078,2.159,66
2026-09-21,LUGO,g98,1.959,2.126,2.199,60
2026-09-21,MADRID,g95,1.759,1.952,2.149,857
2026-09-21,MADRID,diesel,1.769,1.96,2.149,862
2026-09-21,MADRID,g98,1.879,2.132,2.239,412
2026-09-21,MADRID,dieselPlus,1.799,2.041,2.209,454
2026-09-21,MÁLAGA,g95,1.739,1.965,2.099,301
2026-09-21,MÁLAGA,diesel,1.699,1.974,2.149,304
2026-09-21,MÁLAGA,dieselPlus,1.819,2.072,2.189,206
2026-09-21,MÁLAGA,g98,1.878,2.137,2.199,161
2026-09-21,MELILLA,g95,1.525,1.534,1.544,12
2026-09-21,MELILLA,diesel,1.505,1.516,1.527,12
2026-09-21,MELILLA,dieselPlus,1.557,1.566,1.577,8
2026-09-21,MURCIA,g95,1.698,1.923,2.269,433
2026-09-21,MURCIA,diesel,1.678,1.919,2.259,455
2026-09-21,MURCIA,dieselPlus,1.698,1.989,2.189,236
2026-09-21,MURCIA,g98,1.777,2.08,2.229,235
2026-09-21,NAVARRA,g95,1.699,1.927,2.089,218
2026-09-21,NAVARRA,diesel,1.699,1.908,2.064,242
2026-09-21,NAVARRA,dieselPlus,1.729,2.013,2.154,101
2026-09-21,NAVARRA,g98,1.889,2.133,2.199,61
2026-09-21,OURENSE,g95,1.819,1.971,2.059,87
2026-09-21,OURENSE,g98,1.927,2.097,2.179,62
2026-09-21,OURENSE,diesel,1.857,1.982,2.049,87
2026-09-21,OURENSE,dieselPlus,1.887,2.046,2.119,56
2026-09-21,PALENCIA,g95,1.787,2.003,2.109,66
2026-09-21,PALENCIA,diesel,1.787,2.008,2.089,68
2026-09-21,PALENCIA,dieselPlus,1.869,2.096,2.169,45
2026-09-21,PALENCIA,g98,1.979,2.164,2.239,38
2026-09-21,PALMAS (LAS),g95,1.359,1.499,1.649,253
2026-09-21,PALMAS (LAS),g98,1.402,1.633,1.759,223
2026-09-21,PALMAS (LAS),diesel,1.467,1.639,1.78,253
2026-09-21,PALMAS (LAS),dieselPlus,1.548,1.742,1.819,154
2026-09-21,PONTEVEDRA,g95,1.759,1.961,2.109,224
2026-09-21,PONTEVEDRA,diesel,1.789,1.96,2.069,226
2026-09-21,PONTEVEDRA,dieselPlus,1.839,2.059,2.169,143
2026-09-21,PONTEVEDRA,g98,1.869,2.117,2.299,135
2026-09-21,RIOJA (LA),g95,1.713,1.936,2.049,81
2026-09-21,RIOJA (LA),diesel,1.738,1.938,2.069,83
2026-09-21,RIOJA (LA),dieselPlus,1.879,2.044,2.135,39
2026-09-21,RIOJA (LA),g98,1.989,2.11,2.169,37
2026-09-21,SALAMANCA,g95,1.786,1.96,2.089,105
2026-09-21,SALAMANCA,diesel,1.78,1.955,2.029,109
2026-09-21,SALAMANCA,dieselPlus,1.875,2.05,2.119,63
2026-09-21,SALAMANCA,g98,1.874,2.111,2.179,51
2026-09-21,SANTA CRUZ DE TENERIFE,g95,1.388,1.562,1.812,242
2026-09-21,SANTA CRUZ DE TENERIFE,g98,1.458,1.689,1.909,227
2026-09-21,SANTA CRUZ DE TENERIFE,diesel,1.5,1.7,1.933,241
2026-09-21,SANTA CRUZ DE TENERIFE,dieselPlus,1.549,1.793,1.974,129
2026-09-21,SEGOVIA,g95,1.809,1.964,2.065,75
2026-09-21,SEGOVIA,diesel,1.819,1.961,2.104,76
2026-09-21,SEGOVIA,dieselPlus,1.829,2.042,2.189,43
2026-09-21,SEGOVIA,g98,1.899,2.143,2.257,37
2026-09-21,SEVILLA,g95,1.728,1.922,2.099,434
2026-09-21,SEVILLA,diesel,1.62,1.935,2.174,441
2026-09-21,SEVILLA,dieselPlus,1.799,2.047,2.259,233
2026-09-21,SEVILLA,g98,1.799,2.122,2.229,146
2026-09-21,SORIA,g95,1.769,1.942,2.059,42
2026-09-21,SORIA,g98,1.879,2.133,2.219,17
2026-09-21,SORIA,diesel,1.752,1.916,2.029,41
2026-09-21,SORIA,dieselPlus,1.81,2.005,2.139,20
2026-09-21,TARRAGONA,g95,1.465,1.927,2.069,214
2026-09-21,TARRAGONA,g98,1.8,2.105,2.199,123
2026-09-21,TARRAGONA,diesel,1.699,1.914,2.135,227
2026-09-21,TARRAGONA,dieselPlus,1.729,2.025,2.209,122
2026-09-21,TERUEL,g95,1.71,1.933,2.059,64
2026-09-21,TERUEL,diesel,1.728,1.921,2.039,69
2026-09-21,TERUEL,dieselPlus,1.712,2.049,2.122,33
2026-09-21,TERUEL,g98,1.73,2.084,2.219,30
2026-09-21,TOLEDO,g95,1.679,1.956,2.154,238
2026-09-21,TOLEDO,g98,1.827,2.133,2.259,118
2026-09-21,TOLEDO,diesel,1.709,1.957,2.199,241
2026-09-21,TOLEDO,dieselPlus,1.749,2.037,2.264,117
2026-09-21,VALENCIA / VALÈNCIA,g95,1.677,1.912,2.113,608
2026-09-21,VALENCIA / VALÈNCIA,diesel,1.699,1.895,2.119,622
2026-09-21,VALENCIA / VALÈNCIA,g98,1.729,2.12,2.329,274
2026-09-21,VALENCIA / VALÈNCIA,dieselPlus,1.729,2.002,2.189,304
2026-09-21,VALLADOLID,g95,1.699,1.956,2.079,143
2026-09-21,VALLADOLID,diesel,1.699,1.948,2.099,148
2026-09-21,VALLADOLID,dieselPlus,1.729,2.044,2.179,76
2026-09-21,VALLADOLID,g98,1.899,2.177,2.239,69
2026-09-21,ZAMORA,g95,1.779,1.965,2.099,79
2026-09-21,ZAMORA,g98,1.909,2.129,2.239,44
2026-09-21,ZAMORA,diesel,1.779,1.957,2.079,85
2026-09-21,ZAMORA,dieselPlus,1.838,2.067,2.169,50
2026-09-21,ZARAGOZA,g95,1.708,1.939,2.049,216
2026-09-21,ZARAGOZA,g98,1.799,2.122,2.209,92
2026-09-21,ZARAGOZA,diesel,1.706,1.928,2.067,228
2026-09-21,ZARAGOZA,dieselPlus,1.753,2.001,2.129,85
2026-09-22,ALBACETE,g95,1.659,1.947,2.099,142
2026-09-22,ALBACETE,diesel,1.499,1.951,2.119,151
2026-09-22,ALBACETE,dieselPlus,1.839,2.066,2.189,68
2026-09-22,ALBACETE,g98,1.82,2.135,2.199,65
2026-09-22,ALICANTE,g95,1.749,1.964,2.079,474
2026-09-22,ALICANTE,g98,1.839,2.14,2.229,259
2026-09-22,ALICANTE,diesel,1.739,1.935,2.049,478
2026-09-22,ALICANTE,dieselPlus,1.809,2.043,2.233,276
2026-09-22,ALMERÍA,g95,1.499,1.909,2.109,217
2026-09-22,ALMERÍA,g98,1.864,2.084,2.269,94
2026-09-22,ALMERÍA,diesel,1.777,1.915,2.089,228
2026-09-22,ALMERÍA,dieselPlus,1.765,2.014,2.179,118
2026-09-22,ARABA/ÁLAVA,g95,1.767,1.95,2.109,67
2026-09-22,ARABA/ÁLAVA,diesel,1.759,1.949,2.095,71
2026-09-22,ARABA/ÁLAVA,dieselPlus,1.799,2.032,2.189,35
2026-09-22,ARABA/ÁLAVA,g98,1.849,2.112,2.199,37
2026-09-22,ASTURIAS,g95,1.829,1.988,2.099,225
2026-09-22,ASTURIAS,diesel,1.809,1.994,2.099,240
2026-09-22,ASTURIAS,dieselPlus,1.828,2.072,2.185,158
2026-09-22,ASTURIAS,g98,1.979,2.128,2.299,141
2026-09-22,ÁVILA,g95,1.849,1.975,2.089,69
2026-09-22,ÁVILA,diesel,1.839,1.99,2.085,70
2026-09-22,ÁVILA,dieselPlus,1.909,2.086,2.193,44
2026-09-22,ÁVILA,g98,1.959,2.101,2.199,32
2026-09-22,BADAJOZ,diesel,1.694,1.939,2.299,280
2026-09-22,BADAJOZ,g95,1.749,1.929,2.289,247
2026-09-22,BADAJOZ,dieselPlus,1.799,2.039,2.399,134
2026-09-22,BADAJOZ,g98,1.829,2.118,2.429,69
2026-09-22,BALEARS (ILLES),g95,1.868,2.043,2.399,215
2026-09-22,BALEARS (ILLES),diesel,1.865,2.049,2.299,215
2026-09-22,BALEARS (ILLES),dieselPlus,1.898,2.128,2.26,101
2026-09-22,BALEARS (ILLES),g98,2.03,2.171,2.249,126
2026-09-22,BARCELONA,g95,1.69,1.907,2.099,771
2026-09-22,BARCELONA,diesel,1.719,1.929,2.114,781
2026-09-22,BARCELONA,dieselPlus,1.729,2.006,2.199,389
2026-09-22,BARCELONA,g98,1.816,2.075,2.249,436
2026-09-22,BIZKAIA,g95,1.697,1.962,2.109,127
2026-09-22,BIZKAIA,g98,1.879,2.13,2.209,68
2026-09-22,BIZKAIA,diesel,1.697,1.943,2.089,128
2026-09-22,BIZKAIA,dieselPlus,1.729,1.973,2.199,46
2026-09-22,BURGOS,g95,1.819,1.977,2.123,134
2026-09-22,BURGOS,g98,1.91,2.14,2.219,57
2026-09-22,BURGOS,diesel,1.72,1.944,2.085,138
2026-09-22,BURGOS,dieselPlus,1.819,2.018,2.155,77
2026-09-22,CÁCERES,g95,1.779,1.965,2.109,144
2026-09-22,CÁCERES,diesel,1.769,1.987,2.102,156
2026-09-22,CÁCERES,g98,1.989,2.148,2.279,46
2026-09-22,CÁCERES,dieselPlus,1.849,2.094,2.182,79
2026-09-22,CÁDIZ,g95,1.799,1.965,2.109,287
2026-09-22,CÁDIZ,g98,1.91,2.143,2.209,116
2026-09-22,CÁDIZ,diesel,1.768,1.944,2.104,292
2026-09-22,CÁDIZ,dieselPlus,1.829,2.035,2.174,176
2026-09-22,CANTABRIA,g95,1.789,1.978,2.079,167
2026-09-22,CANTABRIA,g98,1.899,2.128,2.229,86
2026-09-22,CANTABRIA,diesel,1.77,1.968,2.105,168
2026-09-22,CANTABRIA,dieselPlus,1.809,2.018,2.159,82
2026-09-22,CASTELLÓN / CASTELLÓ,g95,1.699,1.922,2.119,190
2026-09-22,CASTELLÓN / CASTELLÓ,diesel,1.719,1.939,2.109,192
2026-09-22,CASTELLÓN / CASTELLÓ,dieselPlus,1.769,2.065,2.175,97
2026-09-22,CASTELLÓN / CASTELLÓ,g98,1.799,2.102,2.269,76
2026-09-22,CEUTA,g95,1.644,1.684,1.699,10
2026-09-22,CEUTA,diesel,1.674,1.736,1.769,10
2026-09-22,CEUTA,dieselPlus,1.734,1.767,1.809,4
2026-09-22,CEUTA,g98,1.698,1.72,1.729,8
2026-09-22,CIUDAD REAL,g95,1.699,1.922,2.059,192
2026-09-22,CIUDAD REAL,g98,1.799,2.096,2.291,71
2026-09-22,CIUDAD REAL,diesel,1.699,1.93,2.065,212
2026-09-22,CIUDAD REAL,dieselPlus,1.799,2.026,2.149,61
2026-09-22,CÓRDOBA,g95,1.649,1.93,2.049,203
2026-09-22,CÓRDOBA,diesel,1.759,1.959,2.099,208
2026-09-22,CÓRDOBA,g98,1.849,2.076,2.179,66
2026-09-22,CÓRDOBA,dieselPlus,1.839,2.041,2.189,102
2026-09-22,CORUÑA (A),g95,1.799,1.974,2.099,282
2026-09-22,CORUÑA (A),diesel,1.779,1.952,2.089,284
2026-09-22,CORUÑA (A),g98,1.92,2.12,2.249,170
2026-09-22,CORUÑA (A),dieselPlus,1.819,2.021,2.169,165
2026-09-22,CUENCA,g95,1.719,1.974,2.109,107
2026-09-22,CUENCA,diesel,1.719,1.957,2.119,117
2026-09-22,CUENCA,dieselPlus,1.839,2.087,2.199,55
2026-09-22,CUENCA,g98,1.839,2.128,2.239,40
2026-09-22,GIPUZKOA,g95,1.699,1.97,2.069,131
2026-09-22,GIPUZKOA,diesel,1.699,1.974,2.089,144
2026-09-22,GIPUZKOA,g98,1.999,2.134,2.229,77
2026-09-22,GIPUZKOA,dieselPlus,1.827,2.062,2.189,80
2026-09-22,GIRONA,g95,1.71,1.939,2.122,257
2026-09-22,GIRONA,g98,1.898,2.104,2.289,154
2026-09-22,GIRONA,diesel,1.698,1.925,2.099,267
2026-09-22,GIRONA,dieselPlus,1.729,2.039,2.229,147
2026-09-22,GRANADA,g95,1.67,1.942,2.15,279
2026-09-22,GRANADA,g98,1.859,2.122,2.259,150
2026-09-22,GRANADA,diesel,1.67,1.937,2.15,283
2026-09-22,GRANADA,dieselPlus,1.7,2.04,2.162,171
2026-09-22,GUADALAJARA,g95,1.799,1.969,2.099,87
2026-09-22,GUADALAJARA,g98,1.889,2.139,2.219,44
2026-09-22,GUADALAJARA,diesel,1.789,1.973,2.085,89
2026-09-22,GUADALAJARA,dieselPlus,1.819,2.047,2.159,44
2026-09-22,HUELVA,g95,1.75,1.965,2.079,137
2026-09-22,HUELVA,diesel,1.783,1.976,2.259,142
2026-09-22,HUELVA,g98,1.928,2.135,2.5,48
2026-09-22,HUELVA,dieselPlus,1.829,2.075,2.179,61
2026-09-22,HUESCA,g95,1.713,1.936,2.08,111
2026-09-22,HUESCA,g98,1.969,2.095,2.179,52
2026-09-22,HUESCA,diesel,1.653,1.939,2.11,121
2026-09-22,HUESCA,dieselPlus,1.79,2.041,2.179,57
2026-09-22,JAÉN,g95,1.709,1.935,2.049,208
2026-09-22,JAÉN,g98,1.809,2.121,2.299,80
2026-09-22,JAÉN,diesel,1.759,1.968,2.099,212
2026-09-22,JAÉN,dieselPlus,1.829,2.06,2.259,101
2026-09-22,LEÓN,g95,1.719,1.952,2.049,159
2026-09-22,LEÓN,diesel,1.719,1.975,2.089,165
2026-09-22,LEÓN,dieselPlus,1.729,2.049,2.175,114
2026-09-22,LEÓN,g98,1.899,2.102,2.239,95
2026-09-22,LLEIDA,g95,1.708,1.879,2.079,165
2026-09-22,LLEIDA,diesel,1.596,1.888,2.099,181
2026-09-22,LLEIDA,dieselPlus,1.72,1.997,2.169,79
2026-09-22,LLEIDA,g98,1.821,2.061,2.225,78
2026-09-22,LUGO,g95,1.799,1.979,2.119,127
2026-09-22,LUGO,diesel,1.749,1.981,2.109,129
2026-09-22,LUGO,dieselPlus,1.859,2.078,2.159,66
2026-09-22,LUGO,g98,1.959,2.127,2.199,60
2026-09-22,MADRID,g95,1.769,1.955,2.159,857
2026-09-22,MADRID,diesel,1.779,1.965,2.169,862
2026-09-22,MADRID,g98,1.899,2.134,2.239,412
2026-09-22,MADRID,dieselPlus,1.819,2.045,2.229,454
2026-09-22,MÁLAGA,g95,1.75,1.968,2.099,301
2026-09-22,MÁLAGA,diesel,1.739,1.976,2.149,304
2026-09-22,MÁLAGA,dieselPlus,1.819,2.077,2.439,206
2026-09-22,MÁLAGA,g98,1.878,2.138,2.199,161
2026-09-22,MELILLA,g95,1.535,1.541,1.544,12
2026-09-22,MELILLA,diesel,1.505,1.522,1.527,12
2026-09-22,MELILLA,dieselPlus,1.567,1.572,1.587,8
2026-09-22,MURCIA,g95,1.698,1.926,2.269,433
2026-09-22,MURCIA,diesel,1.678,1.923,2.259,455
2026-09-22,MURCIA,dieselPlus,1.698,1.992,2.189,236
2026-09-22,MURCIA,g98,1.777,2.08,2.229,235
2026-09-22,NAVARRA,g95,1.699,1.927,2.089,218
2026-09-22,NAVARRA,diesel,1.719,1.906,2.089,242
2026-09-22,NAVARRA,dieselPlus,1.729,2.014,2.179,101
2026-09-22,NAVARRA,g98,1.889,2.132,2.199,61
2026-09-22,OURENSE,g95,1.829,1.972,2.059,87
2026-09-22,OURENSE,g98,1.919,2.096,2.179,62
2026-09-22,OURENSE,diesel,1.849,1.984,2.064,87
2026-09-22,OURENSE,dieselPlus,1.907,2.05,2.139,56
2026-09-22,PALENCIA,g95,1.837,2.005,2.109,66
2026-09-22,PALENCIA,g98,1.979,2.164,2.239,38
2026-09-22,PALENCIA,diesel,1.817,2.01,2.095,68
2026-09-22,PALENCIA,dieselPlus,1.869,2.1,2.185,45
2026-09-22,PALMAS (LAS),g95,1.369,1.504,1.649,255
2026-09-22,PALMAS (LAS),g98,1.402,1.634,1.759,224
2026-09-22,PALMAS (LAS),diesel,1.497,1.648,1.78,255
2026-09-22,PALMAS (LAS),dieselPlus,1.548,1.749,1.819,155
2026-09-22,PONTEVEDRA,g95,1.759,1.965,2.109,224
2026-09-22,PONTEVEDRA,diesel,1.789,1.966,2.069,226
2026-09-22,PONTEVEDRA,dieselPlus,1.839,2.06,2.169,143
2026-09-22,PONTEVEDRA,g98,1.869,2.117,2.299,135
2026-09-22,RIOJA (LA),g95,1.789,1.94,2.019,81
2026-09-22,RIOJA (LA),diesel,1.759,1.939,2.05,83
2026-09-22,RIOJA (LA),dieselPlus,1.889,2.042,2.135,39
2026-09-22,RIOJA (LA),g98,1.989,2.114,2.199,37
2026-09-22,SALAMANCA,g95,1.786,1.963,2.089,105
2026-09-22,SALAMANCA,diesel,1.78,1.958,2.029,109
2026-09-22,SALAMANCA,dieselPlus,1.865,2.051,2.119,63
2026-09-22,SALAMANCA,g98,1.874,2.112,2.179,51
2026-09-22,SANTA CRUZ DE TENERIFE,g95,1.385,1.565,1.822,242
2026-09-22,SANTA CRUZ DE TENERIFE,diesel,1.5,1.705,1.982,241
2026-09-22,SANTA CRUZ DE TENERIFE,g98,1.458,1.691,1.917,227
2026-09-22,SANTA CRUZ DE TENERIFE,dieselPlus,1.559,1.797,2.023,129
2026-09-22,SEGOVIA,g95,1.809,1.968,2.069,75
2026-09-22,SEGOVIA,diesel,1.819,1.965,2.104,76
2026-09-22,SEGOVIA,dieselPlus,1.829,2.047,2.189,43
2026-09-22,SEGOVIA,g98,1.899,2.145,2.257,37
2026-09-22,SEVILLA,g95,1.728,1.927,2.099,434
2026-09-22,SEVILLA,diesel,1.62,1.941,2.174,441
2026-09-22,SEVILLA,dieselPlus,1.799,2.05,2.259,233
2026-09-22,SEVILLA,g98,1.799,2.123,2.229,146
2026-09-22,SORIA,g95,1.769,1.941,2.059,42
2026-09-22,SORIA,g98,1.879,2.131,2.215,17
2026-09-22,SORIA,diesel,1.752,1.915,2.039,41
2026-09-22,SORIA,dieselPlus,1.81,2,2.139,20
2026-09-22,TARRAGONA,g95,1.465,1.928,2.085,214
2026-09-22,TARRAGONA,diesel,1.699,1.917,2.2,227
2026-09-22,TARRAGONA,g98,1.849,2.107,2.199,123
2026-09-22,TARRAGONA,dieselPlus,1.729,2.027,2.209,122
2026-09-22,TERUEL,g95,1.719,1.938,2.059,64
2026-09-22,TERUEL,diesel,1.74,1.923,2.039,69
2026-09-22,TERUEL,dieselPlus,1.792,2.052,2.129,33
2026-09-22,TERUEL,g98,1.829,2.092,2.219,30
2026-09-22,TOLEDO,g95,1.679,1.957,2.154,238
2026-09-22,TOLEDO,g98,1.827,2.134,2.259,118
2026-09-22,TOLEDO,diesel,1.709,1.96,2.199,241
2026-09-22,TOLEDO,dieselPlus,1.749,2.04,2.264,117
2026-09-22,VALENCIA / VALÈNCIA,g95,1.677,1.916,2.113,608
2026-09-22,VALENCIA / VALÈNCIA,diesel,1.699,1.902,2.119,622
2026-09-22,VALENCIA / VALÈNCIA,g98,1.729,2.122,2.329,274
2026-09-22,VALENCIA / VALÈNCIA,dieselPlus,1.739,2.007,2.189,304
2026-09-22,VALLADOLID,g95,1.699,1.957,2.079,144
2026-09-22,VALLADOLID,diesel,1.699,1.952,2.099,149
2026-09-22,VALLADOLID,dieselPlus,1.729,2.045,2.169,76
2026-09-22,VALLADOLID,g98,1.899,2.176,2.239,69
2026-09-22,ZAMORA,g95,1.779,1.965,2.099,79
2026-09-22,ZAMORA,g98,1.909,2.13,2.239,44
2026-09-22,ZAMORA,diesel,1.76,1.959,2.079,85
2026-09-22,ZAMORA,dieselPlus,1.838,2.069,2.169,50
2026-09-22,ZARAGOZA,g95,1.708,1.941,2.049,216
2026-09-22,ZARAGOZA,g98,1.869,2.125,2.209,92
2026-09-22,ZARAGOZA,diesel,1.706,1.929,2.049,228
2026-09-22,ZARAGOZA,dieselPlus,1.753,2.002,2.129,85
